JLPTN3_5	실로 짜다	천을 꿰매는 대신 실을 서로 걸어 옷의 모양을 만들어요.	縫う	바늘로 천을 이어 붙이는 것과 달리 실 자체를 엮어 만든다.	祖母が私の手袋を[編んで/あんで]くれた。	할머니가 내 장갑을 [짜] 주셨다.	この毛糸でマフラーを[編みたい/あみたい]な。	이 털실로 목도리를 [짜고 싶네].
JLPTN3_8	서두르다	시간에 맞추려고 행동을 빨리해요. 당황해서 침착함을 잃는 것과는 달라요.	慌てる	당황해서 침착함을 잃는 것과 달리 속도를 높이는 행동에 초점이 있다.	閉店まで十分しかないから、[急ごう/いそごう]。	폐점까지 십 분밖에 없으니 [서두르자].	そんなに[急がなくても/いそがなくても]、電車には間に合うよ。	그렇게 [서두르지 않아도] 전철 시간에 맞출 수 있어.
JLPTN3_11	물건을 받다	건네거나 보내온 것이 내 손에 들어와요. 받는 사람 쪽의 행동이에요.	渡す	건네는 사람의 행동과 받는 사람의 행동이 반대다.	宅配便は隣の部屋の人が[受け取った/うけとった]そうだ。	택배는 옆방 사람이 [받았다]고 한다.	卒業証書を[受け取る/うけとる]とき、手が震えた。	졸업장을 [받을] 때 손이 떨렸다.
JLPTN3_14	다른 곳으로 옮기다	내가 다른 장소로 옮겨 가요. 다른 물건을 옮기는 행동과 구별해요.	移す	대상을 옮기는 타동사와 달리 주체 자신이 다른 곳으로 이동한다.	来月から大阪の支店に[移ります/うつります]。	다음 달부터 오사카 지점으로 [옮깁니다].	日差しが強いね。木の下に[移ろう/うつろう]か。	햇볕이 강하네. 나무 아래로 [옮길까]?
JLPTN3_17	다 팔리다	상품이 하나도 남지 않은 상태가 돼요. 판매자가 다 파는 행동과 구별해요.	売り切る	판매자가 전부 파는 행동과 달리 상품이 남지 않은 상태가 되는 것을 나타낸다.	限定のパンは朝九時に[売り切れた/うりきれた]。	한정 판매 빵은 아침 아홉 시에 [다 팔렸다].	券が[売り切れる/うりきれる]前に、予約しておこう。	표가 [매진되기] 전에 예약해 두자.
JLPTN3_20	누르다	표면에 힘을 가해 안쪽으로 움직이게 해요. 세게 때리는 것과 달라요.	叩く	손이나 도구로 두드리는 것과 달리 힘을 주어 누르는 동작이다.	赤いボタンは、何かあったときだけ[押して/おして]ください。	빨간 버튼은 무슨 일이 있을 때만 [눌러] 주세요.	呼び鈴を二度[押した/おした]が、返事はなかった。	초인종을 두 번 [눌렀지만] 대답이 없었다.
JLPTN3_23	외우다	새 내용을 머릿속에 넣어요. 이미 아는 것을 떠올리는 것과 구별해요.	思い出す	이미 기억한 것을 되살리는 일과 새로 기억에 넣는 일을 구별한다.	歌いながらなら、九九も楽しく[覚えられる/おぼえられる]。	노래를 부르면서라면 구구단도 즐겁게 [외울 수 있다].	暗証番号を[覚えた/おぼえた]つもりだったのに、出てこない。	비밀번호를 [외웠다고] 생각했는데 떠오르지 않는다.
JLPTN3_26	교체하다	쓰던 것을 다른 것으로 대체해요. 상태만 바꾸는 것과 구별해요.	変える	상태나 방식을 바꾸는 뜻이 넓은 말과 달리 다른 것으로 대체하는 데 초점을 둔다.	電池を[替えた/かえた]のに、時計が動かない。	건전지를 [교체했는데도] 시계가 움직이지 않는다.	汗をかいたから、シャツを[替えて/かえて]くるね。	땀이 났으니 셔츠를 [갈아입고] 올게.
JLPTN3_30	둘러싸다	대상을 가운데 두고 주위에 자리 잡아요. 울타리를 만드는 행동만은 아니에요.	囲う	울타리 등으로 경계를 치는 용법과 달리 여럿이 주변에 모이는 장면에도 쓴다.	旅館では、みんなで鍋を[囲んだ/かこんだ]。	여관에서는 모두 함께 전골 냄비를 가운데 놓고 [둘러앉았다].	池を[囲む/かこむ]桜が、今ちょうど満開です。	연못을 [둘러싼] 벚나무가 지금 한창 만개했어요.
JLPTN3_35	식물이 말라 죽다	식물이 말라 생명력을 잃어요. 잠시 축 처지는 것보다 심해요.	しおれる	일시적으로 축 처지는 상태보다 말라 생명력을 잃는 변화에 초점을 둔다.	留守の間に、ベランダの花が[枯れて/かれて]しまった。	집을 비운 사이 베란다의 꽃이 [말라 죽어] 버렸다.	この枝はもう[枯れている/かれている]から、切っても大丈夫だよ。	이 가지는 이미 [말라 죽었으니] 잘라도 괜찮아.
JLPTN3_38	싫어하다	싫어서 멀리하려 해요. 증오처럼 강한 감정까지 뜻하지는 않아요.	憎む	강한 원망이나 증오까지 뜻하는 말보다 넓은 기피 감정이다.	父は人前で褒められるのを[嫌う/きらう]。	아버지는 남들 앞에서 칭찬받는 것을 [싫어하신다].	理由も聞かずに彼を[嫌わないで/きらわないで]ほしい。	이유도 듣지 않고 그를 [싫어하지 않았으면] 좋겠다.
JLPTN3_41	짝을 이루다	다른 사람과 한 조를 이뤄요. 부품을 조립한다는 뜻이 아니에요.	組み立てる	부품을 조립하는 뜻과 달리 여기서는 사람끼리 한 조를 만든다.	次の試合は先輩と[組む/くむ]ことになった。	다음 경기는 선배와 [짝을 이루게] 되었다.	まだ相手がいないなら、私と[組みませんか/くみませんか]。	아직 상대가 없으면 저와 [짝을 이루지 않을래요]?
JLPTN3_44	끄다	켜진 불이나 전원을 꺼요. 누군가가 끄는 행동이에요.	消える	불이 꺼지는 변화와 누군가 불을 끄는 행동을 구별한다.	寝る前に廊下の電気を[消して/けして]ね。	자기 전에 복도 불을 [꺼] 줘.	誰かがテレビを[消した/けした]途端、部屋が静かになった。	누군가 텔레비전을 [끄자마자] 방이 조용해졌다.
JLPTN3_47	거절하다	부탁이나 초대를 받아들이지 않겠다고 해요. 거부보다 일상적이고 폭넓게 써요.	拒む	둘 다 거절할 수 있지만 이 말은 부탁과 초대를 사양하는 일상 상황에도 흔하고, 비교 표현은 강하게 받아들이지 않는 느낌이 나기 쉽다.	その日は出張なので、招待を[断った/ことわった]。	그날은 출장이 있어서 초대를 [거절했다].	無理な頼みなら、はっきり[断って/ことわって]いいんだよ。	무리한 부탁이면 분명히 [거절해도] 돼.
JLPTN3_50	잠에서 깨다	자던 중 의식이 돌아와요. 침대에서 일어나지 않아도 돼요.	起きる	침대에서 일어나는 행동까지 포함할 수 있는 말과 달리 잠이 깨는 변화에 초점이 있다.	雷の音で目が[覚めた/さめた]。	천둥소리에 잠이 [깼다].	まだ夜中なのに、すっかり目が[覚めて/さめて]しまった。	아직 한밤중인데 잠이 완전히 [깨] 버렸다.
JLPTN3_53	가라앉다	물속에서 아래로 내려가요. 물 위에서 그냥 떨어지는 것과 달라요.	落ちる	일반적인 낙하보다 물속으로 가라앉는 이동에 초점을 둔다.	投げた石は泡を残して川に[沈んだ/しずんだ]。	던진 돌은 거품을 남기고 강에 [가라앉았다].	このおもちゃは水に入れても[沈まない/しずまない]よ。	이 장난감은 물에 넣어도 [가라앉지 않아].
JLPTN3_56	물기를 짜다	젖은 천에 힘을 가해 물을 빼요. 증발시켜 말리는 것과 달라요.	乾かす	물기를 증발시켜 말리는 것과 달리 힘을 가해 액체를 빼낸다.	雑巾をよく[絞って/しぼって]から、床を拭いてください。	걸레를 잘 [짜고] 바닥을 닦아 주세요.	タオルを片手で[絞る/しぼる]のは難しいね。	수건을 한 손으로 [짜기는] 어렵네.
JLPTN3_59	믿다	말이나 사실을 참으로 받아들여요. 누군가에게 의지하는 것과는 달라요.	頼る	상대의 도움에 기대는 행동보다 말이나 사실이 참이라고 받아들이는 태도다.	最初は冗談だと思って、誰も[信じなかった/しんじなかった]。	처음에는 농담인 줄 알고 아무도 [믿지 않았다].	写真一枚だけで、その話を[信じて/しんじて]いいのかな。	사진 한 장만으로 그 이야기를 [믿어도] 될까?
JLPTN3_62	키우다	돌보고 필요한 것을 주어 자라게 해요. 키우는 쪽의 행동이에요.	育つ	대상이 자라는 것과 달리 누군가가 돌보아 자라게 하는 행동이다.	今年は種からトマトを[育てている/そだてている]。	올해는 씨앗부터 토마토를 [키우고 있다].	この鳥を家で[育てる/そだてる]には、広いかごが必要です。	이 새를 집에서 [키우려면] 넓은 새장이 필요합니다.
JLPTN3_65	싸우다	상대를 이기려고 직접 맞서요. 말이나 이해관계의 다툼보다 전투에 가까워요.	争う	다투거나 경쟁하는 뜻이 겹치지만 실제 맞서 싸우는 행동을 분명히 나타낸다.	けがをしても、選手は最後まで[戦った/たたかった]。	다쳤어도 선수는 마지막까지 [싸웠다].	一人で敵と[戦う/たたかう]なんて、危険すぎる。	혼자 적과 [싸우다니] 너무 위험해.
JLPTN3_68	입을 다물다	하던 말을 멈추거나 아무 말도 하지 않아요. 주변 전체가 조용해지는 것과 달라요.	静まる	주변 전체가 조용해지는 것과 달리 사람이 말을 하지 않는 행동이다.	久しぶりに父の厳しい声を聞いて、弟は[黙った/だまった]。	오랜만에 아버지의 엄한 목소리를 듣고 남동생은 [입을 다물었다].	[黙って/だまって]いないで、何があったか話して。	[입 다물고] 있지 말고 무슨 일이 있었는지 말해 줘.
JLPTN3_71	지치다	활동 때문에 힘이 줄어요. 같은 일이 싫증 나는 것과 구별해요.	飽きる	반복으로 흥미가 사라지는 것과 달리 피로가 생기는 것이다.	引っ越しの手伝いで、体がすっかり[疲れた/つかれた]。	이사를 도와주느라 몸이 완전히 [지쳤다].	人に気を使いすぎると、[疲れます/つかれます]よ。	남에게 너무 신경 쓰면 [지쳐요].
JLPTN3_74	근무하다	회사나 기관에 소속되어 일해요. 노동하는 행동보다 근무처가 중심이에요.	働く	일하는 행동을 넓게 나타내는 말과 달리 근무하는 소속을 말할 때 잘 쓴다.	姉は駅前の銀行に[勤めている/つとめている]。	언니는 역 앞 은행에 [근무하고 있다].	その会社には何年[勤めた/つとめた]んですか。	그 회사에는 몇 년 [근무하셨나요]?
JLPTN3_77	녹다	고체 자체가 액체로 변해요. 누군가가 녹이는 쪽의 행동과 구별해요.	溶かす	누군가 녹이는 행동과 달리 물질 자체가 녹는 변화다.	撮影している間に、アイスが[溶けて/とけて]しまうよ。	촬영하는 동안 아이스크림이 [녹아] 버리겠어.	屋根の雪が[溶けた/とけた]ので、下に水が落ちてくる。	지붕의 눈이 [녹아서] 아래로 물이 떨어진다.
JLPTN3_80	날다	공중을 이동해요. 땅에서 뛰어오르는 동음어와 구별해요.	跳ぶ	발로 땅을 차고 뛰어오르는 동작과 달리 하늘을 나는 뜻이다.	窓の外を白い鳥が[飛んでいった/とんでいった]。	창밖으로 하얀 새가 [날아갔다].	この小さな機体で海を越えて[飛べる/とべる]の？	이 작은 기체로 바다를 건너 [날 수 있어]?
JLPTN3_83	울다	감정 때문에 눈물을 흘려요. 동물의 울음소리와 표기가 달라요.	鳴く	새나 동물의 울음소리를 나타내는 동음어와 구별한다.	映画の結末を見て、父まで[泣いていた/ないていた]。	영화 결말을 보고 아버지까지 [울고 있었다].	[泣きたい/なきたい]ときは、無理に笑わなくていいよ。	[울고 싶을] 때는 억지로 웃지 않아도 돼.
JLPTN3_86	줄을 서다	사람들이 줄지어 자리해요. 다른 대상을 배열하는 행동과 달라요.	並べる	대상을 배열하는 행동과 달리 주체가 줄지어 있는 것이다.	開店前から十人ほど[並んでいた/ならんでいた]。	개점 전부터 열 명 정도 [줄을 서 있었다].	券を買う人は、この線の後ろに[並んで/ならんで]ください。	표를 살 분은 이 선 뒤에 [줄을 서] 주세요.
JLPTN3_89	도망치다	위험이나 추적에서 멀리 달아나요. 미리 접촉을 피하는 것과 달라요.	避ける	위험을 만나지 않게 피하는 것보다 이미 닥친 위험이나 추적에서 벗어나 달아나는 데 초점을 둔다.	猫は足音を聞いて、塀の向こうへ[逃げた/にげた]。	고양이는 발소리를 듣고 담 너머로 [도망쳤다].	煙が見えたら、すぐ外へ[逃げて/にげて]ください。	연기가 보이면 곧바로 밖으로 [피해] 주세요.
JLPTN3_92	잠들어 자다	실제 잠든 상태예요. 단순히 누워 쉬는 것과 구별해요.	寝る	몸을 눕히는 뜻도 있는 말과 달리 실제 수면 상태에 초점을 둔다.	赤ちゃんは母の腕の中で[眠っている/ねむっている]。	아기는 엄마 품에서 [자고 있다].	明日が楽しみで、なかなか[眠れない/ねむれない]。	내일이 기대되어 좀처럼 [잠들 수 없다].
JLPTN3_95	나다	풀·털·이 등이 돋아나요. 그 대상을 기르는 쪽의 행동과 구별해요.	生やす	풀이나 털 등이 자라 나오는 변화와 누군가 그것을 기르는 행동을 구별한다.	抜けた歯のあとに、新しい歯が[生えてきた/はえてきた]。	빠진 이 자리에 새 이가 [나기 시작했다].	石の隙間にも草が[生える/はえる]んだね。	돌 틈에도 풀이 [나는구나].
JLPTN3_98	운반하다	물건을 다른 장소로 가져가요. 손에 들고만 있는 것과 달라요.	持つ	손에 들고 있는 것보다 장소 사이의 이동에 초점이 있다.	この机、一人では[運べません/はこべません]。	이 책상은 혼자서는 [운반할 수 없어요].	厨房からスープを[運ぶ/はこぶ]途中で、少しこぼした。	주방에서 수프를 [나르던] 도중 조금 쏟았다.
JLPTN3_102	일을 맡다	부탁받은 일을 책임지고 하겠다고 해요. 물건 보관을 맡는 것과 달라요.	預かる	물건 등을 받아 보관하는 것보다 일이나 역할을 책임지고 맡는 데 초점을 둔다.	人が足りず、私が司会を[引き受けた/ひきうけた]。	사람이 부족해서 내가 사회를 [맡았다].	締め切りを聞いてからでないと、その仕事は[引き受けられない/ひきうけられない]。	마감을 듣기 전에는 그 일을 [맡을 수 없다].
JLPTN3_105	막다	피해나 침입이 생기지 못하게 해요. 지킬 대상보다 막을 일이 중심이에요.	守る	대상을 보호한다는 뜻과 겹치지만 여기서는 피해의 발생을 저지하는 데 초점을 둔다.	この網で虫が入るのを[防げる/ふせげる]。	이 망으로 벌레가 들어오는 것을 [막을 수 있다].	同じ事故を[防ぐ/ふせぐ]ために、入口の配置を変えた。	같은 사고를 [막기] 위해 입구 배치를 바꿨다.
JLPTN3_108	구부리다	곧은 대상을 굽혀요. 굽혀지는 대상보다 힘을 가하는 쪽의 행동이에요.	曲がる	자체가 굽는 변화와 달리 대상을 굽히는 행동이다.	膝を軽く[曲げて/まげて]、その姿勢を保ってください。	무릎을 가볍게 [굽히고] 그 자세를 유지해 주세요.	針金を[曲げた/まげた]ら、小さな輪ができた。	철사를 [구부렸더니] 작은 고리가 생겼다.
JLPTN3_111	배우다	경험이나 가르침에서 지식을 얻어요. 선생님에게 배우는 경우만은 아니에요.	習う	가르침을 받는 경우에 초점을 둔 말보다 경험을 통한 배움까지 넓게 나타낸다.	祖父から野菜の育て方を[学んだ/まなんだ]。	할아버지에게 채소 기르는 법을 [배웠다].	失敗から何を[学べる/まなべる]か、考えてみよう。	실패에서 무엇을 [배울 수 있는지] 생각해 보자.
JLPTN3_114	돌리다	대상을 축 주위로 움직여요. 회전하는 대상보다 돌리는 쪽에 초점이 있어요.	回る	대상이 회전하는 것과 달리 사람이 회전시키는 행동이다.	ハンドルを右に[回す/まわす]と、扉が開きます。	손잡이를 오른쪽으로 [돌리면] 문이 열립니다.	硬いふたを両手で[回した/まわした]が、開かなかった。	뻑뻑한 뚜껑을 두 손으로 [돌렸지만] 열리지 않았다.
JLPTN3_117	신청하다	참가나 이용 의사를 정식으로 전해요. 자리를 미리 확보하는 것만은 아니에요.	予約する	자리나 시간을 미리 확보하는 뜻보다 참가와 이용 의사를 제출하는 데 초점이 있다.	料理教室には、もう[申し込みました/もうしこみました]か。	요리 교실에는 벌써 [신청하셨나요]?	締め切りの五分前に、なんとか大会に[申し込んだ/もうしこんだ]。	마감 오 분 전에 간신히 대회에 [신청했다].
JLPTN3_120	찢다	종이나 천을 당겨 갈라요. 가위로 자르는 것과 구별해요.	切る	칼이나 가위로 자르는 것과 달리 찢어 분리하는 장면에 쓴다.	封筒を勢いよく[破った/やぶった]ら、中の手紙まで切れた。	봉투를 세게 [찢었더니] 안의 편지까지 찢어졌다.	その紙は[破らないで/やぶらないで]。裏も使えるから。	그 종이는 [찢지 마]. 뒷면도 쓸 수 있으니까.
JLPTN3_123	흔들리다	대상 자체가 이리저리 움직여요. 사람이 흔드는 쪽과 구별해요.	揺らす	누군가 흔드는 행동과 달리 대상 자체가 흔들리는 모습이다.	風がないのに、カーテンが[揺れている/ゆれている]。	바람이 없는데도 커튼이 [흔들리고 있다].	船が大きく[揺れた/ゆれた]ので、手すりにつかまった。	배가 크게 [흔들려서] 난간을 붙잡았다.
JLPTN3_126	건네다	손에 있던 것을 상대에게 넘겨요. 주는 쪽의 행동이에요.	受け取る	건네는 쪽과 받는 쪽이 반대다.	お釣りを[渡す/わたす]前に、お客さんが店を出てしまった。	거스름돈을 [건네기] 전에 손님이 가게를 나가 버렸다.	このメモを山田さんに[渡して/わたして]もらえますか。	이 메모를 야마다 씨에게 [전해] 주실 수 있나요?
JLPTN3_133	아름답다	미적인 감동을 주는 아름다움이에요. 청결하다는 뜻과는 달라요.	きれいだ	깨끗하다는 뜻도 있는 말과 달리 미적인 아름다움을 직접 나타낸다.	湖に映る夕焼けが[美しかった/うつくしかった]。	호수에 비친 저녁노을이 [아름다웠다].	なんて[美しい/うつくしい]声なんだろう。思わず足を止めた。	참 [아름다운] 목소리다. 나도 모르게 걸음을 멈췄다.
JLPTN3_137	맵다	입안이 얼얼한 매운맛이에요. 쓰거나 짜다는 맛과 구별해요.	苦い	쓴맛과 매운 자극을 구별한다.	このカレー、見た目より[辛い/からい]ね。	이 카레는 보기보다 [맵네].	子供も食べるので、あまり[辛くしないで/からくしないで]ください。	아이도 먹으니 너무 [맵게 하지 말아] 주세요.
JLPTN3_141	괴롭다	몸이나 마음에 고통이 있어요. 일이 어렵다는 평가만은 아니에요.	難しい	일의 난도보다 신체적 또는 정신적 고통을 나타낸다.	坂を走ったら、息が[苦しくなった/くるしくなった]。	비탈길을 달렸더니 숨쉬기가 [힘들어졌다].	誰にも相談できないのは[苦しい/くるしい]ね。	아무에게도 상담할 수 없다는 건 [괴롭겠네].
JLPTN3_148	가늘다	줄이나 막대의 굵기가 작아요. 판의 두께가 얇은 것과 달라요.	薄い	두께가 얇은 것과 달리 줄이나 기둥 등의 굵기가 작다는 뜻이다.	この糸は[細すぎて/ほそすぎて]、暗い場所では見えない。	이 실은 [너무 가늘어서] 어두운 곳에서는 보이지 않는다.	苗を支えるには、もう少し[細い/ほそい]棒で十分です。	모종을 지탱하려면 조금 더 [가는] 막대기로도 충분해요.
JLPTN3_151	짧다	한쪽 끝에서 다른 끝까지가 짧아요. 높이가 낮다는 뜻과 달라요.	低い	높이의 정도와 달리 길이를 말한다.	このひもでは[短くて/みじかくて]、箱を結べない。	이 끈으로는 [짧아서] 상자를 묶을 수 없다.	髪を[短くしたら/みじかくしたら]、乾かすのが楽になった。	머리를 [짧게 했더니] 말리기 편해졌다.
JLPTN3_156	일반적이다	방식이나 습관이 널리 퍼져 있어요. 특별하지 않다는 평가보다 분포가 중심이에요.	普通だ	특별하지 않다는 평가보다 사회적으로 널리 퍼진 양상을 말할 때 어울린다.	この地域では、冬に漬物を作るのが[一般的だ/いっぱんてきだ]。	이 지역에서는 겨울에 절임을 만드는 것이 [일반적이다].	昔は現金払いが[一般的だった/いっぱんてきだった]が、今はカードも使える。	예전에는 현금 결제가 [일반적이었지만] 지금은 카드도 쓸 수 있다.
JLPTN3_162	활발하다	활동이 많이 활발하게 이루어져요. 행사가 화려하고 큰 것과 달라요.	盛大だ	행사의 규모가 크고 화려한 것보다 활동이 활발한 상태를 나타낸다.	この港では、昔から外国との貿易が[盛んだ/さかんだ]。	이 항구에서는 예부터 외국과의 무역이 [활발하다].	意見交換が[盛んな/さかんな]授業で、眠る暇もなかった。	의견 교환이 [활발한] 수업이라 졸 틈도 없었다.
JLPTN3_165	주요하다	전체의 중심이 되는 중요한 부분이에요. 비슷한 일상어보다 격식 있는 말이에요.	主な	뜻이 크게 겹치며 이 말은 보고서나 격식 있는 설명에 특히 잘 쓰인다.	[主要な/しゅような]駅には、英語の案内もある。	[주요한] 역에는 영어 안내도 있다.	時間がないので、[主要な/しゅような]変更点だけ説明します。	시간이 없으므로 [주요한] 변경점만 설명하겠습니다.
JLPTN3_172	대표적이다	여럿을 대표할 만한 예예요. 전형적 특징이라는 뜻과 겹쳐요.	典型的だ	전형적인 특징이라는 뜻과 겹치지만 집단을 대표할 만한 예라는 데 무게가 있다.	富士山は日本の[代表的な/だいひょうてきな]風景の一つです。	후지산은 일본의 [대표적인] 풍경 중 하나입니다.	まず、この作家の[代表的な/だいひょうてきな]作品を一冊読んでみたい。	우선 이 작가의 [대표적인] 작품을 한 권 읽어 보고 싶다.
JLPTN3_175	잘하다	능숙하거나 자신 있는 분야예요. 좋아한다고 꼭 잘하는 것은 아니에요.	好きだ	좋아하는 마음과 실제로 능숙하거나 자신 있는 것은 다르다.	妹は暗算が[得意で/とくいで]、答えがすぐ出る。	여동생은 암산을 [잘해서] 답이 금방 나온다.	料理は[得意ではない/とくいではない]けれど、卵焼きなら作れます。	요리를 [잘하지는 않지만] 달걀말이라면 만들 수 있어요.
JLPTN3_180	무사하다	사건을 겪고도 다친 곳 없이 안전해요. 탈이 없다는 결과가 중심이에요.	安全だ	위험이 없다는 일반적 상태보다 사건을 겪고도 탈이 없음을 말하기 좋다.	家族全員が[無事だ/ぶじだ]と聞いて、力が抜けた。	가족 모두가 [무사하다는] 말을 듣고 긴장이 풀렸다.	荷物は壊れたけれど、中の写真は[無事だった/ぶじだった]。	짐은 부서졌지만 안의 사진은 [무사했다].
JLPTN3_184	구멍	한 표면에 뚫리거나 파인 곳이에요. 물체 사이의 틈과 구별해요.	隙間	물체 사이에 생긴 틈과 달리 한 표면에 뚫리거나 파인 부분이다.	靴下のかかとに[穴/あな]が開いているよ。	양말 뒤꿈치에 [구멍]이 났어.	庭に深い[穴/あな]を掘ったら、古い瓶が出てきた。	마당에 깊은 [구멍]을 팠더니 오래된 병이 나왔다.
JLPTN3_189	행선지	앞으로 가서 도착할 곳이에요. 목적지와 뜻이 겹치는 일상적인 말이에요.	目的地	뜻이 겹치며 이 말은 버스와 열차의 행선지를 말할 때 흔하고, 비교 표현은 여정의 최종 목적 지점에 초점이 있다.	切符を買う前に、列車の[行き先/いきさき]を確かめた。	표를 사기 전에 열차의 [행선지]를 확인했다.	「[行き先/いきさき]は？」「まだ決めていない旅なんです。」	“[행선지]가 어디죠?” “아직 정하지 않고 하는 여행이에요.”
JLPTN3_192	판자	넓고 평평한 나무 재료예요. 길쭉한 막대와 모양이 달라요.	棒	길쭉한 막대와 달리 폭이 있고 평평한 모양이다.	余った[板/いた]で、猫のための棚を作った。	남은 [판자]로 고양이를 위한 선반을 만들었다.	その[板/いた]には釘が出ているから、触らないで。	그 [판자]에는 못이 나와 있으니 만지지 마.
JLPTN3_195	이전	가게나 사무소의 소재지를 옮겨요. 가정의 이사보다 격식 있는 말이에요.	引っ越し	집을 옮기는 일에도 흔히 쓰는 말보다 기관이나 점포의 위치 이동에 잘 쓰인다.	店の[移転/いてん]を知らずに、古い住所へ来てしまった。	가게의 [이전]을 몰라서 옛 주소로 와 버렸다.	来月の[移転/いてん]に備えて、事務所の書類を整理している。	다음 달 [이전]에 대비해 사무실 서류를 정리하고 있다.
JLPTN3_198	우회전	진행 방향에서 오른쪽으로 돌아가요.	左折	돌아가는 방향이 왼쪽인 것과 구별한다.	次の交差点は[右折/うせつ]禁止です。	다음 교차로는 [우회전] 금지입니다.	[右折/うせつ]の車を先に通してから、横断歩道を渡った。	[우회전] 차량을 먼저 보낸 뒤 횡단보도를 건넜다.
JLPTN3_201	영양	몸에 필요한 영양을 넓게 말해요. 하나하나의 성분을 가리키는 말과 달라요.	栄養素	개별 성분을 가리키는 말과 달리 몸에 필요한 영양을 포괄적으로 말한다.	忙しくても、[栄養/えいよう]のバランスは大切にしたい。	바빠도 [영양] 균형은 중요하게 생각하고 싶다.	このスープなら、野菜の[栄養/えいよう]も取れそうだね。	이 수프라면 채소의 [영양]도 섭취할 수 있겠네.
JLPTN3_204	연주	악기로 음악을 들려주는 일이에요. 악기 연주 전반을 말해요.	弾く	피아노나 현악기를 연주하는 동사와 달리 악기 종류에 관계없이 연주 행위를 나타내는 명사다.	駅でのピアノの[演奏/えんそう]に、人が集まってきた。	역에서 하는 피아노 [연주]에 사람들이 모여들었다.	[演奏/えんそう]が終わるまで、携帯電話はしまっておこう。	[연주]가 끝날 때까지 휴대전화는 넣어 두자.
JLPTN3_207	횡단	길이나 지역을 가로질러요. 세로로 길게 지나는 것과 방향이 달라요.	縦断	세로로 길게 지나가는 것과 가로 방향으로 건너는 것을 구별한다.	ここは車が多いので、道路の[横断/おうだん]は危険です。	여기는 차가 많으므로 도로 [횡단]은 위험합니다.	祖父は若い頃、大陸[横断/おうだん]の旅をしたそうだ。	할아버지는 젊을 때 대륙 [횡단] 여행을 하셨다고 한다.
JLPTN3_210	응용	배운 것을 다른 문제에 활용해요. 원리를 외우기만 하는 것과 달라요.	暗記	내용을 외우는 것과 달리 배운 것을 다른 상황에 활용한다.	基本は分かるのに、[応用/おうよう]問題になると手が止まる。	기본은 아는데 [응용] 문제가 되면 손이 멈춘다.	この技術の医療への[応用/おうよう]が期待されている。	이 기술의 의료 분야 [응용]이 기대되고 있다.
JLPTN3_213	온천	땅속에서 솟는 온수를 이용해요. 일반 목욕탕과 물의 근원이 달라요.	銭湯	일반 대중목욕탕과 달리 자연에서 솟는 온수를 바탕으로 한다.	雪を見ながら[温泉/おんせん]に入るのが夢だった。	눈을 보며 [온천]에 들어가는 것이 꿈이었다.	この村では、畑を掘っていたら[温泉/おんせん]が出たらしい。	이 마을에서는 밭을 파다가 [온천]이 나왔다고 한다.
JLPTN3_216	회수	나눠졌거나 사용된 물건을 다시 거둬요. 취미로 수집하는 것과 달라요.	収集	폭넓게 수집하는 것보다 배포된 것이나 쓰인 것을 거둬들이는 데 초점이 있다.	使用済みの電池は、入口の[回収/かいしゅう]箱へお願いします。	다 쓴 건전지는 입구의 [회수]함에 넣어 주세요.	答案の[回収/かいしゅう]が終わるまで、席に座っていてください。	답안지 [회수]가 끝날 때까지 자리에 앉아 계세요.
JLPTN3_220	확인	내용이나 상태가 맞는지 살펴요. 허가를 내리는 절차와는 달라요.	承認	맞는지 살피는 것과 공식적으로 허가하는 것은 다르다.	支払いの前に、金額の[確認/かくにん]をお願いします。	결제 전에 금액 [확인]을 부탁드립니다.	予約の[確認/かくにん]メールが届かなくて、不安になった。	예약 [확인] 메일이 오지 않아 불안해졌다.
JLPTN3_223	밑줄	글자 아래에 긋는 선이에요. 초안을 뜻하는 비슷한 말과 달라요.	下書き	글의 초안을 말하는 것과 글자 밑의 선을 구별한다.	大事な日付には、赤で[下線/かせん]を引いた。	중요한 날짜에는 빨간색으로 [밑줄]을 그었다.	[下線/かせん]のある部分だけ、声に出して読んでください。	[밑줄]이 있는 부분만 소리 내어 읽어 주세요.
JLPTN3_226	한쪽	짝을 이루는 둘 중 하나예요. 다른 편이라는 관계보다 하나만인 점이 중심이에요.	もう片方	어느 한쪽을 가리키는 것과 앞서 언급한 쪽의 짝인 다른 한쪽을 가리키는 것을 구별한다.	手袋が[片方/かたほう]しか見つからない。	장갑이 [한쪽]밖에 보이지 않는다.	このイヤホン、[片方/かたほう]から音が出ないんです。	이 이어폰은 [한쪽]에서 소리가 안 나요.
JLPTN3_229	활기	장소나 집단에 생동감이 있어요. 개인의 건강 상태보다 주변 분위기예요.	元気	개인의 건강이나 기운보다 장소와 집단의 생동감을 표현하기 좋다.	朝の市場は[活気/かっき]に満ちていた。	아침 시장은 [활기]로 가득했다.	新しい店ができて、商店街に[活気/かっき]が戻った。	새 가게가 생기면서 상점가에 [활기]가 돌아왔다.
JLPTN3_232	가정	사실이라고 단정하지 않고 생각의 전제로 놓아요. 설명을 검증하는 가설과 구별해요.	仮説	仮定는 논의를 위해 일단 세우는 조건이고, 仮説는 현상을 설명하려고 세워 검증하는 생각이다.	雨が降るという[仮定/かてい]で、会場を選んだ。	비가 온다는 [가정] 아래 장소를 골랐다.	その計算には、全員が参加するという[仮定/かてい]がある。	그 계산에는 전원이 참가한다는 [가정]이 있다.
JLPTN3_236	간격	두 대상 사이의 거리나 시간이에요. 몸으로 느끼는 동음어와 달라요.	感覚	발음은 같지만 몸으로 느끼는 감각과는 뜻이 다르다.	苗は三十センチの[間隔/かんかく]で植えてください。	모종은 삼십 센티미터 [간격]으로 심어 주세요.	休日はバスの[間隔/かんかく]が長くなる。	휴일에는 버스 [간격]이 길어진다.
JLPTN3_239	환경	생활을 둘러싼 조건 전체예요. 눈에 보이는 풍경만은 아니에요.	景色	눈에 보이는 풍경보다 생활과 활동을 둘러싼 조건 전체를 말한다.	静かな[環境/かんきょう]で勉強したくて、図書館に来た。	조용한 [환경]에서 공부하고 싶어서 도서관에 왔다.	魚を飼う前に、水槽の[環境/かんきょう]を整えよう。	물고기를 기르기 전에 수조의 [환경]을 갖추자.
JLPTN3_242	관광	여행지의 명소를 구경하며 즐겨요. 학습을 위한 견학과 목적이 달라요.	見学	학습이나 관찰을 위해 시설을 보는 것과 달리 여행지의 볼거리를 즐기는 데 초점이 있다.	仕事で来たので、[観光/かんこう]の時間はほとんどない。	일 때문에 와서 [관광]할 시간은 거의 없다.	駅の[観光/かんこう]案内所で、町の地図をもらった。	역의 [관광] 안내소에서 마을 지도를 받았다.
JLPTN3_245	완성	작품이나 물건이 다 만들어졌어요. 처리의 종료보다 제작의 결과예요.	完了	처리의 종료보다 작품이나 물건이 다 만들어짐에 초점이 있다.	橋の[完成/かんせい]を、村のみんなが待っている。	다리의 [완성]을 마을 모두가 기다리고 있다.	ケーキは飾りを乗せれば[完成/かんせい]です。	케이크는 장식을 올리면 [완성]입니다.
JLPTN3_248	기한	언제까지 유효한지 정한 끝 시점이에요. 시간 구간 전체와 달라요.	期間	시작부터 끝까지의 구간보다 끝나는 시점에 초점이 있다.	この券は[期限/きげん]が切れていて使えない。	이 표는 [기한]이 지나서 쓸 수 없다.	提出の[期限/きげん]を一日延ばしてもらえませんか。	제출 [기한]을 하루 늘려 주실 수 있나요?
JLPTN3_251	기초	새 내용을 배우기 전에 익힐 토대예요. 중요 원칙을 뜻하는 말과 겹치지만 받쳐 주는 바탕에 초점을 둬요.	基本	基本은 중요 원칙이나 기본 사항, 基礎는 그 위에 지식과 능력을 쌓는 토대를 강조하며 두 말이 겹치는 문맥도 있다.	独学なので、音楽の[基礎/きそ]に自信がない。	독학을 해서 음악의 [기초]에 자신이 없다.	分数が難しければ、計算の[基礎/きそ]から復習しよう。	분수가 어렵다면 계산의 [기초]부터 복습하자.
JLPTN3_254	귀가	밖에서 자기 집으로 돌아와요. 나라로 돌아오는 말과 구별해요.	帰国	돌아오는 곳이 자기 나라가 아니라 자기 집이다.	父の[帰宅/きたく]を待って、夕食にした。	아버지의 [귀가]를 기다렸다가 저녁을 먹었다.	残業で[帰宅/きたく]が遅くなると、犬が玄関で待っている。	야근 때문에 [귀가]가 늦어지면 개가 현관에서 기다리고 있다.
JLPTN3_257	기본	행동의 중심이 되는 원칙이에요. 토대를 뜻하는 말과 겹쳐요.	基礎	받침이 되는 토대와 뜻이 겹치지만 여기서는 지켜야 할 원칙을 말한다.	料理の[基本/きほん]は、まず材料の味を知ることだ。	요리의 [기본]은 우선 재료 맛을 아는 것이다.	慣れた頃こそ、[基本/きほん]に戻って練習しよう。	익숙해질 때일수록 [기본]으로 돌아가 연습하자.
JLPTN3_260	교사	가르치는 직업을 말해요. 상대를 부르는 호칭 자체와 구별해요.	先生	호칭으로도 널리 쓰는 말과 달리 직업을 가리킨다.	母は三十年間、小学校の[教師/きょうし]だった。	어머니는 삼십 년 동안 초등학교 [교사]셨다.	[教師/きょうし]になって初めて、授業の準備の大変さを知った。	[교사]가 되고서야 수업 준비의 어려움을 알았다.
JLPTN3_263	흥미	알고 해 보고 싶은 마음이에요. 지속해서 즐기는 취미만 뜻하지 않아요.	趣味	지속적으로 즐기는 취미와 달리 관심이 끌리는 마음이다.	弟は最近、星に[興味/きょうみ]を持ち始めた。	남동생은 최근 별에 [흥미]를 갖기 시작했다.	[興味/きょうみ]があれば、工房の中も見ていきませんか。	[흥미]가 있다면 공방 안도 보고 가지 않을래요?
JLPTN3_266	기록	글과 영상 등에 남긴 내용이에요. 머릿속 기억과 구별해요.	記憶	머릿속에 남는 기억과 달리 글이나 영상 등으로 남긴 정보다.	祖父の日記には、当時の生活の[記録/きろく]が残っている。	할아버지 일기에는 당시 생활의 [기록]이 남아 있다.	毎日の体温を[記録/きろく]に残してください。	매일 체온을 [기록]으로 남겨 주세요.
JLPTN3_269	목	머리와 몸통을 잇는 부위예요. 음식이 지나는 목 안쪽과 구별해요.	喉	목 안의 통로보다 신체 바깥의 연결 부위를 말한다.	高い棚を見上げていたら、[首/くび]が痛くなった。	높은 선반을 올려다보고 있었더니 [목]이 아파졌다.	寒いから、マフラーで[首/くび]を包んでね。	추우니까 목도리로 [목]을 감싸 줘.
JLPTN3_272	구별	차이를 알아보고 나눠 판단해요. 부당하게 대우를 달리하는 것과 달라요.	差別	부당하게 대우를 달리하는 뜻과 달리 차이를 알아보는 것이다.	双子の声は、電話では[区別/くべつ]がつかない。	쌍둥이의 목소리는 전화로는 [구별]이 안 된다.	生ごみとそれ以外の[区別/くべつ]が、前の町とは違う。	음식물 쓰레기와 그 외 쓰레기의 [구별]이 전에 살던 동네와 다르다.
JLPTN3_275	계획	목적을 이루도록 순서와 방법을 구상해요. 일정을 정하는 것보다 구체적이에요.	予定	예정된 일정보다 목적을 이루기 위한 구상에 무게가 있다.	雨でキャンプの[計画/けいかく]が変わった。	비 때문에 캠핑 [계획]이 바뀌었다.	貯金の[計画/けいかく]を立てたのに、また靴を買ってしまった。	저축 [계획]을 세웠는데 또 신발을 사 버렸다.
JLPTN3_278	계산	수로 값을 구해요. 단순 개수 세기보다 연산의 뜻이 있어요.	数える	대상을 하나씩 세는 것과 수량을 연산해 값을 구하는 것을 구별한다.	割引後の値段を[計算/けいさん]したら、予算に収まった。	할인 후 가격을 [계산]했더니 예산 안에 들었다.	あれ、[計算/けいさん]が合わない。レシートをもう一度見よう。	어라, [계산]이 안 맞아. 영수증을 다시 보자.
JLPTN3_282	혈액	몸의 혈관을 흐르는 액체예요. 짧은 일상어보다 검사 등에서 잘 써요.	血	일상적인 짧은 말과 뜻은 겹치며 검사 등 의학적 문맥에 잘 쓰인다.	明日の[血液/けつえき]検査は九時からです。	내일 [혈액] 검사는 아홉 시부터입니다.	顕微鏡で[血液/けつえき]を見たら、小さな粒がたくさん見えた。	현미경으로 [혈액]을 보니 작은 알갱이가 많이 보였다.
JLPTN3_285	연기	불이 탈 때 나오는 것이에요. 뜨거운 물의 수증기와 구별해요.	湯気	뜨거운 물에서 나오는 수증기와 불에서 나오는 연기를 구별한다.	台所から[煙/けむり]が出ている。火を止めて！	주방에서 [연기]가 나고 있어. 불 꺼!	風が変わって、たき火の[煙/けむり]がこちらに来た。	바람이 바뀌어 모닥불 [연기]가 이쪽으로 왔다.
JLPTN3_289	건강	몸과 마음에 탈이 없는 상태예요. 활발한 기운만을 뜻하지 않아요.	元気	기운이 활발하다는 뜻보다 신체와 마음의 건강 상태를 말한다.	忙しいけれど、[健康/けんこう]には気をつけてね。	바쁘겠지만 [건강]에는 신경 써.	[健康/けんこう]のために始めた散歩が、今は楽しみになった。	[건강]을 위해 시작한 산책이 이제는 즐거움이 되었다.
JLPTN3_292	감소	수량이 전보다 적어져요. 의도적으로 양을 줄이는 행동만은 아니에요.	減量	의도적으로 양이나 체중을 줄이는 행위보다 수량이 줄어드는 현상이다.	利用者の[減少/げんしょう]で、バスが一日三本になった。	이용자 [감소]로 버스가 하루 세 대가 되었다.	ごみの[減少/げんしょう]につながるなら、容器を持参したい。	쓰레기 [감소]로 이어진다면 용기를 가져가고 싶다.
JLPTN3_295	원료	제품으로 가공할 바탕 물질이에요. 부품을 포함하는 재료보다 좁아요.	材料	부품이나 요리 재료까지 포함하는 말보다 가공 전 바탕 물질에 초점이 있다.	この油の[原料/げんりょう]は何ですか。	이 기름의 [원료]는 무엇인가요?	[原料/げんりょう]の値上がりで、紙の値段も上がった。	[원료] 가격이 올라 종이 가격도 올랐다.
JLPTN3_298	합계	여러 수를 모두 더한 값이에요. 개수로 나누지는 않아요.	平均	총합과 그것을 개수로 나눈 값을 구별한다.	三人分の[合計/ごうけい]は四千円でした。	세 사람 몫의 [합계]는 사천 엔이었습니다.	表の一番下に、[合計/ごうけい]を書いてください。	표 맨 아래에 [합계]를 써 주세요.
JLPTN3_301	교대	다음 사람이 역할을 이어 맡아요. 물건을 맞바꾸는 것과 달라요.	交換	물건을 맞바꾸는 것보다 사람이 역할을 이어받는 데 초점이 있다.	運転は二時間ごとの[交替/こうたい]にしよう。	운전은 두 시간마다 [교대]하자.	夜勤の[交替/こうたい]まで、あと十分ある。	야간 근무 [교대]까지 아직 십 분 남았다.
JLPTN3_304	얼음	물이 단단히 얼어 있어요. 하늘에서 내리는 눈송이와 달라요.	雪	얼어 내리는 눈송이와 덩어리로 굳은 물을 구별한다.	ジュースに[氷/こおり]を入れすぎて、味が薄くなった。	주스에 [얼음]을 너무 많이 넣어 맛이 싱거워졌다.	池の[氷/こおり]は薄いから、乗らないで。	연못의 [얼음]은 얇으니 올라가지 마.
JLPTN3_307	고장	기계 기능에 이상이 생겨요. 꼭 겉모양이 부서질 필요는 없어요.	破損	외형이나 구조의 파손과 달리 기계가 제대로 작동하지 않는 기능 이상에 초점을 둔다.	エレベーターが[故障/こしょう]中なので、階段を使った。	엘리베이터가 [고장] 나서 계단을 이용했다.	異音がするのは、[故障/こしょう]の前触れかもしれない。	이상한 소리가 나는 것은 [고장]의 징조일지도 모른다.
JLPTN3_310	쌀	밥을 짓기 전의 곡물이에요. 익힌 밥과 구별해요.	ご飯	지어서 먹는 밥과 짓기 전의 쌀을 구별한다.	[米/こめ]を洗うと、水が白くなった。	[쌀]을 씻으니 물이 하얘졌다.	実家から新しい[米/こめ]が十キロ届いた。	본가에서 햅[쌀]이 십 킬로그램 왔다.
JLPTN3_313	재료	만드는 결과물의 일부가 돼요. 작업에 쓰는 도구 자체와 구별해요.	道具	작업에 사용하는 도구와 결과물의 일부가 되는 재료를 구별한다.	冷蔵庫にある[材料/ざいりょう]だけで、夕飯を作ろう。	냉장고에 있는 [재료]만으로 저녁을 만들자.	工作の[材料/ざいりょう]は、空き箱で十分です。	공작 [재료]는 빈 상자면 충분합니다.
JLPTN3_316	농작물	농사지어 수확하는 식물이에요. 식물 전체보다 범위가 좁아요.	植物	식물 전체가 아니라 농사를 지어 얻는 대상을 말한다.	長雨で[作物/さくもつ]に被害が出た。	장마로 [농작물]에 피해가 났다.	この土に合う[作物/さくもつ]を探している。	이 토양에 맞는 [농작물]을 찾고 있다.
JLPTN3_319	참가	활동에 한 사람으로 함께해요. 옆에서 보는 것에 그치지 않아요.	見学	곁에서 구경하는 것과 달리 활동에 구성원으로 함께한다.	遠方からの[参加/さんか]、ありがとうございます。	먼 곳에서 [참가]해 주셔서 감사합니다.	大会への[参加/さんか]を迷っていたが、友達に誘われて決めた。	대회 [참가]를 망설였지만 친구의 권유로 결정했다.
JLPTN3_322	지급	기관이 정해진 수당이나 물품을 제공해요. 대금 결제와 구별해요.	支払う	대금을 내는 행위와 달리 정해진 물품이나 수당을 제공하는 것이다.	制服は会社からの[支給/しきゅう]です。	제복은 회사에서 [지급]합니다.	交通費の[支給/しきゅう]日は、給料日と同じですか。	교통비 [지급]일은 월급날과 같은가요?
JLPTN3_325	사정	겉으로 보이지 않는 배경이나 사정을 말해요. 한 가지 이유보다 주변 형편까지 담아요.	理由	理由는 왜 그런지에 대한 근거이고, 事情는 그 일을 둘러싼 배경과 형편이다. 사정이 이유가 되는 문맥에서는 겹친다.	家庭の[事情/じじょう]で、しばらく休みます。	가정 [사정]으로 잠시 쉽니다.	何も知らずに怒ってごめん。[事情/じじょう]を聞かせて。	아무것도 모르고 화내서 미안해. [사정]을 들려줘.
JLPTN3_328	자연	산과 강 등 자연계 전체를 말해요. 자연산이라는 성질만은 아니에요.	天然	자연산이라는 성질을 나타내는 말보다 자연계 전체를 가리킨다.	子供には[自然/しぜん]の中で遊んでほしい。	아이가 [자연] 속에서 놀았으면 좋겠다.	便利さを求めるだけでは、この島の[自然/しぜん]は守れない。	편리함만 추구해서는 이 섬의 [자연]을 지킬 수 없다.
JLPTN3_331	실력	실제로 발휘할 수 있는 힘을 말해요. 능력 가운데 실제 수준에 초점을 둬요.	能力	能力는 일을 해낼 힘을 넓게 가리키고, 実力는 겉모습이나 운과 구별되는 실제 능력과 수준을 강조한다.	緊張して、本来の[実力/じつりょく]を出せなかった。	긴장해서 본래의 [실력]을 발휘하지 못했다.	相手の[実力/じつりょく]を知らずに挑戦するのは怖い。	상대의 [실력]을 모른 채 도전하는 것은 두렵다.
JLPTN3_334	지면	땅의 표면이에요. 건물 안 바닥과 구별해요.	床	건물 안 바닥과 달리 땅 표면을 가리킨다.	雨上がりの[地面/じめん]に、鳥の足跡が残っていた。	비가 갠 뒤 [지면]에 새 발자국이 남아 있었다.	ロープが[地面/じめん]につかないように持ち上げて。	밧줄이 [지면]에 닿지 않도록 들어 올려.
JLPTN3_337	수집	좋아하거나 필요한 것을 모아요. 배포했던 물건을 거두는 것과 달라요.	回収	배포하거나 사용한 것을 거둬들이는 것보다 종류를 모으는 활동에 초점이 있다.	父の切手[収集/しゅうしゅう]は、子供の頃から続いている。	아버지의 우표 [수집]은 어린 시절부터 이어지고 있다.	旅行の前に、現地の情報[収集/しゅうしゅう]をしておこう。	여행 전에 현지 정보 [수집]을 해 두자.
JLPTN3_340	수리	물건의 망가진 기능을 고쳐요. 문장이나 오류 수정과 달라요.	修正	내용이나 오류를 바로잡는 것과 달리 물건의 기능을 고친다.	自転車を[修理/しゅうり]に出したので、今日は歩いてきた。	자전거를 [수리] 맡겨서 오늘은 걸어왔다.	買い替えるより、[修理/しゅうり]のほうが高いなんて。	새로 사는 것보다 [수리]가 더 비싸다니.
JLPTN3_343	수단	목적을 이루기 위해 쓰는 방법이에요. 목표 자체와 구별해요.	目的	이루려는 목표와 그 목표를 이루는 방법을 구별한다.	車がないので、移動の[手段/しゅだん]を考え直した。	차가 없어서 이동 [수단]을 다시 생각했다.	連絡の[手段/しゅだん]が一つしかないのは不安だ。	연락 [수단]이 하나뿐인 것은 불안하다.
JLPTN3_346	수도	한 나라의 정치 중심 도시예요. 번화한 도시라고 모두 해당하지는 않아요.	都会	도시가 크고 번화하다는 뜻과 정치적 중심이라는 지위는 다르다.	オーストラリアの[首都/しゅと]をシドニーだと思っていた。	호주의 [수도]가 시드니인 줄 알았다.	[首都/しゅと]から離れると、電車の本数が急に減った。	[수도]에서 멀어지자 열차 편수가 급격히 줄었다.
JLPTN3_349	소개	모르는 사람이나 정보를 알려요. 손님으로 부르는 것과 구별해요.	招待	행사나 장소에 초대하는 것과 달리 상대에게 사람이나 정보를 알린다.	友人の[紹介/しょうかい]で、この店を知った。	친구의 [소개]로 이 가게를 알았다.	新しい部員の[紹介/しょうかい]が終わったら、練習を始めます。	새 부원의 [소개]가 끝나면 연습을 시작합니다.
JLPTN3_352	승차	차나 열차에 타는 일이에요. 단순한 차 안 여행보다 탑승이 중심이에요.	乗り換え	차에 타는 것과 이동 도중 다른 교통편으로 바꿔 타는 것을 구별한다.	[乗車/じょうしゃ]の前に、切符を係員に見せた。	[승차] 전에 표를 직원에게 보여 줬다.	ここから終点までの[乗車/じょうしゃ]時間は約二十分です。	여기서 종점까지의 [승차] 시간은 약 이십 분입니다.
JLPTN3_355	소비	써서 자원이나 물건이 줄어요. 사용 목적보다 소모되는 양이 중심이에요.	使用	무언가를 쓰는 것 전반보다 사용으로 수량과 자원이 줄어드는 데 초점을 둔다.	古い冷蔵庫は電力の[消費/しょうひ]が大きい。	오래된 냉장고는 전력 [소비]가 크다.	水の[消費/しょうひ]を減らすため、雨水を庭に使っている。	물 [소비]를 줄이려고 빗물을 정원에 쓰고 있다.
JLPTN3_358	증명	참이라는 근거를 분명하게 제시해요. 이해를 돕는 설명만은 아니에요.	説明	이해하도록 풀이하는 것과 달리 참이라는 근거를 제시한다.	入口で年齢の[証明/しょうめい]を求められた。	입구에서 나이 [증명]을 요구받았다.	正しい答えだけでなく、[証明/しょうめい]も書く必要がある。	맞는 답뿐 아니라 [증명]도 쓸 필요가 있다.
JLPTN3_361	식기	먹을 때 쓰는 그릇이에요. 조리에 쓰는 도구와 구별해요.	調理器具	음식을 만드는 도구와 먹을 때 담아 쓰는 그릇을 구별한다.	引っ越しの前に、[食器/しょっき]を新聞紙で包んだ。	이사 전에 [식기]를 신문지로 쌌다.	使った[食器/しょっき]は、このかごに戻してください。	사용한 [식기]는 이 바구니에 반납해 주세요.
JLPTN3_364	신청	허가나 자격을 기관에 공식 요청해요. 일반 참가 신청보다 격식 있어요.	申し込み	일반 참가 신청보다 기관에 허가나 자격을 요청하는 격식 있는 절차에 잘 쓴다.	休暇の[申請/しんせい]を忘れていた。	휴가 [신청]을 잊고 있었다.	補助金の[申請/しんせい]には、領収書が必要です。	보조금 [신청]에는 영수증이 필요합니다.
JLPTN3_367	두통	머리에 아픔을 느껴요. 어지러워 도는 느낌과 구별해요.	めまい	머리에 느끼는 통증과 주변이 도는 듯한 어지러움을 구별한다.	朝から[頭痛/ずつう]がひどく、会議を休んだ。	아침부터 [두통]이 심해서 회의에 빠졌다.	[頭痛/ずつう]が治まったら、少し食べてみます。	[두통]이 가라앉으면 조금 먹어 보겠습니다.
JLPTN3_370	성격	그 사람의 지속적인 성향이에요. 순간의 기분과 구별해요.	気分	일시적인 기분보다 비교적 지속되는 성향이다.	姉と私は顔は似ているが、[性格/せいかく]は正反対だ。	언니와 나는 얼굴은 닮았지만 [성격]은 정반대다.	失敗しても笑える、その[性格/せいかく]がうらやましい。	실패해도 웃을 수 있는 그 [성격]이 부럽다.
JLPTN3_373	성공	바라던 목표를 이루었어요. 제작이 끝나기만 한 것과 달라요.	完成	제작이 끝난 것과 달리 목표한 결과를 이뤘는지가 중심이다.	三回目の挑戦で、ようやく[成功/せいこう]した。	세 번째 도전에서 드디어 [성공]했다.	イベントの[成功/せいこう]を祝って、みんなで乾杯した。	행사의 [성공]을 축하하며 모두 함께 건배했다.
JLPTN3_376	정리	물건을 분류해 제자리에 놓아요. 먼지를 없애는 것과 구별해요.	掃除	먼지나 때를 없애는 것과 물건을 분류해 놓는 것은 다르다.	写真の[整理/せいり]を始めたら、昔の手紙が出てきた。	사진 [정리]를 시작하니 옛 편지가 나왔다.	机の上だけでも[整理/せいり]してから帰ろう。	책상 위만이라도 [정리]하고 가자.
JLPTN3_379	빨래	옷과 천의 때를 씻어요. 방을 청소하는 것과 대상이 달라요.	掃除	방과 주변을 청소하는 것과 달리 옷이나 천을 씻는다.	明日は晴れるから、シーツの[洗濯/せんたく]は明日にしよう。	내일은 맑으니 시트 [빨래]는 내일 하자.	[洗濯/せんたく]が終わってから、ポケットの切符に気づいた。	[빨래]가 끝난 뒤 주머니의 표를 알아챘다.
JLPTN3_382	상상	없는 장면도 마음에 그려요. 앞일을 예측하는 것보다 넓어요.	予想	앞일을 짐작하는 것보다 현실에 없는 장면까지 떠올리는 뜻이 넓다.	十年後の自分を[想像/そうぞう]して、手紙を書いた。	십 년 뒤 자신을 [상상]하며 편지를 썼다.	実物は[想像/そうぞう]よりずっと大きかった。	실물은 [상상]보다 훨씬 컸다.
JLPTN3_385	속도	움직이는 빠르기예요. 비슷한 표현보다 수치로 나타내기 좋아요.	速さ	빠르기라는 뜻이 겹치며 단위 시간당 진행량처럼 수치로 나타내는 문맥에 잘 쓴다.	霧が濃くなったので、[速度/そくど]を落とした。	안개가 짙어져 [속도]를 줄였다.	話す[速度/そくど]を少し遅くしてもらえますか。	말하는 [속도]를 조금 늦춰 주실 수 있나요?
JLPTN3_388	존재	무언가가 있거나 그 자체를 가리켜요. 추상적인 대상에도 쓸 수 있어요.	実在	実在는 상상 속이 아니라 실제로 있음을 강조한다. 存在는 존재한다는 사실이나 존재하는 대상 자체를 더 넓게 가리킨다.	古い地図で、この道の[存在/そんざい]を知った。	옛 지도로 이 길의 [존재]를 알았다.	隣にいてくれるだけで、君の[存在/そんざい]に救われる。	옆에 있어 주는 것만으로 네 [존재]에 위안을 받는다.
JLPTN3_391	체류	방문지에 한동안 머물러요. 생활 터전으로 사는 것과 구별해요.	居住	생활 터전으로 사는 것보다 방문지에 한동안 머무는 데 초점이 있다.	京都での[滞在/たいざい]を一日延ばした。	교토 [체류]를 하루 늘렸다.	[滞在/たいざい]中に、近所のパン屋と親しくなった。	[체류] 중에 근처 빵집 주인과 친해졌다.
JLPTN3_394	체력	몸을 움직이고 버티는 힘이에요. 마음의 의지와 구별해요.	気力	마음으로 버티는 힘과 신체의 힘을 구별한다.	山頂まで登る[体力/たいりょく]が残っていない。	정상까지 오를 [체력]이 남아 있지 않다.	仕事のためにも、少し[体力/たいりょく]をつけたい。	일을 위해서라도 [체력]을 조금 기르고 싶다.
JLPTN3_397	단체	여러 사람이 한 집단을 이뤄요. 단순히 우연히 모인 무리보다 조직의 뜻도 있어요.	集団	사람들의 무리를 뜻하는 말과 겹치며 공동 목적과 조직을 가진 집단을 말할 때 잘 쓴다.	十名以上なら、[団体/だんたい]料金になります。	열 명 이상이면 [단체] 요금이 됩니다.	地域の[団体/だんたい]が協力して、川を掃除した。	지역 [단체]들이 협력해 강을 청소했다.
JLPTN3_400	주차	차를 일정 시간 세워 두어요. 잠깐 멈추기만 하는 것보다 길어요.	停車	잠깐 멈추는 것까지 포함하는 말보다 일정 시간 차를 세워 두는 뜻이다.	店の前は[駐車/ちゅうしゃ]できないので、裏へ回った。	가게 앞에는 [주차]할 수 없어서 뒤로 돌아갔다.	[駐車/ちゅうしゃ]した場所を忘れて、屋上まで探した。	[주차]한 장소를 잊어서 옥상까지 찾아봤다.
JLPTN3_403	저금	돈을 쓰지 않고 모아 둬요. 지출을 줄이는 행동과는 달라요.	節約	지출을 아끼는 행동과 돈을 따로 모으는 행동을 구별한다.	旅行のために、毎月少しずつ[貯金/ちょきん]している。	여행을 위해 매달 조금씩 [저금]하고 있다.	自転車を買ったら、[貯金/ちょきん]がほとんどなくなった。	자전거를 샀더니 [저금]이 거의 없어졌다.
JLPTN3_406	통역	현장의 말을 다른 언어로 옮겨요. 글의 번역과 구별해요.	翻訳	주로 글을 옮기는 번역과 현장의 말을 옮기는 통역을 구별한다.	会議には[通訳/つうやく]の人が同席した。	회의에는 [통역] 담당자가 동석했다.	祖母と友人の間で、私が[通訳/つうやく]をした。	할머니와 친구 사이에서 내가 [통역]을 했다.
JLPTN3_409	전할 말	자리에 없는 사람에게 전해 둘 말이에요. 연락 행위보다 남겨 둔 말의 내용에 초점을 둬요.	連絡	連絡는 정보를 주고받는 일 전반이고, 伝言은 다른 사람이나 메모 등을 통해 상대에게 전해 두는 말이다.	受付で預かった[伝言/でんごん]を、本人に渡し忘れた。	접수대에서 맡은 [전언]을 본인에게 전하는 것을 잊었다.	机の上に「先に帰ります」という[伝言/でんごん]があった。	책상 위에 “먼저 돌아갑니다”라는 [메시지]가 있었다.
JLPTN3_412	당일	어떤 행사가 있는 바로 그날이에요. 반드시 오늘일 필요는 없어요.	今日	발화 시점의 오늘과 특정 행사나 일이 발생하는 그날을 구별한다.	券は[当日/とうじつ]でも買えますか。	표는 [당일]에도 살 수 있나요?	試験の[当日/とうじつ]になって、時計の電池が切れた。	시험 [당일]이 되어 시계 배터리가 다 됐다.
JLPTN3_415	등록	공식 명부나 시스템에 올려요. 칸에 써 넣기만 하는 것과 달라요.	記入	칸에 써 넣는 행동보다 공식 목록에 올리는 절차다.	会員[登録/とうろく]をしないと、この機能は使えない。	회원 [등록]을 하지 않으면 이 기능은 쓸 수 없다.	住所の[登録/とうろく]を間違えて、荷物が戻ってきた。	주소 [등록]을 잘못해서 짐이 돌아왔다.
JLPTN3_418	독립	남에게 기대지 않고 스스로 서요. 사람들과 단절되는 것과는 달라요.	孤立	스스로 따로 서는 것과 관계에서 고립되는 것은 다르다.	娘の[独立/どくりつ]を喜びながらも、少し寂しい。	딸의 [독립]이 기쁘면서도 조금 쓸쓸하다.	会社を辞めて[独立/どくりつ]するには、まだ準備が足りない。	회사를 그만두고 [독립]하기에는 아직 준비가 부족하다.
JLPTN3_421	노력	목표를 위해 힘을 들이는 과정이에요. 이미 가진 능력과 구별해요.	能力	할 수 있는 능력 자체와 힘써 하는 과정을 구별한다.	見えないところでの[努力/どりょく]が、今日の結果につながった。	보이지 않는 곳에서 한 [노력]이 오늘의 결과로 이어졌다.	一度失敗しただけで、これまでの[努力/どりょく]は消えないよ。	한 번 실패했다고 지금까지의 [노력]이 사라지지는 않아.
JLPTN3_424	내용물	용기 속에 든 물건이에요. 용기를 가리키는 것은 아니에요.	内容	뜻이 겹치지만 용기 안의 물건을 가리키는 일상적인 말이며, 비교 표현은 문서와 말의 내용에도 널리 쓴다.	瓶の[中身/なかみ]は水だと思ったら、お酢だった。	병의 [내용물]은 물인 줄 알았는데 식초였다.	箱は捨ててもいいけれど、[中身/なかみ]は残しておいて。	상자는 버려도 되지만 [내용물]은 남겨 둬.
JLPTN3_427	짐	이동할 때 들고 가거나 보내는 물건이에요. 모든 소유물과는 범위가 달라요.	持ち物	소지품 전체보다 이동과 운반의 대상인 짐에 초점을 둔다.	[荷物/にもつ]が多くて、改札を通るのに苦労した。	[짐]이 많아서 개찰구를 지나느라 고생했다.	お客様の[荷物/にもつ]は、先ほどお部屋に届きました。	손님의 [짐]은 조금 전 객실에 도착했습니다.
JLPTN3_430	뿌리	주로 땅속에서 뻗어 물을 흡수해요. 땅 위 가지와 구별해요.	枝	줄기에서 갈라지는 가지와 주로 땅속의 뿌리를 구별한다.	鉢の底から[根/ね]が出てきた。	화분 바닥으로 [뿌리]가 나왔다.	木を移すときは、[根/ね]を傷つけないようにしよう。	나무를 옮길 때는 [뿌리]를 다치지 않게 하자.
JLPTN3_433	치아	입안에서 음식을 씹는 단단한 부분이에요. 이를 받치는 잇몸과 달라요.	歯茎	이를 받치는 잇몸과 이 자체를 구별한다.	硬いせんべいをかんだら、[歯/は]が欠けた。	딱딱한 센베이를 씹었더니 [치아]가 깨졌다.	妹の最初の[歯/は]が抜けて、家族で写真を撮った。	여동생의 첫 [이]가 빠져서 가족이 함께 사진을 찍었다.
JLPTN3_436	발생	사건이 새로 생겨나요. 이미 있던 것을 발견하는 것과 달라요.	発見	새로 생기는 것과 이미 있는 것을 찾아내는 것을 구별한다.	駅でのトラブル[発生/はっせい]により、列車が遅れている。	역에서 문제가 [발생]하여 열차가 지연되고 있다.	虫の[発生/はっせい]を防ぐため、水をためないようにした。	벌레 [발생]을 막으려고 물이 고이지 않게 했다.
JLPTN3_439	반대	제안에 동의하지 않는 입장이에요. 초대를 사양하는 것과는 초점이 달라요.	拒否	의견에 반대하는 것과 요구나 수용 자체를 거부하는 것을 구별한다. 문맥에 따라 뜻이 겹친다.	父の[反対/はんたい]を予想していたが、応援してくれた。	아버지의 [반대]를 예상했지만 응원해 주셨다.	[反対/はんたい]の理由を聞かずに、話を終わらせないで。	[반대] 이유를 듣지 않고 이야기를 끝내지 마.
JLPTN3_442	빛	밝게 비쳐 오는 것이에요. 밝기의 정도만을 가리키지는 않아요.	明るさ	빛 자체와 빛이 얼마나 밝은지를 나타내는 성질을 구별한다.	雲の隙間から[光/ひかり]が差し込んだ。	구름 사이로 [빛]이 비쳤다.	眠れないので、廊下の[光/ひかり]が入らないように戸を閉めた。	잠이 안 와서 복도의 [빛]이 들어오지 않게 문을 닫았다.
JLPTN3_445	표면	물체의 바깥으로 드러난 면이에요. 앞면만 가리키는 것은 아니에요.	表	뒷면에 대비되는 앞면과 달리 물체의 바깥 경계면을 말한다.	机の[表面/ひょうめん]に細かい傷がついている。	책상 [표면]에 작은 흠집들이 있다.	スープの[表面/ひょうめん]に浮いた油をすくった。	수프 [표면]에 뜬 기름을 걷어 냈다.
JLPTN3_449	물가	여러 물건값의 전반적인 수준이에요. 한 물건의 가격과 구별해요.	値段	개별 물건의 가격과 지역이나 사회 전체의 가격 수준을 구별한다.	この町は[物価/ぶっか]が高く、外食を減らした。	이 도시는 [물가]가 높아 외식을 줄였다.	給料は変わらないのに、[物価/ぶっか]だけが上がっている。	월급은 그대로인데 [물가]만 오르고 있다.
JLPTN3_452	부분	전체 안의 한 구간이나 조각이에요. 어느 일부라는 말과 뜻이 겹쳐요.	一部	뜻이 겹치지만 특정 기능과 위치를 가진 부분을 지목할 때 잘 쓰며, 비교 표현은 전체 중 일부라는 비율 관계를 강조한다.	読めない[部分/ぶぶん]は、空欄のままにした。	읽을 수 없는 [부분]은 빈칸으로 두었다.	この棚の壊れた[部分/ぶぶん]だけ交換できますか。	이 선반의 망가진 [부분]만 교체할 수 있나요?
JLPTN3_455	평균	값들을 더해 개수로 나눠요. 단순 합계와 구별해요.	合計	전체를 더한 값에서 개수로 나눴는지가 다르다.	今月の睡眠時間は、[平均/へいきん]で六時間だった。	이번 달 수면 시간은 [평균] 여섯 시간이었다.	点数がクラスの[平均/へいきん]を超えて、少しほっとした。	점수가 반 [평균]을 넘어서 조금 안심했다.
JLPTN3_458	방향	어디를 향하는 쪽인지 말해요. 특정 장소 자체와 구별해요.	場所	특정 위치와 그쪽으로 향하는 방향을 구별한다.	駅と反対の[方向/ほうこう]に歩いていた。	역과 반대 [방향]으로 걷고 있었다.	風の[方向/ほうこう]が変わったので、旗も向きを変えた。	바람의 [방향]이 바뀌어서 깃발도 향하는 쪽을 바꿨다.
JLPTN3_461	법률	국가가 정한 공식 규범이에요. 기관 내부 규칙보다 범위가 달라요.	規則	기관 내부 규칙 등을 포함하는 말보다 국가의 법이라는 범위다.	新しい[法律/ほうりつ]について、授業で話し合った。	새로운 [법률]에 대해 수업에서 토론했다.	その契約が[法律/ほうりつ]に反しないか、専門家に聞いた。	그 계약이 [법률]에 위배되지 않는지 전문가에게 물었다.
JLPTN3_464	콩	식용 콩류의 씨앗이에요. 씨앗 전체를 뜻하지는 않아요.	種	씨앗 전체보다 콩류의 씨앗을 가리킨다.	乾燥した[豆/まめ]を一晩水につけた。	말린 [콩]을 하룻밤 물에 담갔다.	このスープには、三種類の[豆/まめ]が入っています。	이 수프에는 세 종류의 [콩]이 들어 있습니다.
JLPTN3_467	초록색	풀잎 같은 빛깔이에요. 푸른 식물 표현과 겹쳐도 녹색 자체를 말해요.	青	일부 식물 표현에서 겹치지만 여기서는 녹색 자체를 말한다.	屋根を[緑/みどり]に塗ったら、森になじんだ。	지붕을 [초록색]으로 칠하니 숲과 어울렸다.	赤より[緑/みどり]の布のほうが、この部屋には合う。	빨간색보다 [초록색] 천이 이 방에는 어울린다.
JLPTN3_470	면허	정해진 행위를 허락받은 공식 자격이에요. 능력 조건 전반보다 좁아요.	資格	능력이나 조건 전반보다 특정 행위의 공식 허가를 가리킨다.	運転[免許/めんきょ]を取った日に、家族で祝った。	운전 [면허]를 딴 날 가족이 함께 축하했다.	[免許/めんきょ]は持っていますが、十年運転していません。	[면허]는 있지만 십 년 동안 운전하지 않았습니다.
JLPTN3_473	목표	달성하려고 정한 구체적 기준이에요. 왜 하는지라는 목적과 구별해요.	目的	왜 하는지라는 목적보다 달성할 기준이나 도착점을 말한다.	今年の[目標/もくひょう]は、本を二十冊読むことです。	올해 [목표]는 책 스무 권을 읽는 것입니다.	高すぎる[目標/もくひょう]を少し下げたら、続けられそうになった。	너무 높은 [목표]를 조금 낮추니 계속할 수 있을 것 같아졌다.
JLPTN3_476	불평	못마땅한 마음을 말로 드러내요. 속으로 느끼는 불만과 구별해요.	不満	不満는 만족하지 못하는 마음이나 상태이고, 이 뜻의 文句는 그 불만을 상대에게 하는 말이다.	料理に[文句/もんく]を言うなら、明日は作ってよ。	요리에 [불평]할 거면 내일은 네가 만들어 줘.	一時間待たされたのに、祖母は[文句/もんく]一つ言わなかった。	한 시간을 기다렸는데도 할머니는 [불평] 한마디 하지 않으셨다.
JLPTN3_479	수출	물건을 외국에 팔아 내보내요. 들어오는 쪽과 방향이 달라요.	輸入	물건이 국외로 나가는지 국내로 들어오는지가 반대다.	この農家は、りんごの[輸出/ゆしゅつ]を始めた。	이 농가는 사과 [수출]을 시작했다.	[輸出/ゆしゅつ]用の箱には、英語の説明がついている。	[수출]용 상자에는 영어 설명이 붙어 있다.
JLPTN3_482	옆	좌우로 가까운 쪽이에요. 바로 이웃한 관계보다 넓게 쓸 수 있어요.	隣	서로 바로 이웃한 관계보다 옆 방향을 넓게 나타낸다.	犬はいつも私の[横/よこ]で眠る。	개는 늘 내 [옆]에서 잔다.	入口の[横/よこ]に傘立てがあります。	입구 [옆]에 우산꽂이가 있습니다.
JLPTN3_485	밤중	밤이 깊은 때예요. 해 질 무렵의 저녁과 구별해요.	夕方	해 질 무렵과 밤이 깊은 때를 구별한다.	[夜中/よなか]に電話が鳴って、飛び起きた。	[밤중]에 전화가 울려 벌떡 일어났다.	猫が[夜中/よなか]に走り回るので、眠れない。	고양이가 [밤중]에 뛰어다녀서 잠을 잘 수 없다.
JLPTN3_488	줄	여럿이 차례로 늘어선 줄이에요. 행렬 전체와는 달라요.	行列	사람들의 긴 행렬을 나타내는 말보다 한 줄의 배열을 폭넓게 말한다.	窓側の[列/れつ]から、順番に降りてください。	창가 쪽 [줄]부터 차례로 내려 주세요.	いつの間にか、店の前に長い[列/れつ]ができていた。	어느새 가게 앞에 긴 [줄]이 생겨 있었다.
JLPTN3_491	비율	전체나 다른 양에 견준 비중이에요. 수량의 비를 일상적으로 말할 때 널리 써요.	比率	두 말 모두 수량 사이의 비를 나타낼 수 있다. 比率는 수치로 비교하는 관계에, 割合는 일상적인 비중이나 섞는 비에 흔히 쓴다.	この町は、車を持たない人の[割合/わりあい]が高い。	이 도시는 차가 없는 사람의 [비율]이 높다.	水と原液は一対三の[割合/わりあい]で混ぜてください。	물과 원액은 일 대 삼의 [비율]로 섞어 주세요.
JLPTN3_497	절대로	예외를 두지 않겠다는 강한 마음이에요.	必ず	확실한 발생이나 약속을 나타내는 말과 겹치지만 부정과 함께 강한 금지를 나타내기도 한다.	この秘密は[絶対/ぜったい]に誰にも言わない。	이 비밀은 [절대로] 아무에게도 말하지 않아.	次の試合は[絶対/ぜったい]に勝ちたい。	다음 경기는 [꼭] 이기고 싶다.
handmade_1	할 수 있다	능력이나 여건이 있어 가능해요. 단순히 하는 행동과 구별해요.	する	행동 자체와 그 행동의 가능성을 구별한다.	一人で予約の手続きが[出来ます/できます]か。	혼자 예약 절차를 [밟을 수 있나요]?	今日は残業が[出来ない/できない]ので、先に失礼します。	오늘은 야근을 [할 수 없어서] 먼저 실례하겠습니다.
handmade_4	저리다	감각이 둔해지고 찌릿해요. 단순한 통증과는 달라요.	痛む	아픔 전반보다 감각이 마비되거나 찌릿한 느낌을 나타낸다.	正座をしていたら、足が[痺れて/しびれて]立てなくなった。	무릎을 꿇고 앉아 있었더니 다리가 [저려서] 일어날 수 없게 됐다.	冷たい川に手を入れると、指先が[痺れる/しびれる]。	차가운 강물에 손을 넣으면 손끝이 [저리다].
handmade_7	태어나다	새 생명이 세상에 나와요. 낳는 부모의 행동과 구별해요.	産む	부모가 낳는 행동과 아이가 태어나는 것을 구별한다.	弟が[生まれた/うまれた]日の写真を初めて見た。	남동생이 [태어난] 날의 사진을 처음 봤다.	もうすぐ子犬が[生まれる/うまれる]ので、箱を用意した。	곧 강아지가 [태어날] 예정이라 상자를 준비했다.
handmade_10	네 녀석	상대를 거칠게 부르는 말이에요. 보통 호칭보다 모욕적이에요.	あなた	일반적인 이인칭과 달리 현대에는 강한 적의나 거친 말투를 띤다.	悪役は剣を抜き、「[貴様/きさま]、裏切ったな」と叫んだ。	악역은 칼을 뽑으며 “[네 녀석], 배신했구나”라고 외쳤다.	友人に「[貴様/きさま]」と呼ばれて、冗談でも嫌だと伝えた。	친구가 “[네 녀석]”이라고 불러서 농담이라도 싫다고 말했다.
handmade_13	모습과 상태	겉에서 살펴 알 수 있는 형편이에요. 단순 외모보다 넓어요.	外見	생김새뿐 아니라 행동과 현재 상태까지 포함한다.	隣の部屋の[様子/ようす]が気になって、そっと戸を開けた。	옆방의 [상태]가 궁금해서 살짝 문을 열었다.	子供たちが遊ぶ[様子/ようす]を、祖父が笑顔で見ていた。	아이들이 노는 [모습]을 할아버지가 웃으며 보고 계셨다.
handmade_16	되돌리다	물건을 원래 자리로 보내요. 대상이 스스로 돌아오는 것과 달라요.	戻る	대상이 돌아가는 자동사와 달리 누군가 원위치로 돌리는 행동이다.	読んだ雑誌は棚に[戻して/もどして]ください。	읽은 잡지는 선반에 [되돌려 놓아] 주세요.	椅子を元の位置に[戻した/もどした]ら、通路が広くなった。	의자를 원래 자리에 [되돌렸더니] 통로가 넓어졌다.
handmade_19	빛이 들어오다	틈이나 창을 통해 안으로 비쳐 들어와요.	照らす	대상을 비추는 타동사와 달리 빛 자체가 안으로 들어오는 모습이다.	朝日がカーテンの隙間から[差し込んだ/さしこんだ]。	아침 햇살이 커튼 틈으로 [비쳐 들어왔다].	光の[差し込む/さしこむ]窓辺に、椅子を置こう。	빛이 [들어오는] 창가에 의자를 놓자.
handmade_22	가게	상품을 팔거나 손님을 맞는 곳이에요. 회사 조직 전체와 달라요.	会社	사업 조직인 회사보다 손님이 방문하는 판매 장소를 뜻한다.	角の[店/みせ]は、夜でも焼きたてのパンを売っている。	모퉁이의 [가게]는 밤에도 갓 구운 빵을 판다.	自分の[店/みせ]を持つために、十年貯金した。	자기 [가게]를 갖기 위해 십 년 동안 저축했다.
handmade_25	배	물 위에서 사람이나 짐을 나르는 탈것이에요. 작은 보트부터 큰 배까지 포함해요.	ボート	ボート는 주로 작은 배를 가리키고, 船은 크기와 종류를 더 넓게 아우른다.	島へ行く[船/ふね]は、強風で欠航になった。	섬으로 가는 [배]는 강풍으로 운항이 취소됐다.	岸から手を振ると、[船/ふね]の上の父が帽子を振った。	기슭에서 손을 흔들자 [배] 위의 아버지가 모자를 흔드셨다.
handmade_28	서쪽	해가 지는 쪽이에요. 비슷한 방향 말과 구별해요.	東	해가 뜨는 동쪽과 지는 서쪽은 반대 방향이다.	窓が[西/にし]に向いているので、夕方はまぶしい。	창이 [서쪽]을 향해 있어서 저녁에는 눈이 부시다.	町の[西/にし]には、まだ田んぼが残っている。	마을 [서쪽]에는 아직 논이 남아 있다.
handmade_31	밖	정해진 공간의 바깥이에요. 외출 행위 자체는 아니에요.	外出	밖이라는 장소와 밖으로 나가는 행동을 구별한다.	[外/そと]で大きな音がした。	[밖]에서 큰 소리가 났다.	濡れた傘は、部屋の[外/そと]に置いてね。	젖은 우산은 방 [밖]에 놓아 줘.
handmade_34	상자	물건을 담는 각진 용기예요. 봉지와 모양이 달라요.	袋	유연한 주머니 모양 용기보다 형태가 잡힌 상자를 말한다.	靴の[箱/はこ]を開けたら、手紙が入っていた。	신발 [상자]를 열었더니 편지가 들어 있었다.	その[箱/はこ]は底が抜けそうだから、下から持って。	그 [상자]는 바닥이 빠질 것 같으니 아래를 받쳐 들어.
handmade_37	거두어 들이다	밖에 내놓은 것을 안으로 들여요. 단순 수령과는 달라요.	受け取る	건네진 것을 받는 일과 달리 밖에 있던 것을 안으로 가져온다.	雨が降る前に、洗濯物を[取り込もう/とりこもう]。	비가 오기 전에 빨래를 [거둬들이자].	布団を[取り込んだ/とりこんだ]ら、部屋に日なたの匂いがした。	이불을 [걷어 들이니] 방에 햇볕 냄새가 났다.
handmade_40	소방	화재를 막고 불을 끄는 활동이에요. 불 끄기만보다 넓어요.	消火	불을 끄는 행동 외에 예방과 구조까지 포함하는 분야다.	学校で[消防/しょうぼう]訓練があり、校庭へ避難した。	학교에서 [소방] 훈련이 있어 운동장으로 대피했다.	兄は地域の[消防/しょうぼう]団で活動している。	형은 지역 [소방]단에서 활동하고 있다.
handmade_43	술	취하게 하는 음료를 넓게 가리켜요. 맥주는 그중 한 종류예요.	ビール	ビール는 맥주라는 한 종류이고, 酒는 여기서 알코올이 든 음료를 넓게 가리킨다. 문맥에 따라 일본주를 뜻하기도 한다.	今日は車なので、[酒/さけ]は飲みません。	오늘은 차를 가져와서 [술]은 마시지 않습니다.	祖父は祝いの席だけ[酒/さけ]を口にする。	할아버지는 축하하는 자리에서만 [술]을 드신다.
handmade_46	주소	집이나 건물의 위치를 적어 나타내요. 우편번호만은 아니에요.	郵便番号	숫자로 된 우편 구역 번호와 상세한 소재지를 구별한다.	引っ越したら、新しい[住所/じゅうしょ]を教えてください。	이사하면 새 [주소]를 알려 주세요.	封筒の[住所/じゅうしょ]が雨で読めなくなった。	봉투의 [주소]가 비에 젖어 읽을 수 없게 됐다.
handmade_49	그림을 그리다	선과 색으로 모습을 나타내요. 글씨를 쓰는 것과 구별해요.	書く	글자를 쓰는 표기와 그림을 그리는 표기가 다르다.	妹は記憶だけで猫の絵を[描いた/かいた]。	여동생은 기억만으로 고양이 그림을 [그렸다].	ここに丸を[描いて/かいて]、中に好きな色を塗ろう。	여기에 원을 [그리고] 안에 좋아하는 색을 칠하자.
handmade_52	맛	혀로 느끼는 음식의 특성이에요. 향기와는 달라요.	香り	코로 맡는 향과 혀로 느끼는 맛을 구별한다.	塩を少し入れたら、[味/あじ]がはっきりした。	소금을 조금 넣으니 [맛]이 선명해졌다.	このスープ、祖母の作ったものと同じ[味/あじ]がする。	이 수프는 할머니가 만든 것과 같은 [맛]이 난다.
handmade_55	사진	카메라로 찍어 남긴 모습이에요. 손으로 그린 그림과 달라요.	絵	그려 만든 그림과 촬영한 이미지를 구별한다.	財布には、家族の[写真/しゃしん]を入れている。	지갑에는 가족 [사진]을 넣어 두고 있다.	全員が写るように、もう一枚[写真/しゃしん]を撮りましょう。	모두 나오도록 [사진]을 한 장 더 찍읍시다.
handmade_58	튀김	기름에 튀긴 음식이에요. 구운 음식과 달라요.	焼き物	구워 익힌 음식과 기름에 넣어 튀긴 음식을 구별한다.	この店の[揚げ物/あげもの]は、冷めてもおいしい。	이 가게의 [튀김]은 식어도 맛있다.	昨日は[揚げ物/あげもの]が多かったので、今日は蒸し野菜にした。	어제는 [튀김]이 많아서 오늘은 찐 채소로 했다.
handmade_61	수조	물을 담아 물고기 등을 기르는 용기예요. 자연 연못과 달라요.	池	땅에 형성된 연못과 인공 용기를 구별한다.	[水槽/すいそう]の隅に、小さな魚が隠れている。	[수조] 구석에 작은 물고기가 숨어 있다.	引っ越しの前に、[水槽/すいそう]の水を少し減らした。	이사 전에 [수조]의 물을 조금 줄였다.
handmade_64	책상	글을 쓰거나 공부할 때 쓰는 가구예요. 식탁과 용도가 달라요.	テーブル	넓은 의미의 탁자보다 공부와 사무용 가구에 잘 쓴다.	窓際に[机/つくえ]を置いたら、勉強するのが楽しくなった。	창가에 [책상]을 놓으니 공부가 즐거워졌다.	[机/つくえ]の引き出しが開かない。何か挟まったかな。	[책상] 서랍이 안 열려. 뭐가 끼었나?
handmade_67	시계 바늘	시계판에서 시간을 가리켜요. 숫자 표시와 구별해요.	数字	시각을 표시하는 숫자와 움직여 가리키는 바늘을 구별한다.	時計の[針/はり]が十二を指した。	시계 [바늘]이 열두 시를 가리켰다.	この時計は[針/はり]が細くて、遠くから見づらい。	이 시계는 [바늘]이 가늘어서 멀리서 보기 어렵다.
handmade_70	누그러지다	통증이나 긴장 등의 강도가 약해져요. 완전히 사라지는 것과 달라요.	消える	없어지는 것보다 강도가 줄어드는 변화다.	音楽を聞いているうちに、緊張が[和らいだ/やわらいだ]。	음악을 듣는 동안 긴장이 [누그러졌다].	痛みが[和らぐ/やわらぐ]まで、ここで休んでいよう。	통증이 [누그러질] 때까지 여기서 쉬자.
handmade_73	바둑	흑백 돌로 집을 겨루는 놀이예요. 말을 움직이는 놀이와 달라요.	将棋	놓은 돌로 영역을 겨루는 바둑과 말을 움직여 왕을 잡는 장기를 구별한다.	祖父に[碁/ご]を教わったが、まだ一度も勝てない。	할아버지께 [바둑]을 배웠지만 아직 한 번도 이기지 못했다.	公園で[碁/ご]を打つ二人の周りに、人が集まっていた。	공원에서 [바둑]을 두는 두 사람 주위로 사람들이 모여 있었다.
handmade_76	장래	앞으로의 삶이나 진로를 떠올려요. 미래 전반보다 개인의 앞날에 잘 써요.	未来	앞으로의 시간 전체보다 사람이나 조직의 앞날에 초점을 둔다.	[将来/しょうらい]は海の近くで暮らしたい。	[장래]에는 바다 근처에서 살고 싶다.	弟は自分の[将来/しょうらい]について、初めて真剣に話した。	남동생이 자기 [장래]에 대해 처음으로 진지하게 이야기했다.
handmade_79	합격	시험이나 심사의 기준을 통과했어요. 입학 자체와는 달라요.	入学	시험에 붙는 것과 실제 학교에 들어가는 절차를 구별한다.	番号を見つけて、ようやく[合格/ごうかく]を実感した。	번호를 발견하고서야 [합격]을 실감했다.	[合格/ごうかく]の知らせを、まず母に伝えた。	[합격] 소식을 먼저 어머니께 전했다.
handmade_82	연락	상대에게 소식이나 정보를 전해요. 알리는 것보다 상호 연결의 뜻도 있어요.	報告	결과를 정리해 윗사람 등에게 알리는 보고보다 연락은 용도가 넓다.	着いたら、短い[連絡/れんらく]だけでもください。	도착하면 짧게라도 [연락] 주세요.	友達と[連絡/れんらく]が取れず、待ち合わせ場所で待った。	친구와 [연락]이 안 돼서 약속 장소에서 기다렸다.
handmade_85	끝 무렵	한 기간의 마지막 부분이에요. 마지막 하루만 뜻하지는 않아요.	最終日	기간의 마지막 하루와 말기의 넓은 시점을 구별한다.	今月の[末/すえ]に、姉が帰国します。	이번 달 [말]에 언니가 귀국합니다.	夏の[末/すえ]には、この浜も静かになる。	여름 [끝 무렵]에는 이 해변도 조용해진다.
handmade_88	머리	목 위에 있는 신체 부위예요. 머리카락 자체와 달라요.	髪	신체의 머리와 그 위에 난 털을 구별한다.	低い入口で[頭/あたま]をぶつけた。	낮은 입구에 [머리]를 부딪쳤다.	写真を撮るので、少し[頭/あたま]を右に傾けてください。	사진을 찍을 테니 [머리]를 조금 오른쪽으로 기울여 주세요.
handmade_91	수리	망가진 물건의 기능을 고쳐요. 내용 수정과 달라요.	修正	문장과 계획 등의 오류를 고치는 것과 물건의 기능 복구를 구별한다.	祖母の時計を[修理/しゅうり]して、また使えるようにした。	할머니의 시계를 [수리]해서 다시 쓸 수 있게 했다.	屋根の[修理/しゅうり]中は、庭に入らないでください。	지붕 [수리] 중에는 마당에 들어오지 마세요.
handmade_94	춥다	주변 공기 때문에 몸이 차게 느껴져요. 물체의 촉감과 구별해요.	冷たい	물이나 물체를 만질 때의 차가움보다 기온을 느끼는 말이다.	山の朝は思ったより[寒かった/さむかった]。	산의 아침은 생각보다 [추웠다].	[寒ければ/さむければ]、この上着を使ってね。	[추우면] 이 겉옷을 입어.
handmade_97	치아	음식을 씹는 단단한 부분이에요. 잇몸과 구별해요.	歯茎	이를 받치는 조직과 이 자체는 다르다.	鏡を見ると、[歯/は]にのりがついていた。	거울을 보니 [이]에 김이 붙어 있었다.	奥の[歯/は]が痛むので、今日は柔らかい物を食べた。	안쪽 [이]가 아파서 오늘은 부드러운 것을 먹었다.
handmade_100	누구	사람이 어느 사람인지 물어요. 공손한 표현과 말투가 달라요.	どなた	뜻은 같지만 상대를 높이는 정도가 다르다.	玄関にいるのは[誰/だれ]？	현관에 있는 건 [누구]야?	この傘、[誰/だれ]のか知りませんか。	이 우산이 [누구] 것인지 모르세요?
handmade_103	본심	겉으로 한 말 뒤에 있는 진짜 마음이에요.	本音	뜻이 겹치지만 마음속의 생각 자체에 초점을 두며 솔직한 발언만을 뜻하지 않는다.	笑っていたけれど、彼の[本心/ほんしん]は分からない。	웃고 있었지만 그의 [본심]은 모르겠다.	あの手紙を読んで、初めて母の[本心/ほんしん]を知った。	그 편지를 읽고 처음으로 어머니의 [본심]을 알았다.
handmade_106	제대로	흐트러지거나 빠진 데 없이 해요. 제대로 한다는 뜻에 정돈과 정확함을 더 강조해요.	ちゃんと	둘 다 제대로 한다는 뜻으로 겹친다. きちんと는 정돈되고 정확한 모습을 더 강조하며 ちゃんと보다 다소 격식을 느낄 수 있다.	靴は入口に[きちんと/きちんと]並べてね。	신발은 입구에 [가지런히] 놓아 줘.	謝る前に、何が悪かったか[きちんと/きちんと]考えたい。	사과하기 전에 무엇을 잘못했는지 [제대로] 생각하고 싶다.
handmade_109	세계관	작품이나 사고를 이루는 세계의 구성과 관점이에요.	舞台	장소와 시대인 배경보다 그 세계의 규칙과 가치관까지 포함한다.	このゲームは独特な[世界観/せかいかん]で人気がある。	이 게임은 독특한 [세계관]으로 인기가 있다.	衣装一つで、映画の[世界観/せかいかん]が伝わってきた。	의상 하나로 영화의 [세계관]이 전해져 왔다.
handmade_112	애칭	애정과 친근함을 담아 부르는 이름이에요. 별명 가운데 그런 성격이 강조돼요.	あだ名	あだ名는 친근한 별명뿐 아니라 놀리는 별명도 포함한다. 愛称은 애정이나 친근함을 담은 이름을 가리킨다.	祖父の[愛称/あいしょう]は、近所でも知られている。	할아버지의 [애칭]은 이웃에도 알려져 있다.	新しい列車の[愛称/あいしょう]を、子供たちから募集した。	새 열차의 [애칭]을 아이들에게 공모했다.
handmade_115	기울이다	곧게 있던 것을 비스듬하게 해요. 기우는 대상보다 기울이는 쪽의 동작이에요.	傾く	대상이 기우는 것과 누군가 그 대상을 기울이는 것을 구별한다.	瓶を少し[傾ける/かたむける]と、最後の一滴が落ちた。	병을 조금 [기울이자] 마지막 한 방울이 떨어졌다.	画面をこちらに[傾けて/かたむけて]もらえますか。	화면을 이쪽으로 [기울여] 주실 수 있나요?
handmade_118	들어가다	공간 안쪽으로 이동해요. 물건을 넣는 행동과 구별해요.	入れる	대상이 스스로 들어가는 것과 다른 것을 넣는 행동은 다르다.	靴を脱いでから、部屋に[入って/はいって]ください。	신발을 벗고 방에 [들어가] 주세요.	猫が箱に[入った/はいった]まま、出てこない。	고양이가 상자에 [들어간] 채 나오지 않는다.
handmade_121	창문	벽에 있어 빛과 공기가 드나들어요. 출입문과 구별해요.	戸	사람의 출입을 위한 문과 빛이나 환기를 위한 창을 구별한다.	[窓/まど]を開けたら、金木犀の香りがした。	[창문]을 열자 금목서 향이 났다.	ボールが[窓/まど]に当たって、みんな凍りついた。	공이 [창문]에 맞아서 모두 얼어붙었다.
handmade_124	작년	올해 바로 전 해예요. 문맥상의 이전 해와 구별해요.	前年	발화 시점 기준의 작년과 어떤 해를 기준으로 한 전년을 구별한다.	[去年/きょねん]の今頃は、まだこの町を知らなかった。	[작년] 이맘때는 아직 이 마을을 몰랐다.	そのコート、[去年/きょねん]も着ていたね。	그 코트는 [작년]에도 입었지.
handmade_127	금액	돈이 얼마나 되는지 나타내요. 물건값만 뜻하지 않아요.	値段	개별 물건의 가격보다 지급액이나 총액 등 돈의 양을 폭넓게 말한다.	振り込む[金額/きんがく]を一桁間違えそうになった。	송금할 [금액]을 한 자리 잘못 적을 뻔했다.	領収書の[金額/きんがく]が読めないので、書き直してもらった。	영수증의 [금액]이 안 보여서 다시 써 달라고 했다.
handmade_130	경찰	치안과 범죄 수사를 맡는 조직이에요. 경찰관 개인과 구별해요.	警察官	조직 전체를 나타내는 말과 그 조직의 개인을 구별한다.	財布を拾ったので、[警察/けいさつ]に届けた。	지갑을 주워서 [경찰]에 맡겼다.	事故の原因は、[警察/けいさつ]が調べている。	사고 원인은 [경찰]이 조사하고 있다.
handmade_133	팔	어깨에서 손목까지 이어지는 부위예요. 손과 구별해요.	手	손 부위와 그 위쪽 팔을 구별한다.	荷物を抱えすぎて、[腕/うで]が震えてきた。	짐을 너무 많이 안아서 [팔]이 떨리기 시작했다.	採血するので、[腕/うで]を伸ばしてください。	채혈할 테니 [팔]을 펴 주세요.
handmade_136	정치가	정치를 직업으로 하는 사람이에요. 공무원 전체와 달라요.	公務員	공공 업무를 맡는 직원 전체보다 정치 활동을 전문으로 하는 사람을 말한다.	駅前で[政治家/せいじか]が演説していた。	역 앞에서 [정치가]가 연설하고 있었다.	あの[政治家/せいじか]は、昔この学校の生徒だったそうだ。	저 [정치가]는 예전에 이 학교 학생이었다고 한다.
handmade_139	사장	회사를 대표하고 운영하는 직책이에요. 부서 책임자와 달라요.	部長	한 부서의 책임자보다 회사 전체의 대표 직책이다.	小さな会社なので、[社長/しゃちょう]も配達に出る。	작은 회사라서 [사장]도 배달을 나간다.	面接の最後に、[社長/しゃちょう]から意外な質問をされた。	면접 마지막에 [사장]에게 뜻밖의 질문을 받았다.
handmade_142	오사카	일본 간사이에 있는 도시 이름이에요. 비슷한 두 글자 지명과 구별해요.	大坂	현재 지명 표기와 역사적으로 쓰인 표기를 구별한다.	[大阪/おおさか]で食べたたこ焼きが忘れられない。	[오사카]에서 먹은 타코야키를 잊을 수 없다.	次の出張は[大阪/おおさか]なので、兄にも会えそうだ。	다음 출장은 [오사카]라서 형도 만날 수 있을 것 같다.
handmade_145	부패	음식 등이 썩어 변질되는 일이에요. 발효와 결과가 달라요.	発酵	미생물 작용 중 유용한 발효와 식품을 해롭게 변질시키는 부패를 구별한다.	冷蔵庫の故障で、肉の[腐敗/ふはい]が進んでいた。	냉장고 고장으로 고기의 [부패]가 진행되고 있었다.	魚の[腐敗/ふはい]を防ぐため、すぐに冷やした。	생선의 [부패]를 막으려고 바로 차갑게 했다.
handmade_148	벽	방을 나누거나 건물을 둘러싸는 면이에요. 담장과 구별해요.	塀	대지 둘레의 담보다 건물과 방의 벽에 잘 쓴다.	隣の部屋の声が、[壁/かべ]越しに聞こえる。	옆방 목소리가 [벽] 너머로 들린다.	白い[壁/かべ]に子供が虹を描いてしまった。	하얀 [벽]에 아이가 무지개를 그려 버렸다.
handmade_151	숙제	수업 뒤 집 등에서 하도록 받은 과제예요.	課題	해결해야 할 과제 전반보다 학교에서 내주는 학습 과제를 말한다.	[宿題/しゅくだい]を学校に忘れてきた。	[숙제]를 학교에 두고 왔다.	夏休みの[宿題/しゅくだい]は、最後の一週間に残したくない。	여름방학 [숙제]는 마지막 일주일에 남기고 싶지 않다.
handmade_154	사전	단어 뜻과 쓰임을 찾아보는 책이나 자료예요. 백과사전과 달라요.	百科事典	사물 지식을 설명하는 백과사전보다 언어의 뜻과 용법을 찾는 자료다.	古い[辞書/じしょ]には、その新しい言葉が載っていなかった。	오래된 [사전]에는 그 새로운 말이 실려 있지 않았다.	[辞書/じしょ]で調べた例文を、ノートに写した。	[사전]에서 찾아본 예문을 공책에 옮겼다.
AbsoluteVerb_3	잠들어 자다	실제 수면 상태예요. 단지 누워 있는 것과 구별해요.	寝る	누워 쉬는 뜻도 있는 말보다 잠든 상태에 초점을 둔다.	疲れていたのか、電車ですぐ[眠ってしまった/ねむってしまった]。	피곤했는지 전철에서 바로 [잠들어 버렸다].	子供が[眠る/ねむる]まで、廊下の明かりをつけておいた。	아이가 [잠들] 때까지 복도 불을 켜 두었다.
AbsoluteVerb_6	깨우다	자는 사람을 잠에서 깨어나게 해요. 잠에서 깨는 사람과 깨우는 사람을 구별해요.	起きる	자기가 일어나는 것과 다른 사람을 깨우는 행동을 구별한다.	明日は六時に[起こして/おこして]ね。	내일은 여섯 시에 [깨워] 줘.	大きなくしゃみで、赤ちゃんを[起こしてしまった/おこしてしまった]。	큰 재채기로 아기를 [깨워 버렸다].
AbsoluteVerb_9	면도하다	날로 피부 가까이의 털을 깎아요. 가위로 다듬는 것과 달라요.	刈る	머리나 풀을 잘라내는 것보다 피부에 붙은 털을 밀어 없애는 뜻이다.	父がひげを[剃った/そった]ら、少し若く見えた。	아버지가 수염을 [깎으니] 조금 젊어 보였다.	急いで[剃る/そる]と、肌を傷つけるよ。	서둘러 [면도하면] 피부를 다치게 해.
AbsoluteVerb_12	쉬다	일이나 움직임을 멈추고 몸을 쉬게 해요. 자야만 하는 것은 아니에요.	眠る	수면을 취하는 것과 달리 깨어 쉬는 것도 포함한다.	足が痛いから、あのベンチで[休もう/やすもう]。	발이 아프니까 저 벤치에서 [쉬자].	十分[休んだ/やすんだ]だけで、ずいぶん楽になった。	십 분 [쉬었을] 뿐인데 한결 편해졌다.
AbsoluteVerb_15	해가 지다	해가 지평선 아래로 내려가요. 어두워지는 것 자체와 달라요.	暮れる	날이 저무는 상태보다 해가 아래로 사라지는 움직임에 초점을 둔다.	海に夕日が[沈む/しずむ]のを、二人で見ていた。	바다로 해가 [지는] 것을 둘이 보고 있었다.	山の向こうに日が[沈んだ/しずんだ]後、急に寒くなった。	산 너머로 해가 [진] 뒤 갑자기 추워졌다.
AbsoluteVerb_18	그치다	이어지던 비나 소리가 멎어요. 이동이 멈추는 것과 달라요.	止まる	이동이나 기계의 정지보다 계속되던 비와 소리 등에 잘 쓴다.	雨が[止んだ/やんだ]ので、傘を閉じた。	비가 [그쳐서] 우산을 접었다.	拍手が[止む/やむ]まで、歌手は頭を下げていた。	박수가 [멎을] 때까지 가수는 고개를 숙이고 있었다.
AbsoluteVerb_21	빛나다	빛을 내거나 반사해 눈에 보여요. 찬란함을 강조할 필요는 없어요.	輝く	눈부신 인상을 강조하는 말보다 작은 빛이 보이는 경우에도 넓게 쓴다.	暗闇で猫の目が[光った/ひかった]。	어둠 속에서 고양이 눈이 [빛났다].	ボタンが緑に[光っている/ひかっている]間は、電源を切らないで。	버튼이 초록색으로 [빛나는] 동안은 전원을 끄지 마.
AbsoluteVerb_24	날씨가 흐려지다	구름이 하늘을 덮어요. 비가 온다는 뜻은 아니에요.	雨が降る	하늘이 구름으로 흐려지는 것과 실제 비가 내리는 것을 구별한다.	午後から[曇って/くもって]、海の色が変わった。	오후부터 [흐려져서] 바다 색이 바뀌었다.	明日は[曇る/くもる]らしいから、星は見えないかもしれない。	내일은 [흐려진다고] 하니 별은 안 보일지도 모른다.
AbsoluteVerb_27	계속하다	하던 일을 중간에 그만두지 않아요. 이어지는 상태보다 계속하는 쪽의 행동이에요.	続く	상태가 이어지는 것과 주체가 일을 이어 하는 것을 구별한다.	忙しくても、日記だけは[続けている/つづけている]。	바빠도 일기만은 [계속 쓰고 있다].	足が痛むなら、練習を[続けないで/つづけないで]ください。	발이 아프면 연습을 [계속하지 마] 주세요.
AbsoluteVerb_30	보다	눈을 통해 대상을 살펴요. 보이는 가능성과는 달라요.	見える	대상이 눈에 보이는 상태와 눈을 향해 대상을 살피는 행동을 구별한다.	転ぶ前に、足元をよく[見て/みて]。	넘어지기 전에 발밑을 잘 [봐].	昨日[見た/みた]映画の話で、昼休みが終わった。	어제 [본] 영화 이야기로 점심시간이 끝났다.
AbsoluteVerb_33	먹다	음식을 입으로 씹어 넘겨요. 음료를 마시는 것과 구별해요.	飲む	주로 고형 음식을 먹는 것과 액체를 마시는 것을 구별한다.	熱いうちに[食べて/たべて]ね。	따뜻할 때 [먹어].	お腹がいっぱいで、デザートまで[食べられなかった/たべられなかった]。	배가 불러서 디저트까지는 [먹을 수 없었다].
AbsoluteVerb_36	들이마시다	공기를 안으로 빨아들여요. 향을 맡는 것만과는 달라요.	嗅ぐ	냄새를 알아보는 것과 공기를 들이마시는 행위를 구별한다.	窓を開けて、朝の空気を深く[吸った/すった]。	창문을 열고 아침 공기를 깊이 [들이마셨다].	息を[吸う/すう]と、胸が少し痛む。	숨을 [들이마시면] 가슴이 조금 아프다.
AbsoluteVerb_39	울다	감정 때문에 눈물을 흘려요. 동물의 울음과 표기가 달라요.	鳴く	동물의 울음소리와 사람의 눈물 어린 울음을 구별한다.	卒業式では[泣かない/なかない]と決めていたのに。	졸업식에서는 [울지 않겠다]고 다짐했는데.	妹は悔しくて[泣いた/ないた]後、もう一度挑戦した。	여동생은 분해서 [운] 뒤 다시 도전했다.
AbsoluteVerb_42	달리다	발을 빠르게 움직여 앞으로 나아가요. 서두름 자체와 달라요.	急ぐ	행동을 빨리한다는 뜻보다 실제 뛰어 이동하는 동작이다.	犬と海岸を[走った/はしった]ら、靴が砂だらけになった。	개와 해변을 [달렸더니] 신발이 모래투성이가 됐다.	廊下では[走らないで/はしらないで]。人にぶつかるよ。	복도에서는 [달리지 마]. 사람과 부딪치겠어.
AbsoluteVerb_45	헤엄치다	물속에서 몸을 움직여 나아가요. 뜨기만 하는 것과 달라요.	浮く	물 위에 떠 있는 상태와 스스로 헤엄쳐 이동하는 행동을 구별한다.	向こう岸まで[泳げる/およげる]自信はない。	맞은편 기슭까지 [헤엄칠 수 있다는] 자신은 없다.	水族館で、ゆっくり[泳ぐ/およぐ]カメを眺めた。	수족관에서 천천히 [헤엄치는] 거북을 바라봤다.
AbsoluteVerb_48	치다	도구나 손으로 힘을 가해 때려요. 가볍게 두드리는 것보다 넓어요.	叩く	뜻이 겹치지만 공을 치거나 못을 박는 정해진 결합에 잘 쓰인다.	最初の球を[打った/うった]瞬間、バットが折れた。	첫 공을 [친] 순간 배트가 부러졌다.	ここに釘を[打って/うって]、絵を掛けよう。	여기에 못을 [박고] 그림을 걸자.
AbsoluteVerb_51	고민하다	쉽게 결정하지 못해 마음을 써요. 생각만 하는 것보다 괴로움이 있어요.	考える	생각하는 행위 전반보다 걱정과 갈등으로 마음이 힘든 상태다.	進学するか働くか、春まで[悩んだ/なやんだ]。	진학할지 일할지 봄까지 [고민했다].	一人で[悩まずに/なやまずに]、誰かに話してみたら？	혼자 [고민하지 말고] 누군가에게 말해 보면 어때?
AbsoluteVerb_54	확인하다	맞는지 직접 살펴 확실하게 해요. 처음 조사하는 것과 구별해요.	調べる	정보를 찾는 조사보다 알고 있는 내용이나 상태가 맞는지 확인하는 데 초점이 있다.	出発前に、ガスを止めたか[確かめた/たしかめた]。	출발 전에 가스를 잠갔는지 [확인했다].	本物かどうか、自分の目で[確かめたい/たしかめたい]。	진짜인지 내 눈으로 [확인하고 싶다].
AbsoluteVerb_57	상하다	물건의 상태가 나빠져요. 아픔을 느끼는 것과 표기가 달라요.	痛む	신체의 통증을 뜻하는 동음어와 달리 물건의 손상이나 식품의 변질이다.	雨にぬれて、本の表紙が[傷んだ/いたんだ]。	비에 젖어서 책 표지가 [상했다].	この桃は[傷みやすい/いたみやすい]ので、早めに食べてね。	이 복숭아는 [상하기 쉬우니] 일찍 먹어.
AbsoluteVerb_60	이야기하다	상대에게 말로 내용을 전해요. 한마디 말하는 것보다 넓어요.	言う	발언 자체보다 내용을 풀어 전달하거나 대화하는 데 잘 쓴다.	祖母は昔の町について[話してくれた/はなしてくれた]。	할머니는 옛 마을에 대해 [이야기해 주셨다].	二人だけで[話したい/はなしたい]ことがある。	둘만 [이야기하고 싶은] 일이 있다.
AbsoluteVerb_63	사실을 말해 주다	상태나 흔적이 어떤 사실을 드러내요. 말로 설명하는 것과 달라요.	話す	사람의 발화가 아니라 증거와 상황이 사실을 드러내는 용법이다.	すり減った靴が、旅の長さを[物語っていた/ものがたっていた]。	닳은 신발이 여행의 길이를 [말해 주고 있었다].	この静けさが、試合の結果を[物語っている/ものがたっている]。	이 고요함이 경기 결과를 [말해 주고 있다].
AbsoluteVerb_66	속삭이다	바로 곁에서 작은 목소리로 말해요. 혼잣말과 구별해요.	つぶやく	혼자 중얼거리는 것보다 상대에게 낮은 목소리로 전달하는 장면에 잘 쓴다.	姉が耳元で「おめでとう」と[ささやいた/ささやいた]。	언니가 귓가에 “축하해”라고 [속삭였다].	図書館では、友達に[ささやく/ささやく]声まで大きく感じた。	도서관에서는 친구에게 [속삭이는] 소리마저 크게 느껴졌다.
AbsoluteVerb_69	외치다	목소리를 크게 내어 전해요. 단순히 말하는 것보다 강해요.	呼ぶ	상대를 부르는 목적보다 큰 소리를 내는 방식에 초점이 있다.	危ないと思って、思わず「止まれ」と[叫んだ/さけんだ]。	위험하다고 생각해서 나도 모르게 “멈춰”라고 [외쳤다].	波の音で、いくら[叫んでも/さけんでも]声が届かなかった。	파도 소리 때문에 아무리 [외쳐도] 목소리가 닿지 않았다.
AbsoluteVerb_72	시간이 걸리다	끝내는 데 일정한 시간이 필요해요. 시간을 일부러 쓰는 것과 달라요.	掛ける	필요한 시간이 드는 자동사와 시간을 들이는 타동사를 구별한다.	修理には一週間[掛かる/かかる]と言われた。	수리에는 일주일 [걸린다는] 말을 들었다.	道が空いていて、三十分も[掛からなかった/かからなかった]。	길이 한산해서 삼십 분도 [걸리지 않았다].
AbsoluteVerb_75	글·기록·표시 등을 없애다	쓰인 표시나 저장된 것을 없애요. 공식적인 삭제보다 일상적인 말이에요.	削除する	기록 삭제에는 서로 바꿀 수 있으며, 이 말은 칠판 글씨 지우기처럼 물리적인 표시에도 널리 쓴다.	黒板の日付だけ[消して/けして]ください。	칠판의 날짜만 [지워] 주세요.	間違って、大事な写真まで[消してしまった/けしてしまった]。	실수로 중요한 사진까지 [지워 버렸다].
AbsoluteVerb_78	닫다	열린 문이나 창을 닫아요. 잠그는 것까지 뜻하지 않아요.	締める	조여 고정하거나 매는 동음어와 문을 닫는 표기를 구별한다.	風が強くなったので、窓を[閉めた/しめた]。	바람이 강해져서 창문을 [닫았다].	まだ人が乗るので、ドアを[閉めないで/しめないで]ください。	아직 사람이 탈 테니 문을 [닫지 말아] 주세요.
AbsoluteVerb_81	들다	손으로 잡아 지탱해요. 다른 곳으로 나르는 것까지는 아니에요.	運ぶ	장소 사이로 나르는 이동보다 손에 들고 있는 상태에 초점을 둔다.	ちょっとこの袋を[持って/もって]。靴ひもを結びたい。	잠깐 이 봉투 좀 [들어 줘]. 신발 끈을 묶고 싶어.	片手に傘を[持った/もった]まま、鍵を探した。	한 손에 우산을 [든] 채 열쇠를 찾았다.
AbsoluteVerb_84	잡아당기다	붙잡고 힘 있게 끌어요. 단순히 당기는 것보다 동작이 두드러져요.	引く	당기는 뜻이 겹치지만 붙잡아 세게 끄는 동작을 강조한다.	子供が私の袖を[引っ張った/ひっぱった]。	아이가 내 소매를 [잡아당겼다].	そのコードを[引っ張らないで/ひっぱらないで]。ランプが落ちるよ。	그 전선을 [잡아당기지 마]. 전등이 떨어지겠어.
AbsoluteVerb_87	흔들다	손이나 물건을 방향을 바꾸며 움직여요. 흔들어 주는 움직임과 겹치지만 손짓에도 자주 써요.	揺らす	振る는 손을 흔들거나 물건을 휘두르는 동작에 쓰고, 揺らす는 대상이 흔들리게 하는 동작이다. 병처럼 흔드는 대상에서는 겹칠 수 있다.	バスが見えなくなるまで、手を[振った/ふった]。	버스가 보이지 않을 때까지 손을 [흔들었다].	瓶をよく[振って/ふって]から、コップに注いでください。	병을 잘 [흔든] 뒤 컵에 따라 주세요.
AbsoluteVerb_90	묶다	끈의 끝을 얽어 매듭을 만들어요. 단순히 감는 것과 달라요.	巻く	주위로 감는 동작과 끝을 매듭지어 고정하는 것을 구별한다.	ほどけないように、靴ひもを強く[結んだ/むすんだ]。	풀리지 않게 신발 끈을 단단히 [묶었다].	リボンを[結ぶ/むすぶ]だけで、普通の箱が贈り物らしくなった。	리본을 [묶기만] 해도 평범한 상자가 선물다워졌다.
AbsoluteVerb_93	거슬리다	마음이나 감각에 불쾌하게 걸려요. 손으로 닿는 동음어와 달라요.	触る	신체적으로 닿는 뜻과 달리 불쾌감을 주거나 지장을 준다.	彼の笑い方が、どうも気に[障る/さわる]。	그의 웃는 방식이 어쩐지 마음에 [거슬린다].	耳に[障る/さわる]音がして、窓を閉めた。	귀에 [거슬리는] 소리가 나서 창문을 닫았다.
AbsoluteVerb_96	붙이다	종이나 천처럼 얇은 것을 표면에 붙여요.	張る	줄을 팽팽히 치는 표기와 구별하며 얇은 물건을 접착하는 데 쓴다.	封筒に切手を[貼った/はった]後で、宛名を書き忘れたと気づいた。	봉투에 우표를 [붙인] 뒤 주소를 안 썼다는 것을 깨달았다.	このシールは窓に[貼らないで/はらないで]ください。	이 스티커는 창문에 [붙이지 말아] 주세요.
AbsoluteVerb_99	넘기다	종이 한 장의 끝을 들어 다음 면으로 보내요.	めくれる	종이가 뒤집히는 변화와 사람이 종이를 넘기는 행동을 구별한다.	アルバムを[捲る/めくる]たびに、思い出がよみがえる。	앨범을 [넘길] 때마다 추억이 되살아난다.	風が強くて、次のページをうまく[捲れない/めくれない]。	바람이 강해서 다음 쪽을 잘 [넘길 수 없다].
AbsoluteVerb_102	만들다	재료와 작업으로 새로운 것을 완성해요. 완성된 결과보다 만드는 쪽의 행위에 초점이 있어요.	出来る	완성되는 결과와 사람이 만드는 행위를 구별한다.	余った布で、小さな袋を[作った/つくった]。	남은 천으로 작은 주머니를 [만들었다].	今夜は何も[作りたくない/つくりたくない]から、外で食べよう。	오늘 밤은 아무것도 [만들고 싶지 않으니] 밖에서 먹자.
AbsoluteVerb_105	일어서다	앉아 있던 자세에서 몸을 세워요. 서 있는 상태와 달라요.	立つ	서 있다는 상태보다 앉거나 누운 자세에서 일어나는 변화가 뚜렷하다.	名前を呼ばれて、ゆっくり[立ち上がった/たちあがった]。	이름이 불려 천천히 [일어섰다].	急に[立ち上がる/たちあがる]と、めまいがする。	갑자기 [일어서면] 어지럽다.
AbsoluteVerb_108	엎어 놓다	위쪽이나 앞면이 아래를 향하게 놓아요.	倒す	옆으로 넘어뜨리는 것과 앞면을 아래로 뒤집어 놓는 것을 구별한다.	答えが見えないように、カードを[伏せた/ふせた]。	답이 안 보이게 카드를 [엎어 놓았다].	洗った茶碗は、布の上に[伏せて/ふせて]ください。	씻은 찻잔은 천 위에 [엎어 놓아] 주세요.
AbsoluteVerb_111	팔다리를 교차하다	팔이나 다리를 서로 걸어 포개요. 단순히 굽히는 것과 달라요.	曲げる	한 부위를 굽히는 것과 둘을 교차해 끼는 것을 구별한다.	父は腕を[組んで/くんで]、黙って話を聞いていた。	아버지는 팔짱을 [끼고] 묵묵히 이야기를 듣고 계셨다.	足を[組む/くむ]と机に膝が当たるので、座り直した。	다리를 [꼬면] 책상에 무릎이 닿아서 다시 앉았다.
AbsoluteVerb_114	애도하다	세상을 떠난 이를 생각하며 슬퍼해요. 일반 슬픔보다 대상이 좁아요.	悲しむ	넓은 슬픔과 달리 주로 사람의 죽음을 슬퍼하는 말이다.	村の人々が、恩師の死を[悼んだ/いたんだ]。	마을 사람들이 은사의 죽음을 [애도했다].	犠牲者を[悼む/いたむ]花が、駅前に静かに置かれていた。	희생자를 [애도하는] 꽃이 역 앞에 조용히 놓여 있었다.
AbsoluteVerb_117	싫어하다	마음에 들지 않아 피하려는 마음이에요. 두려움과는 달라요.	怖がる	무서워하는 감정보다 싫어서 멀리하는 태도다.	この植物は強い日差しを[嫌う/きらう]。	이 식물은 강한 햇볕을 [싫어한다].	彼は無駄な争いを[嫌って/きらって]、口を挟まなかった。	그는 쓸데없는 다툼을 [싫어해서] 끼어들지 않았다.
AbsoluteVerb_120	아쉬워하다	끝나거나 떠나는 것을 서운하게 여겨요. 잘못을 후회하는 것과 달라요.	悔やむ	실수 등을 후회하는 것과 달리 소중한 것을 잃거나 보내기 아쉬워한다.	友人との別れを[惜しんで/おしんで]、駅で何度も手を振った。	친구와의 이별을 [아쉬워하며] 역에서 몇 번이나 손을 흔들었다.	名選手の引退を[惜しむ/おしむ]声が多く寄せられた。	명선수의 은퇴를 [아쉬워하는] 목소리가 많이 전해졌다.
AbsoluteVerb_123	놀라게 하다	상대가 뜻밖이라고 느끼게 만들어요. 놀라는 사람 쪽과 구별해요.	驚く	놀라는 자동사와 다른 사람을 놀라게 하는 타동사다.	後ろから急に声をかけて、姉を[驚かした/おどろかした]。	뒤에서 갑자기 말을 걸어 언니를 [놀라게 했다].	そんな大声で[驚かさないで/おどろかさないで]よ。	그렇게 큰 소리로 [놀라게 하지 마].
AbsoluteVerb_126	귀여워하다	애정을 가지고 돌보거나 예뻐해요. 예쁘다는 판단만은 아니에요.	かわいい	귀엽다는 성질의 평가와 애정을 주는 행동을 구별한다.	祖母は拾った猫をとても[可愛がっている/かわいがっている]。	할머니는 주운 고양이를 무척 [귀여워하신다].	近所の人にも[可愛がられて/かわいがられて]、弟はのびのび育った。	이웃에게도 [사랑받으며] 남동생은 밝게 자랐다.
AbsoluteVerb_129	화내다	마음에 분노가 생겨 드러나요. 상대를 타이르는 것과 달라요.	叱る	잘못을 지적해 꾸짖는 행위보다 화난 감정 자체에 초점을 둔다.	約束を忘れたら、友達が本気で[怒った/おこった]。	약속을 잊었더니 친구가 진심으로 [화냈다].	[怒らないで/おこらないで]聞いてほしいんだけど、お皿を割った。	[화내지 말고] 들어 줬으면 하는데 접시를 깼어.
AbsoluteVerb_132	괴롭히다	일부러 상대를 힘들게 해요. 단순 장난보다 악의가 있어요.	からかう	가볍게 놀리는 것보다 반복적이거나 악의적으로 고통을 주는 뜻이 강하다.	弱い子を[いじめる/いじめる]のを見て、黙っていられなかった。	약한 아이를 [괴롭히는] 것을 보고 가만있을 수 없었다.	小さな動物を[いじめないで/いじめないで]。怖がっているよ。	작은 동물을 [괴롭히지 마]. 무서워하고 있잖아.
AbsoluteVerb_135	책망하다	잘못의 책임을 물으며 비난해요. 적을 공격하는 동음어와 달라요.	攻める	상대를 공격하는 뜻과 잘못을 탓하는 뜻을 구별한다.	失敗した人ばかり[責めても/せめても]、問題は解決しない。	실패한 사람만 [책망해도] 문제는 해결되지 않는다.	彼女は約束を守れなかった自分を[責めていた/せめていた]。	그녀는 약속을 지키지 못한 자신을 [책망하고 있었다].
AbsoluteVerb_138	어긋나다	계획이나 예상이 본래대로 맞지 않게 돼요.	変わる	일반적인 변화보다 기준이나 계산에서 벗어나 틀어지는 뜻이다.	電車の遅れで、予定がすっかり[狂った/くるった]。	전철 지연으로 예정이 완전히 [어긋났다].	ここで雨が降ると、計算が[狂う/くるう]。	여기서 비가 오면 계산이 [어긋난다].
AbsoluteVerb_141	골치 아프게 하다	문제가 누군가를 고민하게 해요. 고민하는 쪽과 구별해요.	悩む	고민하는 주체와 고민을 일으키는 원인의 관계가 다르다.	毎晩の騒音が、住民を[悩ましている/なやましている]。	매일 밤 소음이 주민들을 [괴롭히고 있다].	夕飯の献立が、今日も私の頭を[悩ます/なやます]。	저녁 메뉴가 오늘도 내 [골치를 아프게 한다].
AbsoluteVerb_144	어리둥절하다	뜻밖의 상황에 어떻게 할지 몰라요. 단순한 놀람보다 망설임이 있어요.	驚く	놀라는 반응에 더해 대처 방법을 몰라 당황하는 뜻이다.	初めての受付方法に[戸惑った/とまどった]。	처음 접하는 접수 방법에 [어리둥절했다].	急に褒められて[戸惑う/とまどう]弟を見て、母が笑った。	갑작스러운 칭찬에 [어리둥절해하는] 남동생을 보고 어머니가 웃으셨다.
AbsoluteVerb_147	서성거리다	정처 없이 주변을 왔다 갔다 해요. 목적 있는 산책과 달라요.	散歩する	즐기며 걷는 것보다 목적이 분명하지 않은 배회에 가깝다.	鍵を忘れて、家の前を[うろついていた/うろついていた]。	열쇠를 잊어서 집 앞을 [서성이고 있었다].	閉店後に店の周りを[うろつく/うろつく]人がいて、気になった。	폐점 후 가게 주변을 [서성이는] 사람이 있어 신경 쓰였다.
AbsoluteVerb_150	망설이다	바로 행동하지 못하고 잠시 머뭇거려요. 선택 고민만은 아니에요.	迷う	선택을 못 정하는 뜻과 겹치지만 실제 행동을 앞두고 주저하는 데 초점이 있다.	値段を見て、注文するのを[ためらった/ためらった]。	가격을 보고 주문하기를 [망설였다].	困ったら、[ためらわずに/ためらわずに]声をかけてください。	곤란하면 [망설이지 말고] 말을 걸어 주세요.
AbsoluteVerb_153	바라다	좋은 결과가 이루어지기를 마음으로 원해요. 구체적인 기도 행위와는 달라요.	祈る	기도하는 형식 없이도 소망을 품는 뜻으로 쓴다.	旅の安全を[願って/ねがって]、小さなお守りを渡した。	여행의 안전을 [바라며] 작은 부적을 건넸다.	ただ、家族が元気でいてくれることを[願う/ねがう]。	그저 가족이 건강하게 지내 주기를 [바란다].
AbsoluteVerb_156	포기하다	바라던 일을 더는 추구하지 않기로 해요. 제안을 거절하는 것과 달라요.	断る	다른 사람의 요청을 거절하는 것과 자기 목표를 내려놓는 것을 구별한다.	満席と聞いて、今日の出発は[諦めた/あきらめた]。	만석이라는 말을 듣고 오늘 출발은 [포기했다].	まだ一回しか試していないのに、[諦める/あきらめる]の？	아직 한 번밖에 안 해 봤는데 [포기할] 거야?
AbsoluteVerb_159	용서하다	상대의 잘못을 더는 탓하지 않아요. 단순히 잊는 것과 달라요.	忘れる	잘못을 기억하지 못하는 것과 책임을 묻지 않기로 하는 것은 다르다.	謝ってくれたので、今回は[許した/ゆるした]。	사과해 줬으니 이번에는 [용서했다].	自分を傷つけた人を、すぐには[許せない/ゆるせない]。	자신을 상처 준 사람을 곧바로는 [용서할 수 없다].
AbsoluteVerb_162	있다	사람이나 동물이 그 장소에 있어요. 물건의 존재와 구별해요.	ある	사람과 동물의 존재를 나타낼 때 주로 쓰는 말이다.	庭に知らない猫が[いる/いる]。	마당에 모르는 고양이가 [있다].	先生は今、職員室に[います/います]か。	선생님은 지금 교무실에 [계신가요]?
AbsoluteVerb_165	살다	생명을 유지해요. 거주지에서 생활한다는 뜻과 달라요.	住む	거주지를 나타내는 것과 생명이 이어지는 것을 구별한다.	水がなければ、魚は[生きられない/いきられない]。	물이 없으면 물고기는 [살 수 없다].	百歳まで[生きた/いきた]祖母の話を、今もよく思い出す。	백 살까지 [사신] 할머니의 이야기가 지금도 자주 생각난다.
AbsoluteVerb_168	생활하다	하루하루 살림을 꾸리며 지내요. 주소만 나타내는 것과 달라요.	住む	거주 장소보다 일상생활의 모습과 지속에 초점을 둔다.	祖父は年金で静かに[暮らしている/くらしている]。	할아버지는 연금으로 조용히 [생활하고 계신다].	言葉の通じない国で[暮らす/くらす]のは、想像以上に大変だった。	말이 통하지 않는 나라에서 [생활하는] 것은 상상보다 힘들었다.
AbsoluteVerb_171	죽다	생명이 끝나요. 시드는 식물 표현과 구별해요.	枯れる	死ぬ는 사람·동물을 비롯한 생물의 생명이 끝남을 넓게 말하고 식물에도 쓸 수 있다. 枯れる는 식물이 말라 생기를 잃는 변화에 특히 자연스럽다.	長く飼っていた金魚が[死んだ/しんだ]。	오랫동안 기르던 금붕어가 [죽었다].	物語の主人公が最後に[死ぬ/しぬ]とは思わなかった。	이야기의 주인공이 마지막에 [죽을] 줄은 몰랐다.
AbsoluteVerb_174	꽃이 지다	꽃잎이 떨어져 흩어져요. 말라 죽는 것과는 달라요.	枯れる	생기를 잃어 마르는 것과 꽃잎이 떨어지는 현상을 구별한다.	昨夜の雨で、桜がほとんど[散った/ちった]。	어젯밤 비로 벚꽃이 거의 [졌다].	花が[散る/ちる]前に、もう一度この道を歩きたい。	꽃이 [지기] 전에 다시 한번 이 길을 걷고 싶다.
AbsoluteVerb_177	씨를 뿌리다	자라도록 흙에 씨앗을 뿌려요. 묘목 심기와 구별해요.	植える	모종이나 나무를 심는 것보다 씨를 흙에 뿌리는 행동이다.	庭にひまわりの種を[蒔いた/まいた]。	마당에 해바라기 씨를 [뿌렸다].	今[蒔けば/まけば]、秋には収穫できるそうだ。	지금 [씨를 뿌리면] 가을에 수확할 수 있다고 한다.
AbsoluteVerb_180	익다	과일이 먹기 좋게 무르익어요. 열로 익히는 것과 달라요.	煮える	조리로 익는 것과 자연적으로 성숙하는 것을 구별한다.	庭の柿が[熟して/じゅくして]、鳥が集まってきた。	마당의 감이 [익어서] 새들이 모여들었다.	この桃はまだ十分に[熟していない/じゅくしていない]。	이 복숭아는 아직 충분히 [익지 않았다].
AbsoluteVerb_183	나다	풀이나 털이 새롭게 자라 나와요. 기르는 행동과 달라요.	生やす	풀이나 털 등이 돋는 변화와 누군가 그것을 기르는 행동을 구별한다.	雨の後、庭中に草が[生えていた/はえていた]。	비가 온 뒤 마당 전체에 풀이 [나 있었다].	ひげが[生える/はえる]ようになって、弟の顔つきが変わった。	수염이 [나게] 되면서 남동생의 얼굴 인상이 달라졌다.
AbsoluteVerb_186	짖다	개 등이 큰 울음소리를 내요. 동물 울음 전체보다 좁아요.	鳴く	동물의 소리를 넓게 말하는 것보다 개 등의 강한 울음을 나타낸다.	門の前を通ると、犬が[吠えた/ほえた]。	대문 앞을 지나니 개가 [짖었다].	うちの犬は、雷が鳴っても[吠えない/ほえない]。	우리 개는 천둥이 쳐도 [짖지 않는다].
AbsoluteVerb_189	옷을 입다	상의나 몸 전체에 걸치는 옷을 입어요. 하의 전용 말과 달라요.	穿く	바지나 치마를 입는 말과 상의나 전신 옷을 입는 말을 구별한다.	面接には白いシャツを[着て/きて]いこう。	면접에는 흰 셔츠를 [입고] 가자.	浴衣を[着た/きた]妹は、鏡の前で何度も振り返った。	유카타를 [입은] 여동생은 거울 앞에서 몇 번이나 돌아봤다.
AbsoluteVerb_192	하의를 입다	다리를 넣는 바지나 치마를 입어요. 상의와 동사가 달라요.	着る	상의나 전신 옷과 바지 등 하의를 입는 동사를 구별한다.	寒いので、厚いズボンを[穿いた/はいた]。	추워서 두꺼운 바지를 [입었다].	そのスカート、久しぶりに[穿く/はく]んだね。	그 치마 오랜만에 [입는구나].
AbsoluteVerb_195	씌우다	다른 대상 위에 덮어 놓아요. 자기가 쓰는 것과 달라요.	被る	자신이 머리에 쓰는 것과 다른 대상에 씌우는 것을 구별한다.	眠った子供に帽子を[被せた/かぶせた]。	잠든 아이에게 모자를 [씌웠다].	ほこりが入らないように、機械に布を[被せて/かぶせて]おこう。	먼지가 들어가지 않도록 기계에 천을 [씌워] 두자.
AbsoluteVerb_198	감다	주위로 돌려 둘러싸요. 매듭을 맺는 것과 달라요.	結ぶ	끝을 묶어 고정하는 것보다 주위에 둘러 감는 동작이다.	首にタオルを[巻いて/まいて]、畑へ出た。	목에 수건을 [두르고] 밭으로 나갔다.	余った糸を厚紙に[巻いた/まいた]。	남은 실을 두꺼운 종이에 [감았다].
AbsoluteVerb_201	잘게 썰다	재료를 작은 조각으로 여러 번 잘라요. 한 번 자르는 것보다 잘아요.	切る	자르는 뜻 전반보다 작게 여러 조각 내는 뜻이다.	ねぎを細かく[刻んで/きざんで]、最後に乗せます。	파를 잘게 [썰어서] 마지막에 올립니다.	玉ねぎを[刻む/きざむ]と、すぐ涙が出る。	양파를 [잘게 썰면] 금방 눈물이 난다.
AbsoluteVerb_204	볶다	적은 기름에 재료를 움직이며 익혀요. 기름에 잠기게 튀기지 않아요.	揚げる	많은 기름에 담가 튀기는 것과 적은 기름으로 볶는 것을 구별한다.	野菜を強火でさっと[炒めた/いためた]。	채소를 센 불에 재빨리 [볶았다].	ご飯を入れる前に、肉を[炒めて/いためて]おいてください。	밥을 넣기 전에 고기를 [볶아] 두세요.
AbsoluteVerb_207	삶다	재료를 끓는 물에 넣어 익혀요. 간한 국물로 조리는 것과 달라요.	煮る	양념한 국물에 조리는 것보다 물로 익히는 조리법이다.	卵を七分[ゆでた/ゆでた]ら、黄身が少し柔らかかった。	달걀을 칠 분 [삶았더니] 노른자가 조금 부드러웠다.	麺を[ゆでている/ゆでている]間に、皿を出して。	면을 [삶는] 동안 접시를 꺼내 줘.
AbsoluteVerb_210	굽다	불이나 뜨거운 면으로 익혀요. 물에 삶는 것과 달라요.	煮る	국물 속에서 익히는 것과 직접 열로 굽는 것을 구별한다.	パンを[焼きすぎて/やきすぎて]、端が黒くなった。	빵을 [너무 구워서] 가장자리가 검어졌다.	庭で魚を[焼く/やく]匂いが、隣まで届いた。	마당에서 생선을 [굽는] 냄새가 옆집까지 퍼졌다.
AbsoluteVerb_213	찌다	뜨거운 김으로 재료를 익혀요. 물에 직접 넣지 않아요.	ゆでる	끓는 물에 넣어 익히는 것과 증기로 익히는 것을 구별한다.	かぼちゃを[蒸した/むした]ら、甘い香りが広がった。	호박을 [쪘더니] 달콤한 향이 퍼졌다.	この肉まんは、電子レンジより鍋で[蒸す/むす]ほうがおいしい。	이 고기만두는 전자레인지보다 냄비에 [찌는] 편이 맛있다.
AbsoluteVerb_216	타다	너무 가열되어 음식 표면이 갈색이나 검게 변해요.	燃える	불꽃을 내며 타는 것보다 과열되어 그을리는 변화다.	火から離したのに、薄いクッキーの裏が[焦げていた/こげていた]。	불에서 내렸는데도 얇은 쿠키 뒷면이 [타 있었다].	鍋の底が[焦げない/こげない]ように、ときどき混ぜて。	냄비 바닥이 [타지 않도록] 가끔 저어 줘.
AbsoluteVerb_220	으깨다	눌러서 원래 모양을 무너뜨려요. 잘라 조각내는 것과 달라요.	刻む	칼로 잘게 써는 것과 압력으로 으깨는 것을 구별한다.	ゆでた芋をフォークで[潰した/つぶした]。	삶은 감자를 포크로 [으깼다].	箱を重ねると、中のいちごを[潰してしまう/つぶしてしまう]よ。	상자를 포개면 안의 딸기를 [뭉개 버리겠어].
AbsoluteVerb_223	데우다	식은 음식의 온도를 올려요. 직접 굽는 방법과는 달라요.	熱する	높은 온도로 가열하는 것보다 적당히 따뜻하게 하는 뜻이다.	冷めたスープをもう一度[温めた/あたためた]。	식은 수프를 다시 [데웠다].	お弁当は[温めます/あたためます]か。	도시락은 [데워 드릴까요]?
AbsoluteVerb_226	배우다	지식이나 원리를 익혀요. 외우기만 하는 것보다 넓어요.	覚える	기억하는 것만이 아니라 이해와 습득까지 포함한다.	大学では建築の歴史を[学んだ/まなんだ]。	대학에서는 건축의 역사를 [배웠다].	年を取っても、新しいことを[学びたい/まなびたい]。	나이가 들어도 새로운 것을 [배우고 싶다].
AbsoluteVerb_229	잊다	기억하던 것이 떠오르지 않아요. 물건을 잃는 것과 구별해요.	失う	대상을 상실하는 것과 기억을 떠올리지 못하는 것은 다르다.	久しぶりに会ったのに、名前を[忘れていた/わすれていた]。	오랜만에 만났는데 이름을 [잊고 있었다].	今日の景色は、一生[忘れない/わすれない]と思う。	오늘 풍경은 평생 [잊지 않을] 것 같다.
AbsoluteVerb_232	몸에 착용하다	옷과 장신구를 몸에 걸쳐요. 상의만 입는 표현보다 범위가 넓어요.	着る	상의나 전신 옷을 입는 것뿐 아니라 반지와 목걸이 같은 장신구의 착용도 나타낸다. 표기만으로 지식 습득 용법을 배제하지 않는다.	祖母の指輪を[身に着けて/みにつけて]、式に出た。	할머니의 반지를 [몸에 착용하고] 식에 참석했다.	作業中は、長いネックレスを[身に着けないで/みにつけないで]ください。	작업 중에는 긴 목걸이를 [착용하지 말아] 주세요.
AbsoluteVerb_235	보이다	눈앞에 들어와 볼 수 있어요. 일부러 바라보는 동작과 달라요.	見る	시선을 향하는 행동보다 시야에 들어오는 상태다.	霧が晴れて、山頂が[見えた/みえた]。	안개가 걷혀 정상이 [보였다].	この席から舞台はよく[見えます/みえます]か。	이 자리에서 무대는 잘 [보이나요]?
AbsoluteVerb_238	발견되다	찾던 대상이 눈에 띄어 나와요. 찾는 사람의 행동과 구별해요.	見付ける	사람이 찾아내는 것과 대상이 발견되는 관계가 다르다.	なくした鍵が洗濯機の中で[見付かった/みつかった]。	잃어버린 열쇠가 세탁기 안에서 [발견됐다].	条件に合う部屋が[見付かる/みつかる]まで、実家にいよう。	조건에 맞는 방을 [찾을] 때까지 본가에 있자.
AbsoluteVerb_241	묻다	문제나 책임을 정식으로 질문해요. 일상 질문보다 무게가 있어요.	聞く	일상적으로 묻는 말보다 의미나 책임 등 중요한 대상을 묻는 격식 있는 표현이다.	記者は市長に、説明が遅れた理由を[問うた/とうた]。	기자는 시장에게 설명이 늦어진 이유를 [물었다].	この小説は、幸せとは何かを読者に[問う/とう]。	이 소설은 행복이란 무엇인지 독자에게 [묻는다].
AbsoluteVerb_244	전해지다	말이나 마음이 상대에게 닿아요. 전하는 주체의 행동과 달라요.	伝える	내용을 전하는 행동과 그 내용이 전달되는 현상을 구별한다.	短い手紙からも、感謝の気持ちが[伝わった/つたわった]。	짧은 편지에서도 감사하는 마음이 [전해졌다].	言葉が分からなくても、笑顔なら[伝わる/つたわる]よ。	말을 몰라도 미소라면 [전해져].
AbsoluteVerb_247	베끼다	보이는 글을 그대로 옮겨 적어요. 요약하는 것과 달라요.	まとめる	내용을 줄여 정리하는 것과 원문을 그대로 옮기는 것을 구별한다.	黒板の式をノートに[写した/うつした]。	칠판의 식을 공책에 [옮겨 적었다].	答えを[写す/うつす]だけでは、解き方は分からない。	답을 [베끼기만] 해서는 푸는 방법을 알 수 없다.
AbsoluteVerb_250	나타나다	보이지 않던 모습이 눈앞에 드러나요. 나타내는 행동과 달라요.	現す	스스로 모습이 드러나는 자동사와 누군가 드러내는 타동사를 구별한다.	雲の間から月が[現れた/あらわれた]。	구름 사이로 달이 [나타났다].	待ち合わせの時間になっても、彼は[現れない/あらわれない]。	약속 시간이 되어도 그는 [나타나지 않는다].
AbsoluteVerb_253	저술하다	책이나 논문을 지어 써요. 일반 글쓰기보다 격식 있어요.	書く	무엇이든 쓰는 행동보다 내용 있는 책을 집필하는 뜻이다.	祖父は晩年、町の歴史を[著した/あらわした]。	할아버지는 말년에 마을 역사를 [저술하셨다].	一冊の本を[著す/あらわす]ために、十年かけて資料を集めた。	책 한 권을 [저술하기] 위해 십 년 동안 자료를 모았다.
AbsoluteVerb_256	돌아가다	자기 집이나 본래 생활하던 곳으로 가요. 아무 곳으로 돌아감보다 좁아요.	戻る	앞서 있던 곳 전반보다 집과 고향 등 자기 기반으로 돌아갈 때 쓴다.	終電がなくなる前に、家に[帰ろう/かえろう]。	막차가 끊기기 전에 집에 [돌아가자].	兄は正月も国に[帰れなかった/かえれなかった]。	형은 설에도 고국에 [돌아가지 못했다].
AbsoluteVerb_259	넣다	대상을 공간 안으로 옮겨요. 스스로 들어가는 것과 달라요.	入る	주체가 들어가는 것과 다른 물건을 안에 넣는 행동을 구별한다.	切符はなくさないように、財布に[入れた/いれた]。	표는 잃어버리지 않게 지갑에 [넣었다].	熱いまま冷蔵庫に[入れないで/いれないで]ください。	뜨거운 채로 냉장고에 [넣지 말아] 주세요.
AbsoluteVerb_262	떠나다	있던 장소를 뒤로하고 벗어나요. 출발점보다 이별의 느낌이 있어요.	出発する	여정을 시작하는 것보다 어떤 곳에서 떠나 멀어지는 데 초점을 둔다.	彼は何も言わずに部屋を[去った/さった]。	그는 아무 말도 없이 방을 [떠났다].	この町を[去る/さる]前に、先生に会っておきたい。	이 마을을 [떠나기] 전에 선생님을 만나 두고 싶다.
AbsoluteVerb_265	올라가다	위치가 아래에서 위로 옮겨요. 힘들여 등반하는 것과 달라요.	登る	산 등을 힘써 오르는 것보다 위쪽으로 이동하는 뜻이 넓다.	エレベーターで屋上に[上がった/あがった]。	엘리베이터로 옥상에 [올라갔다].	先に二階へ[上がって/あがって]いてください。	먼저 이 층에 [올라가] 계세요.
AbsoluteVerb_268	오르다	산이나 나무를 발과 힘을 써서 올라가요.	上がる	위치 상승 전반보다 높은 곳을 오르는 과정에 초점을 둔다.	子供の頃、この木によく[登った/のぼった]。	어릴 때 이 나무에 자주 [올랐다].	雨の日にあの山へ[登る/のぼる]のはやめよう。	비 오는 날 저 산에 [오르는] 것은 그만두자.
AbsoluteVerb_271	내려가다	높은 곳에서 낮은 곳으로 옮겨요. 떨어지는 것과 달라요.	落ちる	통제 없이 낙하하는 것과 내려가는 이동을 구별한다.	階段を[下りる/おりる]とき、手すりにつかまった。	계단을 [내려갈] 때 난간을 붙잡았다.	暗くなる前に山を[下りた/おりた]。	어두워지기 전에 산을 [내려왔다].
AbsoluteVerb_274	떨어지다	지지하던 곳에서 아래로 낙하해요. 스스로 내려가는 것과 달라요.	下りる	의도적으로 낮은 곳에 가는 것과 물체가 낙하하는 것을 구별한다.	棚から本が[落ちて/おちて]、猫が飛び上がった。	선반에서 책이 [떨어져서] 고양이가 펄쩍 뛰었다.	ポケットから鍵が[落ちない/おちない]ように、ボタンを留めた。	주머니에서 열쇠가 [떨어지지 않도록] 단추를 잠갔다.
AbsoluteVerb_277	지나가다	어떤 지점이나 길을 거쳐 가요. 그곳에 다니는 습관과 구별해요.	通う	특정 장소를 오가는 습관과 한 지점을 지나는 이동을 구별한다.	帰り道は、小学校の前を[通った/とおった]。	돌아오는 길은 초등학교 앞을 [지나갔다].	大きな荷物では、この門を[通れない/とおれない]。	큰 짐으로는 이 문을 [지나갈 수 없다].
AbsoluteVerb_280	되돌리다	이전 상태나 자리로 다시 옮겨요. 돌아오는 자동사와 달라요.	戻る	주체가 돌아가는 것과 다른 대상을 되돌리는 행동을 구별한다.	時計の針を一時間[戻した/もどした]。	시계 바늘을 한 시간 [되돌렸다].	使い終わった工具は、元の箱に[戻して/もどして]ください。	다 쓴 공구는 원래 상자에 [되돌려 놓아] 주세요.
AbsoluteVerb_283	흐르다	물 등이 이어서 이동해요. 누군가 흘려보내는 행동과 달라요.	流す	대상을 흘리는 행위가 아니라 유체 자체의 이동이다.	雪解け水が勢いよく[流れている/ながれている]。	눈 녹은 물이 힘차게 [흐르고 있다].	ここに水が[流れない/ながれない]のは、管が詰まっているからだ。	여기에 물이 [흐르지 않는] 것은 관이 막혔기 때문이다.
AbsoluteVerb_286	쓰러지다	서 있던 것이 기울어 바닥에 눕게 돼요. 넘어뜨리는 쪽과 달라요.	倒す	대상이 넘어지는 변화와 누군가 넘어뜨리는 행동을 구별한다.	強風で庭の木が[倒れた/たおれた]。	강풍으로 마당의 나무가 [쓰러졌다].	この棚は細いので、[倒れない/たおれない]ように壁に固定した。	이 선반은 가늘어서 [쓰러지지 않도록] 벽에 고정했다.
AbsoluteVerb_289	흉내 내다	다른 사람의 동작이나 방식을 따라 해요. 배우는 일 전체보다 좁아요.	習う	배우는 과정 전반보다 보이는 행동과 방식을 본뜨는 것이다.	弟は父の歩き方を[真似て/まねて]、みんなを笑わせた。	남동생은 아버지의 걸음걸이를 [흉내 내어] 모두를 웃겼다.	手本を[真似る/まねる]ところから、絵の練習を始めた。	본보기를 [따라 하는] 것부터 그림 연습을 시작했다.
AbsoluteVerb_292	지치다	몸이나 마음의 힘이 소모돼요. 흥미를 잃는 것과 달라요.	飽きる	반복에 싫증이 나는 것보다 활동으로 피로해지는 변화다.	慣れない靴で歩いて、いつもより[疲れた/つかれた]。	익숙하지 않은 신발로 걸어서 평소보다 [지쳤다].	[疲れたら/つかれたら]交替するから、無理しないで。	[지치면] 교대할 테니 무리하지 마.
AbsoluteVerb_295	움직이다	대상의 위치나 자세가 바뀌어요. 다른 것을 움직이는 것과 달라요.	動かす	대상이 움직이는 자동사와 그것을 움직이는 타동사를 구별한다.	石だと思ったものが、急に[動いた/うごいた]。	돌인 줄 알았던 것이 갑자기 [움직였다].	写真を撮るから、そのまま[動かないで/うごかないで]。	사진을 찍을 테니 그대로 [움직이지 마].
AbsoluteVerb_298	멈추다	움직이거나 작동하던 것이 정지해요. 사람이 멈추게 하는 것과 달라요.	止める	대상 자체의 정지와 대상을 멈추게 하는 행동을 구별한다.	踏切の前で、車が[止まった/とまった]。	건널목 앞에서 차가 [멈췄다].	時計が[止まっている/とまっている]ことに、昼まで気づかなかった。	시계가 [멈춰 있다는] 것을 점심까지 몰랐다.
AbsoluteVerb_302	뜨다	물속으로 가라앉지 않고 표면에 머물러요. 떠다니는 움직임만은 아니에요.	浮かぶ	뜻이 겹치며 이 말은 가라앉지 않는 성질이나 들뜬 상태를 말하기 좋다.	この木は軽いので、水に[浮く/うく]。	이 나무는 가벼워서 물에 [뜬다].	湯船に[浮いた/ういた]おもちゃを、赤ちゃんがつかんだ。	욕조에 [뜬] 장난감을 아기가 잡았다.
AbsoluteVerb_305	잠수하다	몸을 수면 아래로 넣어 들어가요. 헤엄치는 이동 방식보다 잠수하는 동작에 초점이 있어요.	泳ぐ	물속 이동 전반과 달리 수면 아래로 들어가는 데 초점을 둔다.	息を止めて、プールの底まで[潜った/もぐった]。	숨을 참고 수영장 바닥까지 [잠수했다].	ここは岩が多いから、深く[潜らないで/もぐらないで]ね。	여기는 바위가 많으니 깊게 [잠수하지 마].
AbsoluteVerb_308	마음에 들다	접해 보니 좋아하는 마음이 생겨요. 마음에 걸리는 것과 달라요.	気になる	신경이 쓰이는 상태와 호감을 느껴 만족하는 상태를 구별한다.	試着した青いシャツが[気に入った/きにいった]。	입어 본 파란 셔츠가 [마음에 들었다].	この部屋、[気に入ってくれる/きにいってくれる]といいな。	이 방을 [마음에 들어 해 주면] 좋겠다.
AbsoluteVerb_311	지불하다	값이나 요금을 내요. 격식을 갖춘 지불 표현보다 일상에서 간단히 말해요.	支払う	돈을 내는 뜻에서는 두 말이 겹친다. 支払う는 거래나 서류에서 더 명시적으로 지불을 뜻하며, 払う는 일상 대화에서도 널리 쓴다.	お代は私が[払います/はらいます]。	대금은 제가 [내겠습니다].	先に料金を[払った/はらった]ので、出口では何もしなくてよかった。	먼저 요금을 [냈으므로] 출구에서는 아무것도 하지 않아도 됐다.
AbsoluteVerb_314	권하다	좋다고 생각하는 것을 해 보라고 제안해요. 진행시키는 동음어와 달라요.	進める	일을 앞으로 진행시키는 것과 상대에게 추천하는 것을 구별한다.	店員に[勧められた/すすめられた]靴が、とても歩きやすい。	직원에게 [추천받은] 신발이 무척 걷기 편하다.	無理にお酒を[勧めないで/すすめないで]ください。	억지로 술을 [권하지 말아] 주세요.
AbsoluteVerb_317	초대하다	손님으로 오도록 불러요. 누구든 부르는 것보다 좁아요.	呼ぶ	단순히 오라고 부르는 것보다 손님으로 맞이하는 뜻이다.	新居に両親を[招いた/まねいた]。	새집에 부모님을 [초대했다].	庭が広ければ、もっと友達を[招ける/まねける]のに。	정원이 넓으면 친구를 더 많이 [초대할 수 있을] 텐데.
AbsoluteVerb_320	한턱내다	다른 사람의 음식값까지 내가 내요. 단순 결제와 달라요.	払う	대금을 내는 것 전반보다 남을 대접하며 값을 부담하는 뜻이다.	今日は給料日だから、昼ご飯を[おごる/おごる]よ。	오늘은 월급날이니 점심을 [살게].	先輩にコーヒーを[おごってもらった/おごってもらった]。	선배가 커피를 [사 주셨다].
AbsoluteVerb_323	춤추다	음악이나 박자에 맞춰 몸을 움직여요. 뛰는 동음어와 달라요.	躍る	뛰어오르는 움직임보다 춤을 추는 동작을 나타내는 표기다.	祖母は祭りの輪に入って[踊った/おどった]。	할머니는 축제의 원 안에 들어가 [춤추셨다].	こんな狭い部屋では、二人で[踊れない/おどれない]よ。	이렇게 좁은 방에서는 둘이 [춤출 수 없어].
AbsoluteVerb_326	주다	동식물 등에게 주는 낮춘 표현이에요. 공손한 증정과 달라요.	あげる	주는 방향은 같지만 동식물이나 아랫사람 대상의 낮춘 말투다.	朝、庭の花に水を[やった/やった]。	아침에 마당의 꽃에 물을 [줬다].	魚に餌を[やりすぎないで/やりすぎないで]ね。	물고기에게 먹이를 [너무 많이 주지 마].
AbsoluteVerb_329	주다	다른 사람이 나나 내 쪽 사람에게 줘요. 주는 방향이 중요해요.	あげる	남이 내 쪽에 주는 것과 내가 남에게 주는 방향을 구별한다.	誕生日に、姉がこの時計を[くれた/くれた]。	생일에 언니가 이 시계를 [줬다].	その余った紙、私に[くれる/くれる]？	그 남은 종이 나한테 [줄래]?
AbsoluteVerb_332	시험을 치르다	시험이나 심사에 응해요. 물건을 받아 손에 넣는 뜻과 구별해요.	受け取る	물건을 수령하는 것과 달리 시험 등에 응하는 뜻으로 쓴다.	姉と同じ大学の試験を[受けた/うけた]。	언니와 같은 대학의 시험을 [치렀다].	資格試験は、来年もう一度[受ける/うける]つもりです。	자격시험은 내년에 다시 [치를] 생각입니다.
AbsoluteVerb_336	어기다	약속이나 규칙을 지키지 않아요. 법규 위반뿐 아니라 개인 간 약속에도 써요.	違反する	違反する는 법률이나 규칙을 어기는 일을 명시적으로 나타낸다. 破る도 규칙에 쓰지만 약속을 깨는 경우까지 자연스럽게 포함한다.	また約束を[破った/やぶった]ので、信用を失った。	또 약속을 [어겨서] 신뢰를 잃었다.	勝つためでも、ルールを[破って/やぶって]はいけない。	이기기 위해서라도 규칙을 [어기면] 안 된다.
AbsoluteVerb_339	제시간에 맞다	정해진 시각보다 늦지 않게 도달해요. 단순 도착과 달라요.	着く	도착 사실뿐 아니라 마감이나 약속 시간에 늦지 않았음을 나타낸다.	走ったおかげで、最終バスに[間に合った/まにあった]。	달린 덕분에 막차 시간에 [맞췄다].	この速さでは締め切りに[間に合わない/まにあわない]。	이 속도로는 마감에 [맞출 수 없다].
AbsoluteVerb_342	기다리다	사람이나 일이 올 때까지 시간을 보내요. 기대하는 감정만은 아니에요.	期待する	좋은 결과를 바라는 마음보다 실제 시간이 지나기를 기다리는 행동이다.	改札の前で三十分[待った/まった]。	개찰구 앞에서 삼십 분 [기다렸다].	スープが冷めるのを[待って/まって]いたら、猫が来た。	수프가 식기를 [기다리고] 있었더니 고양이가 왔다.
AbsoluteVerb_345	도착하다	목적지에 다다라요. 격식 있는 도착 표현보다 일상에서 짧게 말해요.	到着する	목적지에 도달한다는 뜻은 겹친다. 着く는 일상적인 말이고, 到着する는 안내나 이동 일정 등에서 도착을 명시할 때 자주 쓴다.	山小屋に[着いた/ついた]とき、日が暮れ始めていた。	산장에 [도착했을] 때 날이 저물기 시작하고 있었다.	駅に[着いたら/ついたら]電話してください。	역에 [도착하면] 전화해 주세요.
AbsoluteVerb_349	타다	탈것 안이나 위에 올라 이동해요. 태우는 행동과 달라요.	乗せる	자신이 타는 것과 다른 사람을 태우는 것을 구별한다.	間違えて、反対方向の電車に[乗った/のった]。	잘못해서 반대 방향 전철에 [탔다].	この馬には、子供でも[乗れます/のれます]か。	이 말에는 아이도 [탈 수 있나요]?
AbsoluteVerb_352	갈아타다	타고 오던 탈것에서 다른 탈것으로 옮겨요.	乗る	한 번 타는 것과 이동 도중 다른 교통편으로 바꾸는 것을 구별한다.	新宿で地下鉄に[乗り換えた/のりかえた]。	신주쿠에서 지하철로 [갈아탔다].	この列車なら、途中で[乗り換えなくても/のりかえなくても]空港まで行ける。	이 열차라면 도중에 [갈아타지 않아도] 공항까지 갈 수 있다.
AbsoluteVerb_356	싸우다	상대에 맞서 이기려고 겨뤄요. 말다툼만 가리키지 않아요.	争う	의견과 이익을 다투는 것보다 직접 맞서 싸우는 행위에 무게가 있다.	決勝では去年の優勝者と[戦う/たたかう]。	결승에서는 작년 우승자와 [싸운다].	仲間を守るために[戦った/たたかった]兵士の話を聞いた。	동료를 지키기 위해 [싸운] 병사의 이야기를 들었다.
AbsoluteVerb_359	패배하다	승부에서 상대에게 져요. 찢어지는 동음어와 달라요.	破れる	물체가 찢어지는 것과 경기 등에서 패하는 것을 한자로 구별한다.	優勝候補が一回戦で[敗れた/やぶれた]。	우승 후보가 일 회전에서 [패배했다].	[敗れても/やぶれても]、今日の試合を恥じる必要はない。	[패배해도] 오늘 경기를 부끄러워할 필요는 없다.
AbsoluteVerb_362	걷어차다	발로 세게 차서 멀리 보내요. 가벼운 발차기보다 강해요.	蹴る	발로 차는 동작에 대상이 날아갈 만큼 강한 힘의 느낌이 더해진다.	怒った男が空き缶を[蹴飛ばした/けとばした]。	화난 남자가 빈 깡통을 [걷어찼다].	床の箱を[蹴飛ばさないで/けとばさないで]。中はガラスだよ。	바닥의 상자를 [걷어차지 마]. 안에는 유리가 있어.
AbsoluteVerb_365	일어나다	사건이나 변화가 발생해요. 화내는 동음어와 달라요.	怒る	사건의 발생과 사람이 화를 내는 것을 표기로 구별한다.	会議の途中で停電が[起こった/おこった]。	회의 도중 정전이 [일어났다].	何が[起こる/おこる]か分からないので、予備の鍵も持った。	무슨 일이 [일어날지] 모르니 여분 열쇠도 챙겼다.
AbsoluteVerb_368	빼앗다	상대가 가진 것을 강제로 가져가요. 훔치기와 방식이 달라요.	盗む	몰래 가져가는 것보다 힘이나 압력으로 빼앗는 데 초점을 둔다.	猿にお菓子を[奪われた/うばわれた]。	원숭이에게 과자를 [빼앗겼다].	人の席を無理に[奪う/うばう]ようなことはしたくない。	남의 자리를 억지로 [빼앗는] 일은 하고 싶지 않다.
AbsoluteVerb_371	조사하다	자료나 상태를 살펴 모르는 것을 알아내요.	確かめる	맞는지 재확인하는 것보다 정보를 찾아 알아보는 뜻이 넓다.	図書館で町の歴史を[調べた/しらべた]。	도서관에서 마을 역사를 [조사했다].	変な音の原因を[調べている/しらべている]ので、少し待ってください。	이상한 소리의 원인을 [조사하고 있으니] 조금 기다려 주세요.
AbsoluteVerb_374	썩다	음식 등이 변질되어 먹을 수 없게 돼요. 단순 손상과 달라요.	傷む	상태가 상하는 것보다 부패하여 썩는 변화가 뚜렷하다.	冷蔵庫の奥で、トマトが[腐っていた/くさっていた]。	냉장고 안쪽에서 토마토가 [썩어 있었다].	暑い車の中では、魚がすぐ[腐る/くさる]よ。	더운 차 안에서는 생선이 금방 [썩어].
AbsoluteVerb_377	막다	해로운 일이 생기거나 통과하지 못하게 해요. 단순 보호보다 차단에 초점이 있어요.	守る	대상을 지키는 말과 겹치지만 피해와 침입을 저지하는 행위다.	厚いカーテンで冷気を[防いだ/ふせいだ]。	두꺼운 커튼으로 찬 공기를 [막았다].	この低い壁で洪水を[防げる/ふせげる]のだろうか。	이 낮은 벽으로 홍수를 [막을 수 있을까]?
AbsoluteVerb_380	도망치다	위험이나 추적에서 벗어나 달아나요. 단순히 떠나는 것과 달라요.	去る	떠나는 이동 전반과 달리 피하려는 대상이나 위험이 있다.	かごを開けた途端、鳥が[逃げた/にげた]。	새장을 열자마자 새가 [도망쳤다].	後ろに壁があって、もう[逃げられない/にげられない]。	뒤에 벽이 있어서 이제 [도망칠 수 없다].
AbsoluteVerb_383	뒤쫓다	앞서 가는 대상을 따라잡으려고 따라가요.	追い越す	뒤에서 따라가는 것과 실제로 앞지르는 결과를 구별한다.	転がる帽子を[追いかけて/おいかけて]、坂を下った。	굴러가는 모자를 [뒤쫓아] 비탈길을 내려갔다.	兄を[追いかけた/おいかけた]が、角で見失った。	형을 [뒤쫓았지만] 모퉁이에서 놓쳤다.
AbsoluteVerb_386	포착하다	순간의 모습이나 특징을 놓치지 않고 잡아내요.	捕まえる	물리적으로 붙잡는 것보다 영상과 감각으로 잡아내는 용법이다.	カメラが流れ星を[とらえた/とらえた]。	카메라가 별똥별을 [포착했다].	子供の自然な表情を[とらえる/とらえる]のは難しい。	아이의 자연스러운 표정을 [포착하기는] 어렵다.
AbsoluteVerb_389	고용하다	보수를 주고 일을 맡길 사람을 받아들여요.	頼む	단순 부탁과 달리 임금을 주는 일 관계를 맺는다.	忙しい夏だけ、学生を二人[雇った/やとった]。	바쁜 여름에만 학생 두 명을 [고용했다].	一人増やして[雇う/やとう]余裕は、今の店にはない。	한 명 더 [고용할] 여유는 지금 가게에 없다.
AbsoluteVerb_392	힘쓰다	목표를 이루려고 의식적으로 노력해요. 회사 근무와 표기가 달라요.	勤める	소속 기관에서 근무하는 것과 애써 노력하는 것을 한자로 구별한다.	受付では、丁寧な説明に[努めた/つとめた]。	접수대에서는 친절한 설명에 [힘썼다].	同じミスを防ぐよう[努めます/つとめます]。	같은 실수를 막도록 [노력하겠습니다].
AbsoluteVerb_395	맡기다	일의 처리나 판단을 다른 사람에게 넘겨요.	預ける	물건 보관을 맡기는 것과 업무나 판단의 책임을 맡기는 것을 구별한다.	細かい日程は、幹事に[任せた/まかせた]。	세부 일정은 간사에게 [맡겼다].	運転は私に[任せて/まかせて]。この道はよく知っている。	운전은 나에게 [맡겨]. 이 길은 잘 알아.
AbsoluteVerb_398	힘내다	어려워도 힘을 들여 끝까지 해요. 애쓰는 결의가 담겨요.	努める	노력한다는 뜻이 겹치지만 의지와 인내를 담은 일상적 격려에 잘 쓴다.	あと一問だけ、[頑張ろう/がんばろう]。	한 문제만 더 [힘내자].	弟が[頑張った/がんばった]姿を見て、私も練習を再開した。	남동생이 [열심히 한] 모습을 보고 나도 연습을 다시 시작했다.
AbsoluteVerb_401	격려하다	상대가 힘을 내도록 말과 행동으로 도와요.	褒める	잘한 점을 칭찬하는 것과 어려움 속에서 힘을 주는 것을 구별한다.	落ち込んだ友達を、手紙で[励ました/はげました]。	낙담한 친구를 편지로 [격려했다].	観客の声が、最後まで選手を[励ましていた/はげましていた]。	관중의 목소리가 끝까지 선수를 [격려하고 있었다].
AbsoluteVerb_404	음미하다	맛을 충분히 느끼며 먹거나 마셔요. 단순 시식보다 깊어요.	味見する	맛을 확인하려 조금 먹는 것보다 맛의 느낌을 즐기는 데 초점이 있다.	一粒のチョコをゆっくり[味わった/あじわった]。	초콜릿 한 알을 천천히 [음미했다].	急いで飲むと、このお茶の香りを[味わえない/あじわえない]。	서둘러 마시면 이 차의 향을 [음미할 수 없다].
AbsoluteVerb_407	공경하다	존경하는 마음으로 상대를 높여요. 친근하게 좋아하는 것과 달라요.	慕う	그리워하고 따르는 친애보다 존중하고 받드는 마음이다.	祖父は年齢に関係なく、職人を[敬っていた/うやまっていた]。	할아버지는 나이에 관계없이 장인을 [공경하셨다].	恩師を[敬う/うやまう]気持ちは、卒業しても変わらない。	은사를 [공경하는] 마음은 졸업해도 변하지 않는다.
AbsoluteVerb_410	동행하다	상대의 일에 함께 시간을 보내요. 연애만 뜻하지 않아요.	同行する	함께 간다는 뜻에 더해 상대의 사정에 맞춰 시간을 내주는 느낌이 있다.	買い物に[付き合って/つきあって]くれてありがとう。	쇼핑에 [동행해] 줘서 고마워.	退屈だったので、弟の散歩に[付き合った/つきあった]。	심심해서 남동생 산책에 [함께 갔다].
AbsoluteVerb_413	배신하다	상대의 믿음이나 약속을 저버려요.	破る	약속을 어기는 것과 겹치지만 사람의 신뢰를 저버리는 관계에 초점을 둔다.	長年の友を[裏切る/うらぎる]ことはできない。	오랜 친구를 [배신할] 수는 없다.	信じていた人に[裏切られて/うらぎられて]、言葉が出なかった。	믿던 사람에게 [배신당해서] 말이 나오지 않았다.
AbsoluteVerb_416	행동을 유도하다	말이나 신호로 상대가 행동하게 이끌어요. 서두르라고 압박하는 뜻에만 한정되지 않아요.	急かす	서두르라고 압박하는 것보다 행동이나 반응을 유도하는 뜻이 넓다.	係員が手で、先へ進むよう[促した/うながした]。	직원이 손짓으로 앞으로 가도록 [유도했다].	議長は、手を挙げた学生に発言を[促した/うながした]。	의장은 손을 든 학생에게 발언을 [권했다].
AbsoluteVerb_419	벌다	일을 해서 돈을 얻어요. 돈을 모아 두는 것과 달라요.	ためる	돈을 얻는 단계와 쓰지 않고 모으는 단계를 구별한다.	夏休みに[稼いだ/かせいだ]お金で、ギターを買った。	여름방학에 [번] 돈으로 기타를 샀다.	生活費を[稼ぐ/かせぐ]ために、夜も働いている。	생활비를 [벌기] 위해 밤에도 일하고 있다.
AbsoluteVerb_422	빌려주다	내 것을 잠시 쓰도록 남에게 줘요. 빌리는 방향과 구별해요.	借りる	물건을 빌려주는 소유자 쪽과 빌려 쓰는 쪽의 방향이 반대다.	隣の人に脚立を[貸した/かした]。	옆집 사람에게 사다리를 [빌려줬다].	その辞書、明日まで[貸して/かして]もらえる？	그 사전 내일까지 [빌려줄] 수 있어?
AbsoluteVerb_426	모으다	조금씩 쌓아 일정량을 만들어요. 여기저기서 가져오기만은 아니에요.	集める	흩어진 것을 가져오는 것보다 시간에 따라 축적하는 데 초점이 있다.	小銭を瓶に[ためている/ためている]。	잔돈을 병에 [모으고 있다].	旅行代を[ためる/ためる]には、外食を減らさないと。	여행 경비를 [모으려면] 외식을 줄여야 해.
AbsoluteVerb_429	잃다	가지고 있던 것이 자기에게서 없어져요. 어디 뒀는지 모르는 경우보다 넓어요.	なくす	분실의 일상 표현보다 능력과 신뢰 등 추상적인 상실에도 잘 쓰인다.	うそがばれて、周囲の信頼を[失った/うしなった]。	거짓말이 들통나 주변의 신뢰를 [잃었다].	失敗しても、自信まで[失わないで/うしなわないで]ほしい。	실패해도 자신감까지 [잃지 않았으면] 좋겠다.
AbsoluteVerb_432	떨어뜨리다	들거나 놓아 둔 것을 아래로 떨어지게 해요.	落ちる	대상이 떨어지는 것과 사람이 떨어뜨리는 관계를 구별한다.	卵を床に[落としてしまった/おとしてしまった]。	달걀을 바닥에 [떨어뜨려 버렸다].	川に携帯を[落とさない/おとさない]ように、ひもをつけた。	강에 휴대전화를 [떨어뜨리지 않도록] 끈을 달았다.
AbsoluteVerb_435	다 떨어지다	쓰던 것이 남지 않게 돼요. 물건을 잃어버리는 행동과 달라요.	無くす	누군가 분실하는 행위보다 남아 있던 것이 없어지는 변화다.	牛乳が[無くなった/なくなった]ので、買いに出た。	우유가 [다 떨어져서] 사러 나갔다.	インクが[無くなる/なくなる]前に、予備を注文しておこう。	잉크가 [다 떨어지기] 전에 여분을 주문해 두자.
AbsoluteVerb_438	정리되다	생각이나 의견이 하나로 모여 형태를 이뤄요.	まとめる	누군가 정리하는 행동과 내용이 정리되어 가는 변화를 구별한다.	話し合いを重ねて、ようやく意見が[まとまった/まとまった]。	논의를 거듭해 드디어 의견이 [정리됐다].	考えが[まとまらない/まとまらない]まま、発表の順番が来た。	생각이 [정리되지 않은] 채 발표 차례가 왔다.
AbsoluteVerb_441	치우다	어질러진 물건을 제자리에 넣어요. 때를 닦는 것과 달라요.	掃除する	먼지를 없애는 청소보다 물건을 정돈해 공간을 비우는 뜻이다.	客が来る前に、おもちゃを[片付けた/かたづけた]。	손님이 오기 전에 장난감을 [치웠다].	食べ終わった皿は、自分で[片付けて/かたづけて]ね。	다 먹은 접시는 스스로 [치워] 줘.
AbsoluteVerb_444	어질러지다	물건이 제자리를 벗어나 흩어져 있어요. 더러워지는 것과 구별해요.	汚れる	때가 묻는 것과 물건 배치가 흐트러지는 상태를 구별한다.	引っ越しの準備で、部屋が[散らかっている/ちらかっている]。	이사 준비로 방이 [어질러져 있다].	机がすぐ[散らかる/ちらかる]ので、小さな箱を置いた。	책상이 금방 [어질러져서] 작은 상자를 놓았다.
AbsoluteVerb_447	모으다	여러 곳에 있는 것을 한곳으로 가져와요.	集まる	사람이나 물건이 한곳에 모이는 것과 누군가 대상을 모으는 행동을 구별한다.	散歩の途中で、きれいな落ち葉を[集めた/あつめた]。	산책 도중 예쁜 낙엽을 [모았다].	全員の意見を[集めて/あつめて]から、日程を決めよう。	모두의 의견을 [모으고] 일정을 정하자.
AbsoluteVerb_450	끝나다	이어지던 일이나 행사가 마지막에 이르러요.	終える	일이 끝나는 자동사와 주체가 끝내는 타동사를 구별한다.	映画が[終わっても/おわっても]、誰もすぐには立たなかった。	영화가 [끝나도] 아무도 곧바로 일어나지 않았다.	工事は来週[終わる/おわる]予定です。	공사는 다음 주에 [끝날] 예정입니다.
AbsoluteVerb_453	완성되다	만들던 물건이 마지막 손질까지 갖춰져요.	終わる	일반적인 종료보다 제작물의 완성된 결과에 초점이 있다.	注文したスーツが予定より早く[仕上がった/しあがった]。	주문한 정장이 예정보다 일찍 [완성됐다].	この棚は夕方までに[仕上がります/しあがります]か。	이 선반은 저녁까지 [완성되나요]?
AbsoluteVerb_456	끝나다	해야 할 용건이나 처리가 다 해결돼요. 행사의 종료보다 용무에 잘 써요.	終わる	종료 전반보다 필요한 일을 마쳐 더 할 필요가 없는 상태다.	支払いが[済んだ/すんだ]ので、先に外へ出た。	결제가 [끝나서] 먼저 밖으로 나갔다.	用事が[済んだら/すんだら]、駅で会おう。	볼일이 [끝나면] 역에서 만나자.
AbsoluteVerb_459	거들다	다른 사람이 하는 일에 힘을 보태요. 위험에서 구출하는 것과 달라요.	助ける	도움 전반보다 상대 작업의 일부를 함께 하는 데 초점이 있다.	父の店で、皿洗いを[手伝った/てつだった]。	아버지 가게에서 설거지를 [거들었다].	この棚を動かすのを[手伝って/てつだって]くれませんか。	이 선반 옮기는 것을 [도와] 주실 수 있나요?
AbsoluteVerb_462	구하다	위험이나 큰 어려움에서 벗어나게 해요. 돕는 말과 겹치지만 구제의 느낌이 강해요.	助ける	위기에서 구조하는 장면에서는 둘 다 가능하다. 이 말은 생명이나 절망적인 처지를 구제한다는 뜻에 특히 잘 쓰인다.	救急隊が、煙で動けなくなった人を[救った/すくった]。	구급대가 연기 때문에 움직이지 못하던 사람을 [구했다].	あなたの一言に[救われた/すくわれた]気がします。	당신의 한마디 덕분에 [구원받은] 기분입니다.
AbsoluteVerb_465	방해하다	일이나 활동이 진행되지 못하게 가로막아요.	邪魔する	뜻이 겹치지만 진행과 기능을 저해한다는 격식 있는 서술에 잘 쓴다.	大きな荷物が通行を[妨げている/さまたげている]。	큰 짐이 통행을 [방해하고 있다].	睡眠を[妨げる/さまたげる]音を減らすため、窓を替えた。	수면을 [방해하는] 소리를 줄이려고 창문을 교체했다.
AbsoluteVerb_468	세다	몇 개인지 하나씩 수를 확인해요. 계산 전체보다 좁아요.	計算する	수식을 계산하는 것보다 대상의 개수를 헤아리는 행동이다.	お釣りを[数えた/かぞえた]ら、百円足りなかった。	거스름돈을 [세어 보니] 백 엔이 부족했다.	子供たちが[数える/かぞえる]前に、鳥は飛んでいった。	아이들이 [세기] 전에 새가 날아갔다.
AbsoluteVerb_473	어림잡다	필요한 비용이나 양을 미리 계산해요. 막연한 짐작보다 근거가 있어요.	予想する	앞일 전반의 예측보다 비용과 수량의 대략적 산정을 뜻한다.	修理代を三万円と[見積もった/みつもった]。	수리비를 삼만 엔으로 [어림잡았다].	移動時間は多めに[見積もる/みつもる]ほうが安心だ。	이동 시간은 넉넉히 [잡는] 편이 안심된다.
AbsoluteVerb_476	틀리다	답이나 판단이 틀려요. 잘못된 상태를 말할 때도 쓰며 잘못 고르는 동작과 뜻이 겹치기도 해요.	間違える	뜻과 쓰임이 겹치며 이 말은 답이나 계산 자체가 틀린 상태에도 쓴다.	この答えは[間違っている/まちがっている]と思います。	이 답은 [틀렸다고] 생각합니다.	計算が[間違っていた/まちがっていた]ので、最初からやり直した。	계산이 [틀려서] 처음부터 다시 했다.
AbsoluteVerb_479	나르다	물건을 다른 곳까지 옮겨요. 들고 있기만 하는 것과 달라요.	持つ	소지나 지탱보다 장소 간 운반에 초점을 둔다.	祭りの椅子を校庭へ[運んだ/はこんだ]。	축제용 의자를 운동장으로 [날랐다].	熱い鍋は二人で[運ぼう/はこぼう]。	뜨거운 냄비는 둘이 [나르자].
AbsoluteVerb_482	옮기다	대상을 다른 장소로 이동시켜요. 스스로 옮겨가는 것과 달라요.	移る	대상이 이동하는 것과 누군가 대상을 옮기는 행동을 구별한다.	日陰に植木鉢を[移した/うつした]。	그늘로 화분을 [옮겼다].	このデータを新しいパソコンに[移せます/うつせます]か。	이 데이터를 새 컴퓨터로 [옮길 수 있나요]?
AbsoluteVerb_485	합류하다	이미 있는 모임이나 활동에 새로 함께해요.	加える	다른 대상을 보태는 것과 주체 자신이 참가하는 것을 구별한다.	弟も料理の手伝いに[加わった/くわわった]。	남동생도 요리 돕기에 [합류했다].	途中から議論に[加わる/くわわる]のは、少し勇気がいる。	도중에 토론에 [참여하는] 것은 조금 용기가 필요하다.
AbsoluteVerb_488	부응하다	상대의 기대나 바람에 맞아요. 길을 따른다는 표기도 이 뜻으로 함께 쓰일 수 있어요.	沿う	기대나 희망에 부응하는 뜻에서는 添う와 沿う 두 표기가 겹칠 수 있다. 물리적인 길이나 선을 따라가는 경우에는 보통 沿う를 쓴다.	ご期待に[添えず/そえず]、申し訳ありません。	기대에 [부응하지 못해] 죄송합니다.	希望に[添う/そう]部屋が見つかり、ほっとした。	희망에 [부합하는] 방을 찾아서 안심했다.
AbsoluteVerb_491	겸하다	하나가 두 역할을 함께 맡아요. 그냥 동시에 하는 것보다 기능이 겹쳐요.	兼務する	직무를 둘 이상 맡는 것보다 물건과 행동이 두 용도를 갖는 경우까지 넓다.	この部屋は仕事場も[兼ねている/かねている]。	이 방은 작업실도 [겸하고 있다].	散歩を[兼ねて/かねて]、遠くの店までパンを買いに行った。	산책을 [겸해서] 먼 가게까지 빵을 사러 갔다.
AbsoluteVerb_494	줄다	수나 양이 전보다 적어져요. 줄이는 주체의 행동과 달라요.	減らす	양 자체의 감소와 누군가 양을 줄이는 행동을 구별한다.	町の人口が十年でずいぶん[減った/へった]。	마을 인구가 십 년 사이 많이 [줄었다].	水が[減っている/へっている]ので、花瓶に足しておいて。	물이 [줄어 있으니] 꽃병에 더 넣어 둬.
AbsoluteVerb_497	늘어나다	길이나 키가 더 길어져요. 양이 늘기만 하는 것과 달라요.	増える	수량 증가보다 길이와 높이가 길어지는 변화다.	夏休みの間に、弟の背が[伸びた/のびた]。	여름방학 동안 남동생의 키가 [자랐다].	髪が[伸びすぎて/のびすぎて]、目にかかる。	머리카락이 [너무 자라서] 눈을 덮는다.
AbsoluteVerb_500	줄이다	길이나 시간을 더 짧게 해요. 수량 감소와 구별해요.	減らす	개수나 양을 줄이는 것보다 길이와 시간의 단축에 초점을 둔다.	会議の時間を三十分に[縮めた/ちぢめた]。	회의 시간을 삼십 분으로 [줄였다].	このひもは、あと五センチ[縮める/ちぢめる]と使いやすい。	이 끈은 오 센티미터 더 [줄이면] 쓰기 편하다.
AbsoluteVerb_503	쌓이다	눈이나 먼지가 겹겹이 늘어나요. 사람이 쌓는 행동과 달라요.	積む	대상이 쌓여 가는 자동사와 누군가 쌓는 타동사다.	朝起きると、雪が膝の高さまで[積もっていた/つもっていた]。	아침에 일어나니 눈이 무릎 높이까지 [쌓여 있었다].	棚にほこりが[積もる/つもる]前に、布をかけた。	선반에 먼지가 [쌓이기] 전에 천을 덮었다.
AbsoluteVerb_506	고쳐지다	고장이나 잘못이 원래대로 돌아와요. 병이 낫는 표기와 달라요.	治る	질병의 회복과 물건이나 오류의 수정을 한자로 구별한다.	調子の悪かった時計が[直った/なおった]。	상태가 나빴던 시계가 [고쳐졌다].	この癖は、注意するだけでは[直らない/なおらない]。	이 버릇은 주의하는 것만으로는 [고쳐지지 않는다].
AbsoluteVerb_509	무너뜨리다	쌓이거나 형태가 잡힌 것을 허물어요. 무너지는 대상보다 허무는 쪽의 동작이에요.	崩れる	대상 자체의 붕괴와 누군가 형태를 허무는 행동을 구별한다.	弟が砂の城を[崩した/くずした]ので、妹が怒った。	남동생이 모래성을 [무너뜨려서] 여동생이 화냈다.	積んだ箱を[崩さない/くずさない]ように、一番上から取って。	쌓은 상자를 [무너뜨리지 않도록] 맨 위부터 꺼내.
AbsoluteVerb_514	사라지다	보이던 것이 보이지 않게 돼요. 누군가 지우는 것과 달라요.	消す	대상 자체가 사라지는 것과 누군가 지우는 행동을 구별한다.	霧の中に、船の姿が[消えた/きえた]。	안개 속으로 배의 모습이 [사라졌다].	虹が[消える/きえる]前に、写真を撮りたい。	무지개가 [사라지기] 전에 사진을 찍고 싶다.
AbsoluteVerb_517	물들다	빛깔이 다른 색으로 바뀌어요. 색칠하는 행동과 달라요.	染める	대상이 물드는 변화와 누군가 물들이는 행위를 구별한다.	夕日に照らされ、雲が赤く[染まった/そまった]。	저녁 햇살을 받아 구름이 빨갛게 [물들었다].	一緒に洗った白いシャツまで青く[染まってしまった/そまってしまった]。	함께 빤 흰 셔츠까지 파랗게 [물들어 버렸다].
AbsoluteVerb_520	파다	흙을 퍼내 구멍을 만들어요. 무늬를 새기는 동음어와 달라요.	彫る	표면에 조각을 새기는 것과 땅을 파내는 것을 한자로 구별한다.	犬が庭に穴を[掘っている/ほっている]。	개가 마당에 구멍을 [파고 있다].	この辺を[掘れば/ほれば]、水が出るかもしれない。	이 부근을 [파면] 물이 나올지도 모른다.
AbsoluteVerb_523	막히다	안이 차서 통로가 뚫리지 않아요. 교통 체증과는 범위가 달라요.	混む	사람과 차가 많아지는 것보다 통로나 구멍이 막히는 상태다.	排水管が[詰まって/つまって]、水が流れない。	배수관이 [막혀서] 물이 흐르지 않는다.	風邪で鼻が[詰まった/つまった]ので、匂いが分からない。	감기로 코가 [막혀서] 냄새를 모르겠다.
AbsoluteVerb_527	되다	시간이나 원인에 따라 상태가 바뀌어요. 직접 바꾸는 행동과 달라요.	する	어떤 상태로 만드는 행위와 그 상태로 변하는 것을 구별한다.	日が落ちて、急に暗く[なった/なった]。	해가 져서 갑자기 어두워[졌다].	春に[なる/なる]と、この道は花でいっぱいだ。	봄이 [되면] 이 길은 꽃으로 가득하다.
AbsoluteVerb_531	부러지다	길쭉한 것이 꺾여 끊어져요. 손으로 부러뜨리는 쪽과 달라요.	折る	대상이 부러지는 자동사와 그것을 부러뜨리는 타동사를 구별한다.	強く押したら、鉛筆の芯が[折れた/おれた]。	세게 눌렀더니 연필심이 [부러졌다].	この枝は細いから、乗ると[折れる/おれる]よ。	이 가지는 가늘어서 올라가면 [부러져].
AbsoluteVerb_534	더럽히다	깨끗한 곳에 때나 얼룩이 묻게 해요. 더러워지는 대상보다 더럽히는 쪽의 동작이에요.	汚れる	더러워진 상태 변화와 누군가 더럽히는 행동을 구별한다.	泥のついた靴で床を[汚してしまった/よごしてしまった]。	진흙 묻은 신발로 바닥을 [더럽혀 버렸다].	服を[汚さない/よごさない]ように、エプロンをつけた。	옷을 [더럽히지 않도록] 앞치마를 했다.
AbsoluteVerb_537	가라앉다	통증 같은 불편함이 잦아들어요. 위치가 내려가는 뜻과 달라요.	和らぐ	강도가 약해지는 뜻과 겹치지만 진정되어 잠잠해지는 결과에 초점을 둔다.	しばらく横になると、腹痛が[治まった/おさまった]。	잠시 누워 있으니 복통이 [가라앉았다].	咳が[治まる/おさまる]まで、話すのを待った。	기침이 [가라앉을] 때까지 말하기를 기다렸다.
AbsoluteVerb_541	덮다	전체나 넓은 부분을 가려 감싸요. 뚜껑만 닫는 것보다 넓어요.	被せる	덮을 물건을 얹는 동작보다 대상의 표면을 넓게 덮는 관계에 초점을 둔다.	雪が畑を白く[覆っている/おおっている]。	눈이 밭을 하얗게 [덮고 있다].	まぶしくて、両手で顔を[覆った/おおった]。	눈이 부셔서 두 손으로 얼굴을 [가렸다].
AbsoluteVerb_544	필요하다	어떤 일을 위해 있어야 해요. 존재를 말하는 동음어와 달라요.	いる	사람이 있다는 뜻과 필요하다는 뜻을 문맥과 표기로 구별한다.	この手続きには印鑑が[要ります/いります]か。	이 절차에는 도장이 [필요한가요]?	袋は[要らない/いらない]ので、このままください。	봉투는 [필요 없으니] 이대로 주세요.
AbsoluteVerb_547	차지하다	공간이나 비율의 일정 부분을 채워요. 자리를 차지하는 뜻이에요.	閉める	발음이 같아도 닫는 동작과 점유하는 상태는 다르다.	本棚が部屋の半分を[占めている/しめている]。	책장이 방의 절반을 [차지하고 있다].	売り上げの多くを[占める/しめる]商品が、急に売れなくなった。	매출의 많은 부분을 [차지하는] 상품이 갑자기 팔리지 않게 됐다.
AbsoluteVerb_550	넘다	장애물이나 경계를 건너 반대편으로 가요. 수치 초과와 구별해요.	超える	수량이나 수준의 초과보다 경계와 고개를 넘어가는 데 쓰는 표기다.	山を一つ[越えた/こえた]ら、海が見えた。	산 하나를 [넘었더니] 바다가 보였다.	この塀は高すぎて、[越えられない/こえられない]。	이 담은 너무 높아서 [넘을 수 없다].
AbsoluteVerb_553	쏟아지다	용기 안의 것이 밖으로 흘러나와요. 흘리는 사람 쪽과 달라요.	こぼす	내용물이 밖으로 흘러나오는 상태와 내용물을 흘리는 쪽의 동작을 구별한다.	コップが傾いて、水が[こぼれた/こぼれた]。	컵이 기울어 물이 [쏟아졌다].	お茶が[こぼれない/こぼれない]ように、ふたを閉めた。	차가 [쏟아지지 않도록] 뚜껑을 닫았다.
AbsoluteVerb_556	포함시키다	어떤 범위 안에 한 항목을 넣어요. 이미 들어 있는 상태와 달라요.	含む	이미 포함한다는 상태와 범위에 새로 넣는 행동을 구별한다.	子供も[含めて/ふくめて]、全部で八人です。	아이도 [포함해서] 모두 여덟 명입니다.	送料を[含めた/ふくめた]値段を教えてください。	배송비를 [포함한] 가격을 알려 주세요.
AbsoluteVerb_559	남다	쓰거나 나눠도 여분이 있어요. 단순 잔존보다 필요량을 넘어요.	残る	무엇이 남는다는 일반 상태보다 쓰고도 여분인 느낌이 강하다.	カレーが[余った/あまった]ので、明日も食べよう。	카레가 [남았으니] 내일도 먹자.	時間が[余れば/あまれば]、駅の売店ものぞきたい。	시간이 [남으면] 역 매점도 둘러보고 싶다.
AbsoluteVerb_562	다가오다	기한이나 일이 가까워져 압박감이 있어요.	近づく	일반적인 접근보다 시점이 임박하는 긴박함을 나타내기 좋다.	試験の日が[迫って/せまって]、急に落ち着かなくなった。	시험 날이 [다가와서] 갑자기 안절부절못하게 됐다.	閉店時間が[迫る/せまる]店内で、急いで土産を選んだ。	폐점 시간이 [다가오는] 가게 안에서 서둘러 선물을 골랐다.
AbsoluteVerb_566	보내다	어떤 일을 하거나 어떤 곳에서 시간을 지내요.	暮らす	지속적인 생활보다 특정 기간을 어떻게 보냈는지 말하기 좋다.	休日は海辺でのんびり[過ごした/すごした]。	휴일은 바닷가에서 느긋하게 [보냈다].	残りの一時間をどう[過ごそう/すごそう]か。	남은 한 시간을 어떻게 [보낼까]?
AbsoluteVerb_569	서두르다	시간을 맞추려고 동작을 빠르게 해요. 당황함과 달라요.	慌てる	침착함을 잃는 상태와 달리 빠르게 행동하는 것 자체를 말한다.	結論を[急がずに/いそがずに]、全員の話を聞こう。	결론을 [서두르지 말고] 모두의 이야기를 듣자.	予約の時間に遅れそうで、駅へ[急いだ/いそいだ]。	예약 시간에 늦을 것 같아서 역으로 [서둘러 갔다].
AbsoluteVerb_572	대비하다	앞으로 생길 일에 필요한 준비를 해 둬요.	用意する	물건을 마련하는 것보다 예상되는 사태에 대처할 준비에 초점을 둔다.	停電に[備えて/そなえて]、懐中電灯を買った。	정전에 [대비해서] 손전등을 샀다.	雪に[備える/そなえる]には、この靴では足りない。	눈에 [대비하기에는] 이 신발로 부족하다.
AbsoluteVerb_576	격식을 차리다	평소보다 엄숙하고 정중한 태도가 돼요.	改める	다시 고치는 타동사와 달리 여기서는 태도가 격식 있게 되는 뜻이다.	父が[改まった/あらたまった]口調で、結婚の話を始めた。	아버지가 [격식을 차린] 말투로 결혼 이야기를 시작하셨다.	そんなに[改まらなくても/あらたまらなくても]、いつも通りでいいよ。	그렇게 [격식을 차리지 않아도] 평소처럼 하면 돼.
AbsoluteVerb_579	맞히다	노린 대상에 닿도록 쏘거나 던져요. 정답을 맞히는 용법과도 이어져요.	当たる	대상에 맞는 자동사와 누군가 명중시키는 타동사다.	三本目の矢で、的の中心に[当てた/あてた]。	세 번째 화살로 과녁 중앙을 [맞혔다].	あの小さな缶にボールを[当てられる/あてられる]？	저 작은 깡통에 공을 [맞힐 수 있어]?
AbsoluteVerb_582	풀다	답을 찾거나 논리를 밝혀 해결해요. 단순 응답과 달라요.	答える	답을 말하는 것보다 문제를 해결하는 사고 과정에 초점을 둔다.	難しい問題を、妹が先に[解いた/といた]。	어려운 문제를 여동생이 먼저 [풀었다].	宿題は、答えを見ずに自分で[解いて/といて]みよう。	숙제는 답을 보지 않고 스스로 [풀어] 보자.
AbsoluteVerb_585	데리고 가다	사람이나 동물을 함께 이끌어 가요. 물건을 운반하는 것과 달라요.	持っていく	물건을 가져가는 것과 사람이나 동물을 동반하는 것을 구별한다.	弟を[連れて/つれて]、初めて映画館へ行った。	남동생을 [데리고] 처음으로 영화관에 갔다.	旅行には犬も[連れていきたい/つれていきたい]ので、泊まれる宿を探している。	여행에는 개도 [데려가고 싶어서] 함께 묵을 수 있는 숙소를 찾고 있다.
AbsoluteVerb_588	나란히 놓다	대상을 일정한 줄이나 순서로 배치해요.	並ぶ	대상들이 늘어선 상태와 사람이 배열하는 행동을 구별한다.	窓辺に小さな鉢を[並べた/ならべた]。	창가에 작은 화분들을 [나란히 놓았다].	カードを数字の順に[並べて/ならべて]みよう。	카드를 숫자 순서로 [배열해] 보자.
AbsoluteVerb_591	떨어지다	붙어 있던 것이 분리돼요. 아래로 낙하하는 것만은 아니에요.	落ちる	아래로 떨어지는 방향보다 붙어 있던 것이 떨어져 나가는 관계다.	シャツのボタンが[とれた/とれた]。	셔츠 단추가 [떨어졌다].	このシールは簡単に[とれる/とれる]ので、貼っても大丈夫です。	이 스티커는 쉽게 [떨어지니] 붙여도 괜찮습니다.
AbsoluteVerb_594	마르다	물기가 줄어 없어져요. 식물이 시드는 것과 달라요.	枯れる	식물이 생기를 잃는 것과 천이나 표면의 수분이 마르는 것을 구별한다.	風があったので、洗濯物が早く[乾いた/かわいた]。	바람이 있어서 빨래가 빨리 [말랐다].	絵の具が[乾く/かわく]まで、触らないで。	물감이 [마를] 때까지 만지지 마.
AbsoluteVerb_597	젖다	물기가 묻어 축축해져요. 물에 잠길 필요는 없어요.	浸る	액체 속에 잠기는 것보다 표면에 물기가 생기는 뜻이 넓다.	傘が小さくて、肩が[濡れた/ぬれた]。	우산이 작아서 어깨가 [젖었다].	手が[濡れている/ぬれている]から、電話に出てくれる？	손이 [젖어 있으니] 전화 받아 줄래?
AbsoluteVerb_600	잠기다	물체가 액체 속에 들어가 있어요. 표면만 젖는 것보다 깊어요.	濡れる	물기가 묻는 것과 달리 액체 안에 일부나 전체가 담긴 상태다.	野菜が全部水に[浸る/ひたる]ように、大きな鍋を使った。	채소가 전부 물에 [잠기도록] 큰 냄비를 썼다.	靴の先まで水に[浸っていた/ひたっていた]ことに気づかなかった。	신발 끝까지 물에 [잠겨 있었다는] 것을 몰랐다.
AbsoluteVerb_603	향하다	얼굴이나 몸의 앞이 어느 쪽으로 돌아가요.	向かう	목적지로 이동하는 것보다 향하는 방향과 자세를 말한다.	声のするほうを[向いた/むいた]が、誰もいなかった。	소리가 나는 쪽을 [향했지만] 아무도 없었다.	写真を撮ります。正面を[向いて/むいて]ください。	사진을 찍겠습니다. 정면을 [향해] 주세요.
AbsoluteVerb_606	목표로 삼다	도달하려는 곳이나 상태를 정하고 나아가요.	向かう	단순히 그쪽으로 이동하는 것보다 목표를 정해 추구하는 뜻이다.	山頂を[目指して/めざして]、夜明けに出発した。	정상을 [목표로] 새벽에 출발했다.	妹は医者を[目指している/めざしている]。	여동생은 의사가 되는 것을 [목표로 하고 있다].
AbsoluteVerb_609	계속되다	일이나 상태가 끊기지 않고 이어져요.	続ける	누군가 계속하는 행위와 상태 자체가 이어지는 것을 구별한다.	暑い日が[続いて/つづいて]、庭の土が乾いた。	더운 날이 [계속되어] 마당의 흙이 말랐다.	拍手が思ったより長く[続いた/つづいた]。	박수가 생각보다 오래 [이어졌다].
AbsoluteVerb_613	뛰어나다	능력이나 성질이 다른 것보다 좋아요. 단순 능숙함보다 넓어요.	得意だ	개인의 자신 있는 분야보다 객관적으로 성능과 자질이 좋음을 나타내기 좋다.	この布は通気性に[優れている/すぐれている]。	이 천은 통기성이 [뛰어나다].	[優れた/すぐれた]作品を選ぶのは、予想以上に難しかった。	[뛰어난] 작품을 고르기는 예상보다 어려웠다.
AbsoluteVerb_616	완성되다	만들던 것이 다 만들어져 생겨요. 능력의 가능성 용법과 구별해요.	作る	만드는 행동과 완성된 결과가 생기는 것을 구별한다.	夕飯が[出来た/できた]ので、みんなを呼んだ。	저녁 식사가 [완성되어] 모두를 불렀다.	駅前に新しい図書館が[出来る/できる]らしい。	역 앞에 새 도서관이 [생긴다고] 한다.
AbsoluteVerb_619	다르다	서로 같은 상태나 내용이 아니에요. 틀렸다는 판단은 아니에요.	間違う	차이가 있다는 것과 정답에 어긋난다는 평가를 구별한다.	二つの地図は、道の位置が[異なる/ことなる]。	두 지도는 길의 위치가 [다르다].	予想と[異なっていた/ことなっていた]ので、結果を二度確認した。	예상과 [달라서] 결과를 두 번 확인했다.
AbsoluteVerb_622	말하다	자기 이름이나 말을 겸손하게 전해요. 상대를 높이는 동사와 달라요.	おっしゃる	상대의 말하기를 높이는 표현과 자기 말하기를 낮추는 표현을 구별한다.	受付の田中と[申します/もうします]。	접수 담당 다나카라고 [합니다].	先ほども[申しました/もうしました]が、明日は休業です。	조금 전에도 [말씀드렸지만] 내일은 휴업입니다.
AbsoluteVerb_625	있다	내 쪽 사람의 존재를 낮추어 정중하게 말해요.	いらっしゃる	상대를 높여 존재를 말하는 것과 자기 쪽을 낮추는 것을 구별한다.	私は午後も事務所に[おります/おります]。	저는 오후에도 사무실에 [있습니다].	担当者はただいま席を外して[おります/おります]。	담당자는 지금 자리를 비우고 [있습니다].
AbsoluteVerb_628	드리다	내가 상대에게 주는 일을 겸손하게 말해요.	くださる	상대가 내게 주는 존경 표현과 내가 상대에게 드리는 겸양 표현은 방향이 다르다.	こちらの資料を皆様に[差し上げます/さしあげます]。	이 자료를 여러분께 [드리겠습니다].	お礼に、庭で育てた花を先生に[差し上げた/さしあげた]。	감사 표시로 마당에서 기른 꽃을 선생님께 [드렸다].
AbsoluteVerb_631	하다	자기 쪽 행동을 낮추어 정중하게 말해요.	なさる	상대의 행동을 높이는 것과 자기 행동을 낮추는 것을 구별한다.	準備は私が[致します/いたします]。	준비는 제가 [하겠습니다].	先ほどお電話[致しました/いたしました]が、ご不在でした。	조금 전 전화[드렸지만] 안 계셨습니다.
AbsoluteVerb_634	드시다	상대가 먹고 마시는 행동을 높여요. 자기 행동을 낮추는 말과 달라요.	いただく	먹는 주체가 상대일 때의 존경어와 자기일 때의 겸양어를 구별한다.	先生、こちらのお菓子も[召し上がって/めしあがって]ください。	선생님, 이 과자도 [드셔] 주세요.	お客様はもう朝食を[召し上がりました/めしあがりました]か。	손님은 벌써 아침을 [드셨나요]?
AbsoluteVerb_637	이혼하다	법적인 부부 관계를 끝내요. 단순 이별보다 범위가 좁아요.	別れる	연인이나 친구의 이별과 달리 혼인 관계를 해소하는 뜻이다.	叔母は[離婚して/りこんして]から、故郷で店を始めた。	이모는 [이혼한] 뒤 고향에서 가게를 시작했다.	二人が[離婚する/りこんする]と聞いて、驚きを隠せなかった。	두 사람이 [이혼한다는] 말을 듣고 놀라움을 감추지 못했다.
AbsoluteVerb_640	청소하다	먼지와 때를 없애 깨끗하게 해요. 물건 정리만은 아니에요.	片付ける	물건을 제자리에 놓는 것보다 더러움을 제거하는 데 초점을 둔다.	休みの日に、ベランダを[掃除した/そうじした]。	쉬는 날 베란다를 [청소했다].	床を[掃除している/そうじしている]ので、少し待ってね。	바닥을 [청소하고 있으니] 잠깐 기다려.
AbsoluteVerb_643	채비하다	곧 나가거나 일을 시작하도록 갖춰요. 장기 대비보다 가까운 준비예요.	備える	앞으로의 사태 대비보다 외출과 식사 등 일상의 채비를 뜻한다.	母が夕飯の[支度をしていた/したくをしていた]。	어머니가 저녁 식사 [채비를 하고 계셨다].	あと十分で出るから、早く[支度して/したくして]。	십 분 뒤에 나가니 얼른 [준비해].
AbsoluteVerb_646	공부하다	학습을 위해 읽고 쓰며 익혀요. 가르침을 받는 것만은 아니에요.	習う	남에게 배우는 것과 달리 혼자 하는 학습에도 널리 쓴다.	試験前は、図書館で夜まで[勉強した/べんきょうした]。	시험 전에는 도서관에서 밤까지 [공부했다].	何のために[勉強する/べんきょうする]のか、弟に聞かれた。	무엇을 위해 [공부하는지] 남동생이 물었다.
AbsoluteVerb_649	유학하다	외국에 머물며 학교 등에서 배워요. 관광과는 목적이 달라요.	旅行する	이동과 방문 자체보다 외국에서 공부하는 목적이 중심이다.	姉は奨学金をもらって、カナダに[留学した/りゅうがくした]。	언니는 장학금을 받고 캐나다에 [유학했다].	海外に[留学する/りゅうがくする]前に、料理を覚えておきたい。	해외에 [유학하기] 전에 요리를 배워 두고 싶다.
AbsoluteVerb_652	지각하다	정해진 출석 시각보다 늦게 와요. 사물의 지연보다 사람에 잘 써요.	遅れる	시간이 늦어지는 일반적 현상보다 출석과 약속에 늦는 뜻이다.	寝坊して、初日から[遅刻してしまった/ちこくしてしまった]。	늦잠을 자서 첫날부터 [지각해 버렸다].	明日は絶対に[遅刻しない/ちこくしない]よう、目覚ましを二つ置いた。	내일은 절대 [지각하지 않도록] 자명종을 두 개 놓았다.
AbsoluteVerb_655	이해하다	의미나 이유를 알아요. 외운다는 것과는 달라요.	暗記する	문구를 외우는 것과 내용의 뜻을 파악하는 것을 구별한다.	図を見て、ようやく仕組みを[理解した/りかいした]。	그림을 보고 드디어 원리를 [이해했다].	相手の立場を[理解しよう/りかいしよう]として、話を聞いた。	상대 처지를 [이해하려고] 이야기를 들었다.
AbsoluteVerb_658	출석하다	수업이나 회의의 자리에 나와 있어요. 활동 참가와는 초점이 달라요.	参加する	활동에 관여하는 것보다 정해진 자리에 참석했는지에 초점을 둔다.	熱は下がったので、午後の授業には[出席した/しゅっせきした]。	열이 내려서 오후 수업에는 [출석했다].	明日の会議に[出席できます/しゅっせきできます]か。	내일 회의에 [참석할 수 있나요]?
AbsoluteVerb_661	성공하다	목표하던 결과를 이루어요. 작업 종료만은 아니에요.	完成する	다 만들어지는 것과 목표 달성에 성공하는 것을 구별한다.	新しいパンの試作に[成功した/せいこうした]。	새 빵 시제품 만들기에 [성공했다].	一度[成功しても/せいこうしても]、次も同じとは限らない。	한 번 [성공해도] 다음에도 같으리라는 보장은 없다.
AbsoluteVerb_664	대처하다	발생한 문제에 맞춰 행동해요. 미리 대비하는 것과 구별해요.	備える	사전 준비보다 실제 상황이 생겼을 때 대응하는 것이다.	急な停電にも、店員は落ち着いて[対処した/たいしょした]。	갑작스러운 정전에도 직원은 침착하게 [대처했다].	苦情には、誰が[対処する/たいしょする]ことになっていますか。	불만에는 누가 [대처하기로] 되어 있나요?
AbsoluteVerb_667	구경하다	볼거리를 즐기며 바라봐요. 공부 목적의 견학과 달라요.	見学する	시설을 배우기 위해 살피는 것보다 즐기며 보는 뜻이다.	橋の上から祭りの船を[見物した/けんぶつした]。	다리 위에서 축제의 배를 [구경했다].	工事を[見物している/けんぶつしている]うちに、待ち時間が過ぎた。	공사를 [구경하는] 사이 기다리는 시간이 지나갔다.
AbsoluteVerb_670	참가하다	행사나 활동에 한 사람으로 함께해요. 자리에 있기만 하는 것보다 적극적이에요.	出席する	출석 여부보다 활동에 관여하는 것을 말한다.	近所の清掃活動に初めて[参加した/さんかした]。	이웃 청소 활동에 처음 [참가했다].	経験がなくても、この大会には[参加できます/さんかできます]。	경험이 없어도 이 대회에는 [참가할 수 있습니다].
AbsoluteVerb_673	체험하다	직접 해 보면서 경험해요. 구경만 하는 것과 달라요.	見学する	곁에서 관찰하는 것과 실제 활동을 해 보는 것을 구별한다.	旅行先で、陶器作りを[体験した/たいけんした]。	여행지에서 도자기 만들기를 [체험했다].	雪の上で寝るなんて、一度は[体験してみたい/たいけんしてみたい]。	눈 위에서 자는 것은 한 번쯤 [체험해 보고 싶다].
AbsoluteVerb_676	전화하다	통화로 상대에게 연락해요. 문자 연락과는 수단이 달라요.	連絡する	연락 전반 가운데 전화라는 특정 수단을 쓴다.	道に迷って、宿に[電話した/でんわした]。	길을 잃어서 숙소에 [전화했다].	今から[電話しても/でんわしても]大丈夫？	지금 [전화해도] 괜찮아?
AbsoluteVerb_679	외출하다	집이나 평소 있던 곳을 나가요. 출근으로 한정되지 않아요.	出勤する	직장에 가는 목적보다 밖으로 나가는 행동을 넓게 말한다.	母が[外出している/がいしゅつしている]間に、夕飯を作った。	어머니가 [외출해 계신] 동안 저녁을 만들었다.	雨なので、今日は[外出しない/がいしゅつしない]ことにした。	비가 와서 오늘은 [외출하지 않기로] 했다.
AbsoluteVerb_682	결정하다	여러 가능성 중 하나로 확정해요. 검토 단계와 달라요.	検討する	여러 선택지를 살피는 것과 하나로 정하는 것은 단계가 다르다.	投票で旅行先を[決定した/けっていした]。	투표로 여행지를 [결정했다].	金額を聞かずに[決定する/けっていする]のは、少し早い。	금액을 듣지 않고 [결정하기는] 조금 이르다.
AbsoluteVerb_685	대답하다	부름이나 연락에 응답해요. 문제의 답을 푸는 것보다 상대에게 응하는 데 초점을 둬요.	答える	答える는 질문이나 문제에 답하는 뜻이 넓고, 返事する는 부름·편지·연락 등에 응답하는 일을 말한다. 질문에 응답할 때는 겹친다.	名前を呼ばれたので、大きな声で[返事した/へんじした]。	이름이 불려서 큰 소리로 [대답했다].	今すぐ[返事しなくても/へんじしなくても]いいので、考えてください。	지금 바로 [대답하지 않아도] 되니 생각해 주세요.
AbsoluteVerb_688	녹음하다	소리를 나중에 들을 수 있게 저장해요. 영상 저장과 구별해요.	録画する	움직이는 영상보다 음성만 기록하는 것이다.	祖母の昔話をスマホで[録音した/ろくおんした]。	할머니의 옛이야기를 휴대전화로 [녹음했다].	自分の声を[録音して/ろくおんして]聞くと、少し変に感じる。	자기 목소리를 [녹음해서] 들으면 조금 이상하게 느껴진다.
AbsoluteVerb_691	수술하다	의사가 몸을 절개하는 등의 치료를 해요. 진찰만 하는 것과 달라요.	診察する	몸 상태를 진찰하는 것과 실제 수술로 치료하는 것을 구별한다.	医師はけがをした選手の膝を[手術した/しゅじゅつした]。	의사는 다친 선수의 무릎을 [수술했다].	右目も[手術する/しゅじゅつする]か、来週決めるそうだ。	오른쪽 눈도 [수술할지] 다음 주에 결정한다고 한다.
AbsoluteVerb_694	참다	불편함이나 욕구를 눌러 견뎌요. 버티는 대상이 넓어요.	耐える	어려움을 견디는 뜻이 겹치지만 욕구를 억제할 때에도 잘 쓴다.	笑いを[我慢した/がまんした]ら、かえって苦しくなった。	웃음을 [참았더니] 오히려 괴로워졌다.	痛いなら、無理に[我慢しないで/がまんしないで]。	아프면 억지로 [참지 마].
AbsoluteVerb_697	소개하다	모르는 사람이나 정보를 상대에게 알려 연결해요.	招待する	손님으로 오게 하는 것과 인물이나 내용을 알리는 것을 구별한다.	先輩が安い宿を[紹介してくれた/しょうかいしてくれた]。	선배가 저렴한 숙소를 [소개해 줬다].	私の友人を皆さんに[紹介します/しょうかいします]。	제 친구를 여러분께 [소개합니다].
AbsoluteVerb_700	고장 나다	기계가 제대로 작동하지 않게 돼요. 모양이 부서져야 하는 것은 아니에요.	壊れる	물리적으로 부서지는 경우도 있는 말보다 기계의 기능 이상에 초점을 둔다.	旅先でカメラが[故障した/こしょうした]。	여행지에서 카메라가 [고장 났다].	冷蔵庫が[故障すると/こしょうすると]、店を開けられない。	냉장고가 [고장 나면] 가게를 열 수 없다.
AbsoluteVerb_703	졸다	깨어 있어야 할 때 앉거나 선 채 잠깐 잠들어요.	眠る	정상적인 수면 전반보다 일이나 수업 중 뜻하지 않게 잠드는 것이다.	授業中に[居眠りして/いねむりして]、名前を呼ばれた。	수업 중에 [졸다가] 이름이 불렸다.	電車で[居眠りした/いねむりした]せいで、駅を乗り過ごした。	전철에서 [졸았기] 때문에 역을 지나쳤다.
AbsoluteVerb_706	발명하다	전에 없던 장치나 방법을 만들어 내요. 있는 것을 찾아내는 것과 달라요.	発見する	기존 대상을 발견하는 것과 새로운 것을 고안하는 것을 구별한다.	誰がこの便利な道具を[発明した/はつめいした]のだろう。	누가 이 편리한 도구를 [발명했을까]?	片手でも使えるはさみを[発明したい/はつめいしたい]。	한 손으로도 쓸 수 있는 가위를 [발명하고 싶다].
AbsoluteVerb_709	확인하다	내용이나 상태가 맞는지 확실하게 살펴요.	承認する	사실을 점검하는 것과 공식적으로 허락하는 것은 다르다.	番号を[確認して/かくにんして]から、ボタンを押してください。	번호를 [확인하고] 버튼을 눌러 주세요.	何度も[確認した/かくにんした]はずなのに、日付が違っていた。	여러 번 [확인했을] 텐데 날짜가 달랐다.
AbsoluteVerb_712	귀국하다	외국에서 자기 나라로 돌아와요. 집에 돌아오는 것과 범위가 달라요.	帰宅する	도착하는 곳이 집인지 자기 나라인지 구별한다.	姉は二年間の留学を終えて[帰国した/きこくした]。	언니는 이 년간의 유학을 마치고 [귀국했다].	[帰国した/きこくした]翌日から仕事なので、荷造りは早めに済ませた。	[귀국한] 다음 날부터 일을 하므로 짐은 일찍 다 쌌다.
AbsoluteVerb_715	실력이 늘다	연습으로 기술이 더 능숙해져요. 자연 성장과는 달라요.	成長する	성장 전반보다 익힌 기술의 숙련도가 높아지는 것을 말한다.	毎日弾いていたら、少しピアノが[上達した/じょうたつした]。	매일 쳤더니 피아노 [실력이 조금 늘었다].	練習せずに[上達する/じょうたつする]方法なんて、ないよね。	연습 없이 [실력이 느는] 방법 같은 건 없겠지.
AbsoluteVerb_718	반대하다	제안이나 의견을 받아들이지 않는 입장을 밝혀요.	断る	개인적인 요청을 거절하는 것보다 제안에 반대 의견을 내는 데 초점을 둔다.	住民は公園を壊す計画に[反対した/はんたいした]。	주민들은 공원을 없애는 계획에 [반대했다].	理由が分かれば、むやみに[反対しません/はんたいしません]。	이유를 알면 무턱대고 [반대하지 않겠습니다].
AbsoluteVerb_721	흉내 내다	본 것의 말투나 행동을 비슷하게 해요. 창작 자체와 달라요.	参考にする	도움이 되는 자료로 삼는 것보다 실제로 비슷하게 따라 하는 것이다.	弟はテレビの声を[真似して/まねして]、家族を笑わせた。	남동생은 텔레비전의 목소리를 [흉내 내어] 가족을 웃겼다.	危険な技なので、絶対に[真似しないで/まねしないで]ください。	위험한 기술이니 절대로 [따라 하지 말아] 주세요.
AbsoluteVerb_724	방심하다	괜찮다고 생각해 경계를 늦춰요. 편안함 자체와 달라요.	安心する	마음이 놓이는 것과 달리 필요한 주의까지 놓는다는 부정적 뜻이다.	勝ったと思って[油断した/ゆだんした]ら、逆転された。	이겼다고 생각해 [방심했더니] 역전당했다.	浅い川でも、[油断しないで/ゆだんしないで]ね。	얕은 강이라도 [방심하지 마].
AbsoluteVerb_727	따끔따끔하다	작게 찌르는 자극이 반복돼요. 둔한 통증과 달라요.	ずきずきする	맥박처럼 욱신대는 것보다 바늘이 찌르는 듯한 얕은 자극이다.	このセーターは首が[ちくちくする/ちくちくする]。	이 스웨터는 목이 [따끔따끔하다].	草の上に座ったら、脚が[ちくちくした/ちくちくした]。	풀 위에 앉았더니 다리가 [따끔따끔했다].
AbsoluteVerb_730	머리가 지끈거리다	머리를 두드리는 듯 강하게 아파요. 가벼운 찌름과 달라요.	ちくちくする	작게 찌르는 통증보다 머리에 울리는 강한 통증을 나타낸다.	寝不足で、朝から頭が[がんがんする/がんがんする]。	잠이 부족해서 아침부터 머리가 [지끈거린다].	頭が[がんがんして/がんがんして]、本の文字が入ってこない。	머리가 [지끈거려서] 책 글자가 머리에 들어오지 않는다.
AbsoluteVerb_733	울퉁불퉁하다	단단한 표면에 큰 요철이 있어요. 잔잔한 거침과 달라요.	ざらざらする	잔돌 같은 미세한 거침보다 크고 단단한 요철의 느낌이다.	この道は石で[ごつごつしている/ごつごつしている]。	이 길은 돌 때문에 [울퉁불퉁하다].	[ごつごつした/ごつごつした]岩に座って、お弁当を食べた。	[울퉁불퉁한] 바위에 앉아 도시락을 먹었다.
AbsoluteVerb_736	느긋이 쉬다	서두르지 않고 편하게 시간을 보내요. 움직임이 느린 것만은 아니에요.	のろのろする	행동이 답답하게 느린 것보다 편하게 쉬거나 여유를 갖는 뜻이다.	今夜は家で[ゆっくりしたい/ゆっくりしたい]。	오늘 밤은 집에서 [느긋이 쉬고 싶다].	お茶を入れますから、もう少し[ゆっくりして/ゆっくりして]いってください。	차를 준비할 테니 조금 더 [편하게 쉬다] 가세요.
AbsoluteVerb_739	묵직하다	무게감이 있고 안정되게 자리해요. 무겁기만 한 것과 달라요.	重い	중량뿐 아니라 흔들리지 않는 안정감도 담긴 표현이다.	祖父の机は[どっしりしていて/どっしりしていて]、少し押しても動かない。	할아버지 책상은 [묵직해서] 조금 밀어도 움직이지 않는다.	玄関に[どっしりした/どっしりした]壺を置いたら、雰囲気が変わった。	현관에 [묵직한] 항아리를 놓으니 분위기가 달라졌다.
AbsoluteVerb_742	녹초가 되다	기운이 빠져 축 처져요. 단순 피곤함보다 모습이 드러나요.	疲れる	피로를 넓게 말하는 것보다 힘없이 늘어진 상태를 나타낸다.	引っ越しが終わると、全員[ぐったりしていた/ぐったりしていた]。	이사가 끝나자 모두 [녹초가 되어 있었다].	暑さで[ぐったりした/ぐったりした]犬が、床に寝ている。	더위에 [축 처진] 개가 바닥에 누워 있다.
AbsoluteVerb_745	든든하다	구조가 튼튼하고 안정되어 있어요. 겉이 단단한 것만은 아니에요.	硬い	재질의 단단함보다 구조가 믿을 만하고 안정됨에 초점을 둔다.	この椅子は安いけれど、[しっかりしている/しっかりしている]。	이 의자는 저렴하지만 [튼튼하다].	[しっかりした/しっかりした]箱に入れれば、割れずに送れる。	[튼튼한] 상자에 넣으면 깨뜨리지 않고 보낼 수 있다.
AbsoluteVerb_748	설레다	좋은 일을 기대해 마음이 들떠요. 걱정으로 두근거리는 것과 달라요.	どきどきする	불안한 긴장도 나타내는 말과 달리 즐거운 기대에 주로 쓴다.	旅行の地図を見ているだけで[わくわくする/わくわくする]。	여행 지도를 보기만 해도 [설렌다].	箱を開ける前から、子供たちは[わくわくしていた/わくわくしていた]。	상자를 열기 전부터 아이들은 [설레고 있었다].
AbsoluteVerb_751	지긋지긋하다	되풀이되거나 지겨운 일에 더는 견디기 싫어요. 단순히 흥미가 식는 것보다 불쾌감이 커요.	飽きる	飽きる는 흥미나 재미를 잃는 데에도 쓰고, うんざりする는 지루함이나 반복에 질려 더는 싫다는 기분을 강조한다.	毎日同じ注意をされて、[うんざりした/うんざりした]。	매일 같은 주의를 받아서 [지긋지긋했다].	この長い行列には、さすがに[うんざりする/うんざりする]。	이 긴 줄에는 정말 [진절머리가 난다].
AbsoluteVerb_754	안도하다	걱정하던 것이 풀리며 마음이 놓여요. 막연한 편안함보다 순간적이에요.	安心する	안심과 뜻이 겹치며 긴장이 풀리는 순간의 느낌을 생생하게 나타낸다.	無事に着いたと聞いて、[ほっとした/ほっとした]。	무사히 도착했다는 말을 듣고 [안도했다].	試験が終わって[ほっとしていた/ほっとしていた]ところへ、次の課題が出た。	시험이 끝나 [안도하고 있던] 참에 다음 과제가 나왔다.
AbsoluteVerb_757	냄새가 나다	코로 어떤 향이나 냄새를 느껴요. 맛을 느끼는 것과 달라요.	味がする	코로 감지하는 냄새와 혀로 느끼는 맛을 구별한다.	玄関まで、焼きたてのパンの[匂いがする/においがする]。	현관까지 갓 구운 빵 [냄새가 난다].	雨上がりの庭は、土の[匂いがした/においがした]。	비가 갠 마당에서는 흙 [냄새가 났다].
AbsoluteVerb_760	목소리가 들리다	사람이나 동물의 소리가 귀에 들어와요. 기계음과 구별해요.	音がする	소리 전반 가운데 사람의 목소리와 동물의 울음에 한정된다.	誰もいないはずの部屋から、[声がした/こえがした]。	아무도 없을 방에서 [목소리가 들렸다].	外で子供たちの[声がする/こえがする]。もう学校が終わったのかな。	밖에서 아이들 [목소리가 들린다]. 벌써 학교가 끝났나?
AbsoluteVerb_763	느낌이 들다	경험 때문에 어떤 감정이 마음에 생겨요. 막연한 추측보다 구체적이에요.	気がする	희미한 판단이나 추측보다 감정의 내용이 뚜렷한 문맥에 쓴다.	大勢の前で間違えて、恥ずかしい[思いがした/おもいがした]。	여러 사람 앞에서 틀려 부끄러운 [느낌이 들었다].	古い家を見ると、懐かしい[思いがする/おもいがする]。	옛집을 보면 그리운 [느낌이 든다].
AbsoluteVerb_766	현기증이 나다	주변이 도는 듯 어지러워요. 두통과는 감각이 달라요.	頭が痛い	머리의 통증과 평형감각이 흔들리는 어지러움을 구별한다.	急に立つと、[めまいがした/めまいがした]。	갑자기 일어나니 [현기증이 났다].	[めまいがする/めまいがする]ので、手すりから手を離せない。	[현기증이 나서] 난간에서 손을 뗄 수 없다.
AbsoluteVerb_769	귀가 울리다	외부 소리 없이 귀 안에서 소리가 느껴져요. 실제 들리는 소음과 달라요.	音がする	외부의 소리가 나는 것과 귀 안에서 울림을 느끼는 현상을 구별한다.	静かな部屋なのに、[耳鳴りがする/みみなりがする]。	조용한 방인데도 [귀가 울린다].	昨夜から[耳鳴りがして/みみなりがして]、少し気になっている。	어젯밤부터 [귀가 울려서] 조금 신경 쓰인다.
AbsoluteVerb_772	무늬가 있다	겉에 어떤 모양의 무늬가 나타나 있어요. 색만 말하는 것과 달라요.	色をしている	단색의 빛깔과 반복되는 모양이나 무늬를 구별한다.	この蝶の羽は、不思議な[模様をしている/もようをしている]。	이 나비 날개에는 신기한 [무늬가 있다].	よく見ると、魚の背中は波のような[模様をしていた/もようをしていた]。	잘 보니 물고기 등에는 파도 같은 [무늬가 있었다].
AbsoluteVerb_775	체격을 지니다	몸이 어떤 모양과 상태인지 묘사해요. 옷차림과 달라요.	格好をしている	복장이나 자세보다 신체의 체격 자체를 말한다.	あの選手は、細いが丈夫そうな[体をしている/からだをしている]。	저 선수는 가늘지만 튼튼해 보이는 [체격을 지니고 있다].	絵の中の怪物は、人間の倍ほど大きな[体をしていた/からだをしていた]。	그림 속 괴물은 사람의 두 배쯤 큰 [몸을 하고 있었다].
AbsoluteVerb_778	손을 지니다	손의 생김새나 촉감을 묘사해요. 손짓하는 동작과 달라요.	手つき	手つき는 손을 움직이는 방식이고, 手をしている는 손 자체의 모양이나 상태를 묘사한다.	祖父は長年の仕事で、硬い[手をしている/てをしている]。	할아버지는 오랜 일 때문에 단단한 [손을 지니고 계신다].	診察した医師は、意外に小さな[手をしていた/てをしていた]。	진찰한 의사는 의외로 작은 [손을 지니고 있었다].
AbsoluteVerb_781	눈을 하고 있다	눈의 모양이나 눈빛을 묘사해요. 얼굴 전체가 아니라 눈에 초점을 둬요.	表情をしている	表情をしている는 얼굴 전체에 드러난 감정을 묘사하고, 目をしている는 눈의 생김새나 눈빛을 묘사한다.	あの猫は、丸くて大きな[目をしている/めをしている]。	저 고양이는 둥글고 큰 [눈을 하고 있다].	兄は眠そうな[目をしていた/めをしていた]が、話は全部聞いていた。	형은 졸린 [눈을 하고 있었지만] 이야기는 전부 듣고 있었다.
AbsoluteVerb_784	피자를 배달시키다	가게에서 피자를 가져다주도록 주문해요. 조각을 집는 것과 달라요.	ピザを買う	직접 사는 것 전반보다 배달 주문이라는 관용적 뜻이다.	料理する元気がないから、今夜は[ピザを取ろう/ぴざをとろう]。	요리할 기운이 없으니 오늘 밤은 [피자를 배달시키자].	会議が長引いたので、みんなで[ピザを取った/ぴざをとった]。	회의가 길어져서 모두 함께 [피자를 배달시켰다].
AbsoluteVerb_787	시간을 내다	다른 일을 잠시 미루고 필요한 시간을 확보해요.	時間がかかる	필요 시간이 드는 것과 의도적으로 시간을 확보하는 것을 구별한다.	相談のために[時間を取って/じかんをとって]くださり、ありがとうございます。	상담을 위해 [시간을 내] 주셔서 감사합니다.	明日の朝なら、少し[時間を取れます/じかんをとれます]。	내일 아침이라면 조금 [시간을 낼 수 있습니다].
AbsoluteVerb_790	육수를 내다	재료를 물에 우려 맛의 바탕을 만들어요. 국을 완성하는 것과 달라요.	スープを作る	완성된 수프 요리 전체보다 감칠맛을 추출하는 기초 과정이다.	昆布で[だしを取って/だしをとって]から、野菜を入れた。	다시마로 [육수를 낸] 뒤 채소를 넣었다.	祖母は毎朝、煮干しで[だしを取る/だしをとる]。	할머니는 매일 아침 말린 멸치로 [육수를 내신다].
AbsoluteVerb_793	수면을 취하다	몸을 쉬게 하려고 잠을 자요. 그냥 눕는 것과 달라요.	横になる	누운 자세만 취하는 것과 실제로 잠을 자는 것을 구별한다.	試験の前日は、十分に[睡眠を取った/すいみんをとった]。	시험 전날에는 충분히 [수면을 취했다].	夜勤の前に少し[睡眠を取りたい/すいみんをとりたい]。	야간 근무 전에 조금 [수면을 취하고 싶다].
AbsoluteVerb_796	손을 잡다	상대 손을 붙잡아 이끌거나 마음을 전해요. 팔짱과 달라요.	腕を組む	팔을 걸어 끼는 것과 손 자체를 잡는 것을 구별한다.	祖母の[手を取って/てをとって]、ゆっくり階段を上った。	할머니의 [손을 잡고] 천천히 계단을 올랐다.	再会した二人は、互いの[手を取った/てをとった]まま笑っていた。	재회한 두 사람은 서로 [손을 잡은] 채 웃고 있었다.
AbsoluteVerb_799	제비를 뽑다	무작위로 표를 골라 결과를 정해요. 투표와는 달라요.	投票する	의견으로 고르는 것과 우연에 따라 정하는 것을 구별한다.	順番を決めるために、[くじを引いた/くじをひいた]。	순서를 정하려고 [제비를 뽑았다].	最初に[くじを引く/くじをひく]人は、箱を見ないでね。	처음 [제비를 뽑는] 사람은 상자를 보지 마.
AbsoluteVerb_802	말을 인용하다	누군가 한 말을 끌어와 자기 말에 담아요. 뜻을 검색하는 것과 구별해요.	辞書を引く	사전에서 찾아보는 것과 남의 말을 인용하는 문맥을 구별한다.	校長は卒業生の[言葉を引いて/ことばをひいて]、挨拶を締めくくった。	교장은 졸업생의 [말을 인용해] 인사를 마무리했다.	母はよく祖父の[言葉を引く/ことばをひく]が、私は会ったことがない。	어머니는 자주 할아버지의 [말을 인용하시지만] 나는 뵌 적이 없다.
AbsoluteVerb_805	관심을 끌다	상대가 나나 대상에 주목하도록 해요. 마음이 끌리는 쪽과 달라요.	気になる	자신이 신경 쓰이는 상태와 상대의 주의를 끄는 행동을 구별한다.	猫は私の[気を引こう/きをひこう]として、机に乗った。	고양이는 내 [관심을 끌려고] 책상에 올라왔다.	派手な看板が通行人の[気を引いた/きをひいた]。	화려한 간판이 행인들의 [관심을 끌었다].
AbsoluteVerb_808	선을 긋다	도구로 길고 가느다란 자국을 그려요. 밑줄만 뜻하지 않아요.	下線を引く	문자 아래의 밑줄보다 선을 그리는 행동 전반을 말한다.	定規を使って、紙の中央に[線を引いた/せんをひいた]。	자를 써서 종이 중앙에 [선을 그었다].	切る場所に[線を引いて/せんをひいて]おくと、失敗しにくい。	자를 곳에 [선을 그어] 두면 실수하기 어렵다.
AbsoluteVerb_811	물을 대다	관이나 물길로 다른 곳의 물을 끌어와요. 붓기만 하는 것과 달라요.	水をまく	주변에 물을 뿌리는 것과 물길을 통해 공급하는 것을 구별한다.	川から田んぼへ[水を引いた/みずをひいた]。	강에서 논으로 [물을 댔다].	畑に[水を引く/みずをひく]には、長い管が必要だ。	밭에 [물을 대려면] 긴 관이 필요하다.
AbsoluteVerb_814	책을 출판하다	글을 책으로 만들어 독자에게 내놓아요. 쓰기만 하는 것과 달라요.	本を書く	집필하는 단계와 실제 출판하는 단계를 구별한다.	祖父は八十歳で初めて[本を出した/ほんをだした]。	할아버지는 여든 살에 처음 [책을 출판하셨다].	いつか自分の写真を集めて[本を出したい/ほんをだしたい]。	언젠가 내 사진을 모아서 [책을 출판하고 싶다].
AbsoluteVerb_817	성과를 내다	노력이나 활동으로 성과를 내요. 좋은 성과를 뜻하는 표현과 겹치며 결과 자체에도 초점을 둬요.	成果を上げる	성과를 낸다는 문맥에서는 겹친다. 成果を上げる는 긍정적인 성취를 분명히 드러내고, 結果を出す는 요구되는 결과를 만들어 냈다는 데 초점을 둔다.	新人が大きな[結果を出して/けっかをだして]、周囲を驚かせた。	신입이 큰 [성과를 내서] 주변을 놀라게 했다.	すぐに[結果を出せなくても/けっかをだせなくても]、練習を続けよう。	바로 [성과를 낼 수 없어도] 연습을 계속하자.
AbsoluteVerb_820	손대다	새 분야나 일에 관여하기 시작해요. 육체적 손짓과 구별해요.	始める	시작한다는 뜻에 더해 충분히 알지 못하는 일에 관여한다는 뉘앙스가 나기도 한다.	よく知らない投資には[手を出さない/てをださない]。	잘 모르는 투자에는 [손대지 않는다].	趣味を増やしすぎて、陶芸にまで[手を出した/てをだした]。	취미를 너무 늘려서 도예에까지 [손댔다].
AbsoluteVerb_823	기운을 내다	낙담한 상태에서 다시 힘을 내요. 힘을 내도록 해 주는 것과 달라요.	励ます	남을 격려하는 행동과 자기 기운을 되찾는 행동을 구별한다.	一度負けただけだよ。[元気を出して/げんきをだして]。	한 번 졌을 뿐이야. [기운을 내].	手紙を読んで[元気を出した/げんきをだした]弟は、また机に向かった。	편지를 읽고 [기운을 낸] 남동생은 다시 책상에 앉았다.
AbsoluteVerb_826	연기가 피어오르다	타는 곳에서 연기가 위로 올라와요. 수증기와 구별해요.	湯気が立つ	뜨거운 물의 수증기와 연소로 생기는 연기를 구별한다.	遠くの山から黒い[煙が立っている/けむりがたっている]。	먼 산에서 검은 [연기가 피어오르고 있다].	火をつけると、湿った枝から白い[煙が立った/けむりがたった]。	불을 붙이니 젖은 나뭇가지에서 하얀 [연기가 피어올랐다].
AbsoluteVerb_829	먼지가 일다	쌓인 먼지가 공중으로 날려 올라와요. 연기와 달라요.	煙が立つ	물체가 타서 생긴 연기와 기존의 먼지가 날리는 것을 구별한다.	古いカーペットを動かしたら、[ほこりが立った/ほこりがたった]。	낡은 카펫을 움직였더니 [먼지가 일었다].	[ほこりが立つ/ほこりがたつ]から、ここでは走らないで。	[먼지가 나니까] 여기서는 뛰지 마.
AbsoluteVerb_832	화가 나다	불쾌한 일로 분노가 생겨요. 남에게 화를 내는 행동보다 감정이에요.	怒る	분노를 행동으로 드러내지 않아도 마음속에 화가 나는 상태를 나타낸다.	無断で日記を読まれて、[腹が立った/はらがたった]。	허락 없이 일기를 읽혀서 [화가 났다].	[腹が立っても/はらがたっても]、物を投げるのはやめよう。	[화가 나도] 물건을 던지는 것은 그만두자.
AbsoluteVerb_835	도움이 되다	목적을 이루는 데 쓸모가 있어요. 직접 거드는 동작만은 아니에요.	手伝う	행동으로 돕는 것과 지식이나 물건이 유용한 것을 구별한다.	昔習った手話が、駅で[役に立った/やくにたった]。	예전에 배운 수어가 역에서 [도움이 됐다].	軽い傘が一本あると、旅行で[役に立つ/やくにたつ]よ。	가벼운 우산 하나가 있으면 여행에서 [도움이 돼].
AbsoluteVerb_838	단추를 달다	떨어진 단추를 옷에 붙여요. 단추를 잠그는 것과 달라요.	ボタンを留める	실로 부착하는 것과 단춧구멍에 끼워 잠그는 행동을 구별한다.	母に教わって、シャツに[ボタンを付けた/ぼたんをつけた]。	어머니께 배워서 셔츠에 [단추를 달았다].	赤い[ボタンを付ける/ぼたんをつける]と、この服が明るく見えるね。	빨간 [단추를 달면] 이 옷이 밝아 보이네.
AbsoluteVerb_841	일기를 쓰다	그날 있었던 일을 지속적으로 기록해요. 일정 계획과는 달라요.	予定を書く	앞으로 할 일을 적는 것과 이미 겪은 날의 기록을 구별한다.	旅行中だけ、毎晩[日記を付けた/にっきをつけた]。	여행 중에만 매일 밤 [일기를 썼다].	何もない日にも[日記を付ける/にっきをつける]と、小さな変化に気づく。	아무 일 없는 날에도 [일기를 쓰면] 작은 변화를 알아챈다.
AbsoluteVerb_844	익히다	지식이나 기술을 실제 자기 능력으로 갖춰요. 단순히 기억하는 것보다 깊어요.	覚える	암기와 기억보다 지식이나 기술을 익혀 활용할 수 있게 됨을 강조한다. 착용 뜻도 있으며 표기만으로 뜻을 절대 구분하지 않는다.	海外で暮らして、会話力を[身に付けた/みにつけた]。	해외에서 살며 회화 능력을 [익혔다].	基本を[身に付ける/みにつける]までは、同じ練習を続けよう。	기본을 [익힐] 때까지는 같은 연습을 계속하자.
AbsoluteVerb_847	이유를 대다	행동을 정당화할 이유를 붙여 말해요. 원인을 찾는 것과 달라요.	原因を探る	실제 원인을 조사하는 것보다 자기 행동에 설명을 붙이는 것이다.	彼は何かと[理由を付けて/りゆうをつけて]、片付けを先延ばしにする。	그는 이런저런 [이유를 대며] 정리를 미룬다.	[理由を付けなくても/りゆうをつけなくても]、嫌ならそう言っていいよ。	[이유를 대지 않아도] 싫으면 그렇다고 말해도 돼.
AbsoluteVerb_850	약이 되다	힘든 경험이 나중에 도움이 돼요. 실제 약만 뜻하지 않아요.	勉強になる	배움을 얻는 것과 겹치지만 쓰라린 경험이 교훈이 된다는 비유에 잘 쓴다.	あの失敗は、今思えば[薬になった/くすりになった]。	그 실패는 지금 생각하면 [약이 되었다].	厳しい忠告も、後で[薬になる/くすりになる]ことがある。	엄한 충고도 나중에 [약이 되는] 일이 있다.
AbsoluteVerb_853	허사가 되다	애써 준비한 것이 갑자기 쓸모없어져요. 계획적 취소와 달라요.	中止になる	단순 중단보다 기회나 노력이 무산되는 아쉬움을 담는다.	台風で旅行が[ふいになった/ふいになった]。	태풍으로 여행이 [허사가 됐다].	寝坊で面接の機会が[ふいになる/ふいになる]なんて、もったいない。	늦잠으로 면접 기회가 [날아가다니] 아깝다.
AbsoluteVerb_856	화재가 나다	건물 등이 의도치 않게 타는 사고가 생겨요.	火がつく	불이 붙는 것 전체보다 피해를 낳는 화재 사고를 뜻한다.	昨夜、駅前の倉庫が[火事になった/かじになった]。	어젯밤 역 앞 창고에 [불이 났다].	ろうそくを倒して、[火事になる/かじになる]ところだった。	촛불을 넘어뜨려서 [화재가 날] 뻔했다.
AbsoluteVerb_859	알아차리다	몰랐던 사실이 의식에 들어와요. 일부러 조사하는 것과 달라요.	調べる	자료를 찾아 조사하기보다 순간적으로 인식하는 변화다.	駅に着いてから、財布がないことに[気が付いた/きがついた]。	역에 도착한 뒤 지갑이 없다는 것을 [알아차렸다].	小さな変化に[気が付く/きがつく]人は、観察が上手だ。	작은 변화를 [알아차리는] 사람은 관찰을 잘한다.
AbsoluteVerb_864	성미가 급하다	조금도 기다리지 못하고 쉽게 조급해져요. 난폭함 자체와는 달라요.	気が荒い	성격이 거칠고 난폭한 것보다 참을성이 적은 성향이다.	父は[気が短い/きがみじかい]ので、長い列には並びたがらない。	아버지는 [성미가 급하셔서] 긴 줄에는 서려고 하지 않으신다.	昔は[気が短かった/きがみじかかった]が、子育てで少し変わった。	예전에는 [성미가 급했지만] 육아로 조금 달라졌다.
AbsoluteVerb_867	호감이 있다	특정 사람에게 연애의 관심이 있어요. 단순 걱정과 달라요.	気になる	마음에 걸리는 것 전반보다 상대에게 연애적인 호감이 있다는 뜻으로 쓴다.	彼は姉に[気がある/きがある]らしい。	그는 언니에게 [호감이 있는] 것 같다.	親切にしただけで、特に[気があった/きがあった]わけではない。	친절하게 했을 뿐 특별히 [호감이 있었던] 것은 아니다.
AbsoluteVerb_870	직성이 풀리다	하고 싶은 일을 충분히 해야 마음이 편해져요.	安心する	걱정이 없어지는 것보다 자기 바람을 채워 만족하는 것이다.	自分で確かめないと[気が済まない/きがすまない]。	직접 확인하지 않으면 [직성이 풀리지 않는다].	思う存分話したら、少し[気が済んだ/きがすんだ]。	실컷 이야기했더니 조금 [속이 풀렸다].
theme-core-JLPTN3_2	옮겨 가다	자기 위치를 다른 곳으로 바꿔요. 대상을 옮기는 행동과 달라요.	移す	주체의 이동과 다른 대상을 옮기는 행동을 구별한다.	音がうるさいので、空いている席に[移った/うつった]。	소리가 시끄러워서 빈 자리로 [옮겼다].	会議の続きは、隣の部屋に[移って/うつって]からにしましょう。	회의는 옆방으로 [옮긴] 뒤 이어서 합시다.
theme-core-JLPTN3_5	도전하다	어려운 과제나 상대에게 맞서 해 봐요. 가볍게 시험하는 것보다 적극적이에요.	試す	작동이나 효과를 시험하는 것보다 어려움을 목표로 삼아 도전하는 뜻이다.	初めてのマラソンに[挑んだ/いどんだ]。	첫 마라톤에 [도전했다].	強い相手に[挑む/いどむ]からこそ、練習にも力が入る。	강한 상대에게 [도전하기] 때문에 연습에도 힘이 들어간다.
theme-core-JLPTN3_8	표현하다	말이나 모양으로 생각과 뜻을 드러내요. 보이지 않던 모습이 드러나는 것과 구별해요.	現す	表す는 감정이나 의미를 표현하는 데 쓰고, 現す는 감춰졌던 모습이나 실체를 보이게 하는 데 쓴다.	感謝の気持ちを花で[表した/あらわした]。	감사하는 마음을 꽃으로 [표현했다].	この色は何を[表している/あらわしている]んですか。	이 색은 무엇을 [나타내고 있나요]?
theme-core-JLPTN3_11	찾아내다	찾던 것의 위치나 정체를 알아내요. 찾는 과정만은 아니에요.	探す	찾으려는 시도와 실제 발견한 결과를 구별한다.	古本屋で、子供の頃に読んだ本を[見つけた/みつけた]。	헌책방에서 어린 시절 읽은 책을 [찾아냈다].	出口を[見つける/みつける]まで、壁に沿って歩こう。	출구를 [찾을] 때까지 벽을 따라 걷자.
