JLPTN3_4	쓰고 남다	필요한 만큼 쓰고도 더 있어요.	残る	남는다는 뜻은 겹치지만, 필요량보다 많다는 의미가 두드러진다.	切符が一枚[余った/あまった]。誰か一緒に行かない？	표가 한 장 [남았다]. 누구 같이 갈래?	カレーが[余ったら/あまったら]、明日のお弁当に入れよう。	카레가 [남으면] 내일 도시락에 넣자.
JLPTN3_7	당황하여 허둥대다	갑작스러운 일에 침착함을 잃어요.	急ぐ	빨리 행동하는 것 자체보다 당황해서 침착하지 못한 상태다.	財布がないと思って[慌てた/あわてた]が、別のかばんに入っていた。	지갑이 없는 줄 알고 [허둥댔지만] 다른 가방에 들어 있었다.	「火事ではありません。[慌てず/あわてず]、係員の案内を聞いてください。」	“화재가 아닙니다. [당황하지 말고] 직원의 안내를 들어 주세요.”
JLPTN3_10	식물을 심다	모종이나 나무를 땅에 옮겨 자라게 해요.	蒔く	씨를 뿌리는 행동과 달리 모종이나 나무 등을 심을 때 쓴다.	娘が生まれた年に、庭へ桜を[植えた/うえた]。	딸이 태어난 해에 마당에 벚나무를 [심었다].	この苗は、もう少し間を空けて[植えて/うえて]ください。	이 모종은 간격을 조금 더 벌려 [심어] 주세요.
JLPTN3_13	치다	도구나 손으로 힘을 주어 맞혀요.	叩く	뜻이 겹치며 공을 치거나 못을 박는 등 정해진 결합에 자주 쓰인다.	妹が初めてボールを遠くへ[打った/うった]。	여동생이 처음으로 공을 멀리 [쳤다].	太鼓を強く[打つ/うつ]と、床まで震えた。	북을 세게 [치자] 바닥까지 흔들렸다.
JLPTN3_16	묻다	물건을 땅속에 넣고 위를 덮어요.	隠す	보이지 않게 하는 행동 전체보다 흙 등으로 덮어 넣는 방법을 가리킨다.	犬が庭に骨を[埋めている/うめている]。	개가 마당에 뼈를 [묻고 있다].	卒業式の日、校庭にタイムカプセルを[埋めた/うめた]。	졸업식 날 운동장에 타임캡슐을 [묻었다].
JLPTN3_19	감정을 억누르다	속에서 치미는 감정이 겉으로 나오지 않게 해요.	我慢する	참는다는 뜻이 겹치며, 감정의 움직임이나 표현을 눌러 조절하는 데 초점을 둔다.	笑いを[抑えよう/おさえよう]として、唇をかんだ。	웃음을 [억누르려고] 입술을 깨물었다.	怒りを[抑えて/おさえて]、もう一度ゆっくり説明した。	화를 [억누르고] 다시 한번 천천히 설명했다.
JLPTN3_22	놀라다	예상 밖의 일을 접해 마음이 크게 움직여요.	びっくりする	뜻은 많이 겹치며 이 표현은 격식 있는 서술에도 폭넓게 쓰고, 비교 표현은 구어에서 순간적인 놀람을 생생히 나타낸다.	十年ぶりに会った甥の背の高さに[驚いた/おどろいた]。	십 년 만에 만난 조카의 큰 키에 [놀랐다].	そんなに[驚かないで/おどろかないで]。髪を切っただけだよ。	그렇게 [놀라지 마]. 머리를 잘랐을 뿐이야.
JLPTN3_25	부러지다	막대처럼 긴 물건이 꺾여 온전하지 않게 돼요.	折る	사람이 부러뜨리는 행동과 달리 물건에 생긴 변화를 말한다.	雪の重みで庭の枝が[折れた/おれた]。	눈의 무게 때문에 마당의 나뭇가지가 [부러졌다].	傘の骨が[折れている/おれている]から、今日は別のを持っていこう。	우산살이 [부러져 있으니] 오늘은 다른 것을 가져가자.
JLPTN3_29	달리다	발을 빠르게 움직여 힘차게 나아가요.	走る	달린다는 뜻은 겹치며, 힘찬 움직임을 묘사하는 문장에 잘 어울린다.	門が開くと、子どもたちは校庭へ[駆けた/かけた]。	문이 열리자 아이들은 운동장으로 [달렸다].	草原を[駆ける/かける]馬を、車の窓から見ていた。	초원을 [달리는] 말을 차창으로 바라보고 있었다.
JLPTN3_32	장식하다	물건을 보기 좋게 놓거나 걸어요.	置く	위치를 정해 두는 것에 더해 보기 좋게 꾸미려는 목적이 있다.	結婚式の写真を玄関に[飾った/かざった]。	결혼식 사진을 현관에 [장식했다].	テーブルを花で[飾れば/かざれば]、部屋も明るく見えるね。	탁자를 꽃으로 [장식하면] 방도 환해 보이겠다.
JLPTN3_37	불이 꺼지다	켜져 있던 불빛이 없어져요.	消す	불을 끄는 사람의 행동이 아니라 불빛의 변화를 말한다.	急に電気が[消えて/きえて]、映画が止まった。	갑자기 전등이 [꺼지고] 영화가 멈췄다.	ろうそくの火が[消えない/きえない]ように、窓を閉めて。	촛불이 [꺼지지 않도록] 창문을 닫아 줘.
JLPTN3_40	조립하다	따로 있는 부품을 맞춰 완성품으로 만들어요.	作る	만드는 방법 가운데 부품을 결합하는 과정에 초점을 둔다.	週末は父と本棚を[組み立てた/くみたてた]。	주말에는 아버지와 책장을 [조립했다].	この机、一人で[組み立てられる/くみたてられる]かな。	이 책상 혼자 [조립할 수 있을까]?
JLPTN3_43	추가하다	이미 있는 것에 다른 것을 더해요.	増やす	양을 늘리는 것과 겹치지만 무엇을 새로 더하는지 직접 나타낸다.	スープに牛乳を少し[加える/くわえる]と、味が柔らかくなる。	수프에 우유를 조금 [추가하면] 맛이 부드러워진다.	名簿に新しいメンバーの名前を[加えて/くわえて]おきました。	명단에 새 회원의 이름을 [추가해] 두었습니다.
JLPTN3_46	음식이 타다	너무 오래 가열해서 표면이 검어져요.	燃える	불꽃을 내며 타는 것과 달리 가열로 음식의 표면 등이 변하는 현상이다.	電話に出ている間に、トーストが[焦げた/こげた]。	전화를 받는 사이에 토스트가 [탔다].	底が[焦げない/こげない]ように、時々かき混ぜてね。	바닥이 [타지 않도록] 가끔 저어 줘.
JLPTN3_49	무서워하다	두려움을 느끼는 사람이나 동물의 반응을 말해요.	驚く	순간적으로 놀라는 것보다 두려움을 느끼는 데 초점을 둔다.	うちの犬は雷を[怖がる/こわがる]。	우리 개는 천둥을 [무서워한다].	初めての注射を[怖がっている/こわがっている]弟の手を握った。	첫 주사를 [무서워하는] 남동생의 손을 잡았다.
JLPTN3_52	만지다	손 등을 대어 물건의 감촉을 느껴요.	触れる	접촉을 나타낸다는 점은 같으며, 일상적인 손의 행동에 흔히 쓴다.	展示品には[触らないで/さわらないで]ください。	전시품은 [만지지 말아] 주세요.	おでこを[触る/さわる]と、少し熱かった。	이마를 [만져 보니] 조금 뜨거웠다.
JLPTN3_55	끈으로 묶다	풀어지거나 움직이지 않게 끈으로 동여매요.	結ぶ	매듭을 짓는 행동보다 물건을 동여매 고정하는 데 초점을 둔다.	古い新聞をひもで[縛った/しばった]。	오래된 신문을 끈으로 [묶었다].	箱は[縛らなくても/しばらなくても]大丈夫？途中で開かない？	상자는 [묶지 않아도] 괜찮아? 가다가 열리지 않을까?
JLPTN3_58	조여 매다	헐거운 띠나 끈을 몸에 꼭 맞게 해요.	結ぶ	매듭을 만드는 것보다 느슨함을 없애 단단하게 하는 데 초점을 둔다.	運転する前に、シートベルトを[締めて/しめて]ください。	운전하기 전에 안전벨트를 [매] 주세요.	帯を強く[締めすぎて/しめすぎて]、少し苦しい。	띠를 너무 세게 [조여 매서] 조금 답답하다.
JLPTN3_61	버리다	필요 없는 물건을 더 이상 갖고 있지 않아요.	落とす	실수로 떨어뜨리는 것과 달리 필요 없다고 판단해 처분한다.	このレシート、もう[捨てて/すてて]いい？	이 영수증 이제 [버려도] 돼?	母の手紙だけは[捨てられなかった/すてられなかった]。	어머니의 편지만은 [버릴 수 없었다].
JLPTN3_64	확인하다	짐작으로 넘기지 않고 실제로 맞는지 살펴봐요.	調べる	조사와 겹치지만 이미 예상하거나 들은 내용이 맞는지 분명히 하는 데 초점을 둔다.	出発前に、パスポートの期限を[確かめた/たしかめた]。	출발 전에 여권의 유효 기간을 [확인했다].	本当に鍵がかかっているか、もう一度[確かめて/たしかめて]くれる？	정말 잠겨 있는지 다시 한번 [확인해] 줄래?
JLPTN3_67	시간이 흐르다	어떤 때부터 시간이 얼마나 지났는지 말해요.	過ぎる	시간이 흐른다는 뜻은 겹치며, 시작점부터의 경과 시간에 자주 쓰인다.	引っ越してから三年が[経った/たった]。	이사한 지 삼 년이 [지났다].	まだ五分も[経っていない/たっていない]のに、もう焼けたの？	아직 오 분도 [지나지 않았는데] 벌써 구워졌어?
JLPTN3_70	다르다	비교하는 두 대상이 같지 않아요.	間違う	차이가 있다는 것만으로 어느 한쪽이 틀렸다는 뜻은 아니다.	双子でも、好きな食べ物は[違う/ちがう]。	쌍둥이라도 좋아하는 음식은 [다르다].	写真と色が[違った/ちがった]ので、店に問い合わせた。	사진과 색이 [달라서] 가게에 문의했다.
JLPTN3_73	싸다	종이나 천으로 물건의 바깥을 덮어요.	入れる	용기 안에 넣는 것과 달리 포장재로 물건을 감싼다.	割れないように、皿を新聞紙で[包んだ/つつんだ]。	깨지지 않도록 접시를 신문지로 [쌌다].	おにぎりを海苔で[包む/つつむ]ときは、手を乾かしておこう。	주먹밥을 김으로 [쌀] 때는 손을 말려 두자.
JLPTN3_76	문제가 풀리다	막혀 있던 문제의 답이나 해결책이 나와요.	解く	직접 푸는 행동보다 문제가 해결되는 결과를 말한다.	ヒントを読んだら、最後の問題も[解けた/とけた]。	힌트를 읽으니 마지막 문제도 [풀렸다].	この謎が[解ければ/とければ]、犯人が分かるはずだ。	이 수수께끼가 [풀리면] 범인을 알 수 있을 것이다.
JLPTN3_79	고함치다	큰 목소리로 거칠게 말해요.	叫ぶ	큰 소리를 내는 것과 겹치지만 상대를 향한 거친 말투가 두드러진다.	そんなに[怒鳴らなくても/どならなくても]聞こえるよ。	그렇게 [고함치지 않아도] 들려.	監督に[怒鳴られて/どなられて]、選手たちは黙って下を向いた。	감독에게 [호통을 듣고] 선수들은 말없이 고개를 숙였다.
JLPTN3_82	액체가 흐르다	물이 이어져 한 방향으로 움직여요.	流す	물이 움직이는 상태이며 누군가 물을 보내는 행동과 구별한다.	大雨の後、道路を泥水が[流れていた/ながれていた]。	폭우가 내린 뒤 도로에 흙탕물이 [흐르고 있었다].	この川は町の中心を[流れる/ながれる]。	이 강은 마을 한가운데를 [흐른다].
JLPTN3_85	던지다	손에 든 것을 공중으로 보내요.	落とす	아래로 떨어지게 하는 것과 달리 힘을 주어 공중으로 보낸다.	岸から父がロープを[投げて/なげて]くれた。	물가에서 아버지가 밧줄을 [던져] 주셨다.	窓の近くではボールを[投げないで/なげないで]。	창문 근처에서는 공을 [던지지 마].
JLPTN3_88	꽉 쥐다	손가락을 오므려 손안에 단단히 잡아요.	持つ	손에 지닌다는 뜻보다 손가락에 힘을 주어 잡는 방식이 구체적이다.	怖くて、母の手を強く[握った/にぎった]。	무서워서 어머니의 손을 세게 [쥐었다].	小銭を[握って/にぎって]、子どもが駄菓子屋へ走っていった。	동전을 [쥐고] 아이가 과자 가게로 달려갔다.
JLPTN3_91	바라다	실현을 바라는 마음이며 뚜렷한 목표가 없어도 써요.	望む	뜻이 겹치며 바람과 기원의 마음을 표현하기에 좋다.	友人の一日も早い回復を[願っている/ねがっている]。	친구가 하루빨리 회복하기를 [바라고 있다].	流れ星を見て、家族の幸せを[願った/ねがった]。	별똥별을 보고 가족의 행복을 [빌었다].
JLPTN3_94	기한을 연장하다	예정된 끝을 더 뒤로 옮겨요.	遅らせる	뒤로 미루는 것과 겹치지만 기간이나 기한을 더 길게 잡는 데 흔히 쓴다.	締め切りを一日[延ばして/のばして]いただけませんか。	마감을 하루 [연장해] 주실 수 없을까요?	もう少し町を見たくて、滞在を[延ばした/のばした]。	마을을 조금 더 보고 싶어서 체류 기간을 [늘렸다].
JLPTN3_97	무게를 재다	저울로 얼마나 무거운지 알아봐요.	測る	측정 대상에 따라 표기를 구분하며 무게나 부피에는 이 표기를 쓴다.	粉を百グラム[量って/はかって]、ボウルに入れてください。	가루 백 그램을 [재서] 볼에 넣어 주세요.	毎朝、朝食の前に体重を[量る/はかる]。	매일 아침 식사 전에 체중을 [잰다].
JLPTN3_100	차가워지다	원래보다 온도가 내려가요.	冷やす	사람이 차갑게 만드는 행동과 달리 대상의 온도가 내려가는 변화다.	外で待っていたら、指先が[冷えた/ひえた]。	밖에서 기다렸더니 손끝이 [차가워졌다].	ジュースはもう[冷えている/ひえている]？すぐ飲みたいんだけど。	주스는 벌써 [차가워졌어]? 바로 마시고 싶은데.
JLPTN3_104	닦아 내다	천이나 종이로 표면의 물기나 먼지를 없애요.	磨く	광택을 내도록 문지르기보다 묻어 있는 것을 닦아 제거한다.	こぼした牛乳を布で[拭いた/ふいた]。	쏟은 우유를 천으로 [닦았다].	眼鏡が曇ったので、レンズを[拭いて/ふいて]から写真を撮った。	안경에 김이 서려 렌즈를 [닦고] 사진을 찍었다.
JLPTN3_107	널어 말리다	젖은 물건을 공기나 햇볕에 내놓아요.	乾く	물기가 마르는 변화와 젖은 물건을 펴거나 걸어서 말리는 동작을 구별한다.	晴れたので、布団をベランダに[干した/ほした]。	날이 개어서 이불을 베란다에 [널었다].	ここに洗濯物を[干す/ほす]と、通れなくなるよ。	여기에 빨래를 [널면] 지나다닐 수 없게 돼.
JLPTN3_110	약속하여 만나다	시간과 장소를 정해 두고 서로 만나요.	会う	만나는 일 전체 중 미리 약속한 장소에서 합류하는 상황을 나타낸다.	明日は駅の時計の下で[待ち合わせよう/まちあわせよう]。	내일은 역 시계 아래에서 [만나자].	友達と[待ち合わせた/まちあわせた]店が休みで、二人とも困った。	친구와 [만나기로 한] 가게가 쉬는 날이라 둘 다 난감했다.
JLPTN3_113	규칙이나 약속을 지키다	정해 둔 일을 어기지 않고 따라요.	従う	지시를 따르는 것과 겹치지만 약속이나 규칙을 어기지 않는 데 초점을 둔다.	約束を[守って/まもって]くれて、ありがとう。	약속을 [지켜] 줘서 고마워.	時間を[守らない/まもらない]人には、この仕事は任せられない。	시간을 [지키지 않는] 사람에게는 이 일을 맡길 수 없다.
JLPTN3_116	매듭을 짓다	끈의 끝을 엮어 풀리지 않게 해요.	縛る	물건을 동여매는 것과 겹치지만 매듭을 만드는 동작에 초점을 둔다.	走る前に靴ひもを[結んだ/むすんだ]。	달리기 전에 신발 끈을 [묶었다].	リボンをきれいに[結べない/むすべない]ので、姉に頼んだ。	리본을 예쁘게 [묶을 수 없어서] 언니에게 부탁했다.
JLPTN3_119	굽다	불이나 열로 음식이 익게 해요.	煮る	국물이나 물에 넣어 익히는 것과 달리 직접 열을 가해 굽는다.	今夜は庭で魚を[焼こう/やこう]。	오늘 밤에는 마당에서 생선을 [굽자].	祖母が[焼いた/やいた]パンの匂いで目が覚めた。	할머니가 [구운] 빵 냄새에 잠이 깼다.
JLPTN3_122	용서하다	잘못에 대한 비난이나 벌을 거두어 줘요.	認める	인정은 사실을 받아들이는 것이고 용서는 잘못을 문제 삼지 않는 것이다.	正直に話してくれたら、今回は[許す/ゆるす]。	솔직히 말해 준다면 이번에는 [용서할게].	何度謝っても、彼女は[許してくれなかった/ゆるしてくれなかった]。	몇 번을 사과해도 그녀는 [용서해 주지 않았다].
JLPTN3_125	호소하다	여러 사람에게 협력이나 행동을 요청해요.	呼ぶ	단순히 이름을 부르는 것보다 상대의 응답이나 행동을 이끌려 한다.	町内会が住民に節水を[呼びかけた/よびかけた]。	주민회가 주민들에게 절수를 [호소했다].	参加を[呼びかけても/よびかけても]、最初は誰も手を挙げなかった。	참여를 [호소해도] 처음에는 아무도 손을 들지 않았다.
JLPTN3_130	맛이 달다	설탕이나 꿀 같은 맛이 나요.	おいしい	맛있다는 전체 평가가 아니라 단맛이라는 맛의 성질이다.	この桃、砂糖みたいに[甘い/あまい]ね。	이 복숭아 설탕처럼 [달다].	思ったほど[甘くなかった/あまくなかった]ので、ジャムを足した。	생각만큼 [달지 않아서] 잼을 더했다.
JLPTN3_136	슬프다	잃거나 헤어져 마음이 아파요.	寂しい	혼자여서 허전한 감정과 겹칠 수 있지만 슬픔의 원인은 더 넓다.	映画の結末が[悲しくて/かなしくて]、しばらく席を立てなかった。	영화의 결말이 [슬퍼서] 한동안 자리에서 일어나지 못했다.	転校する友達に、[悲しい/かなしい]顔を見せたくなかった。	전학 가는 친구에게 [슬픈] 얼굴을 보이고 싶지 않았다.
JLPTN3_140	어둡다	빛이 적어 주변이 잘 보이지 않아요.	黒い	색이 검은 것과 달리 빛의 양이 적은 상태다.	廊下が[暗い/くらい]ので、足元に気をつけて。	복도가 [어두우니] 발밑을 조심해.	夕方になると、この部屋は急に[暗くなる/くらくなる]。	저녁이 되면 이 방은 갑자기 [어두워진다].
JLPTN3_147	깊다	높이를 재는 것이 아니라 표면 아래의 길이를 보세요.	高い	위쪽 높이보다 표면에서 아래로 들어간 깊이를 나타낸다.	ここは見た目より[深い/ふかい]から、川に入らないで。	여기는 보기보다 [깊으니] 강에 들어가지 마.	穴が[深すぎて/ふかすぎて]、底のボールに手が届かない。	구멍이 [너무 깊어서] 바닥의 공에 손이 닿지 않는다.
JLPTN3_150	둥글다	각이 없이 원이나 공 같은 모양이에요.	円い	모양을 나타낼 때 겹치며 평면의 원뿐 아니라 입체적으로 둥근 것에도 쓴다.	満月が湖の上に[丸く/まるく]浮かんでいる。	보름달이 호수 위에 [둥글게] 떠 있다.	この石は[丸い/まるい]ので、積むと転がってしまう。	이 돌은 [둥글어서] 쌓으면 굴러 버린다.
JLPTN3_155	젊다	나이가 적거나 젊은 기운이 있어요.	幼い	성숙하지 못한 어린 상태와 달리 성인에게도 널리 쓴다.	父は[若い/わかい]ころ、船に乗って働いていた。	아버지는 [젊었을] 때 배를 타고 일하셨다.	新しい先生は、声を聞くともっと[若く/わかく]感じる。	새 선생님은 목소리를 들으면 더 [젊게] 느껴진다.
JLPTN3_159	감정적이다	차분한 판단보다 그때의 감정이 앞서요.	感動的だ	감동을 주는 것과 달리 말하거나 판단할 때 감정에 치우친 상태다.	話し合いで[感情的になって/かんじょうてきになって]、言いすぎてしまった。	의논하다가 [감정적으로 변해서] 심한 말을 해 버렸다.	[感情的な/かんじょうてきな]返事を送る前に、一晩考えよう。	[감정적인] 답장을 보내기 전에 하룻밤 생각하자.
JLPTN3_164	중요하다	결과나 판단에 큰 영향을 주어 소홀히 할 수 없어요.	大切だ	의미가 겹치며 개인적인 애착보다 역할이나 영향의 크기를 강조하기 쉽다.	契約書の中で、ここが一番[重要です/じゅうようです]。	계약서에서 여기가 가장 [중요합니다].	[重要な/じゅうような]知らせなので、全員に直接伝えた。	[중요한] 소식이라 모두에게 직접 알렸다.
JLPTN3_170	적극적이다	기다리기보다 스스로 나서서 행동해요.	熱心だ	열심히 하는 태도와 겹치지만 먼저 참여하고 행동하는 성향에 초점을 둔다.	新入社員が[積極的に/せっきょくてきに]意見を出してくれた。	신입 사원이 [적극적으로] 의견을 내 주었다.	弟は授業では静かだが、部活では[積極的だ/せっきょくてきだ]。	남동생은 수업 때는 조용하지만 동아리에서는 [적극적이다].
JLPTN3_174	단순하다	요소가 적고 복잡하게 얽히지 않았어요.	簡単だ	쉽다는 난도와 달리 구조나 원인이 복잡하지 않은 성질이다.	故障の原因は[単純だった/たんじゅんだった]。電池が逆に入っていたのだ。	고장의 원인은 [단순했다]. 건전지가 거꾸로 들어 있었던 것이다.	[単純な/たんじゅんな]作業でも、長く続けると疲れる。	[단순한] 작업도 오래 계속하면 지친다.
JLPTN3_177	화려하다	장식이나 색이 눈에 띄며 꼭 비싸다는 뜻은 아니에요.	豪華だ	호화로움은 풍성하고 값진 느낌이며 화려함은 시각적 두드러짐이다.	面接には、このシャツは[派手すぎる/はですぎる]かな。	면접 때 입기에는 이 셔츠가 [너무 화려할까]?	祖母は[派手な/はでな]柄の傘を気に入っている。	할머니는 [화려한] 무늬의 우산을 마음에 들어 하신다.
JLPTN3_183	상대방	대화나 경기 등에서 나와 마주하는 쪽이에요.	敵	서로 마주하는 관계를 넓게 나타내므로 반드시 적대하는 사람은 아니다.	電話の[相手/あいて]の名前を聞き忘れた。	전화 [상대방]의 이름을 묻는 것을 잊었다.	次の試合の[相手/あいて]は去年の優勝チームだ。	다음 경기의 [상대]는 작년 우승 팀이다.
JLPTN3_187	이하	기준이 되는 수를 포함해 그보다 작아요.	未満	기준 수 자체를 포함하는지가 다르다.	この遊具は十歳[以下/いか]の子どもが使えます。	이 놀이 기구는 열 살 [이하] 어린이가 사용할 수 있습니다.	送料を含めて三千円[以下/いか]なら買います。	배송비를 포함해서 삼천 엔 [이하]라면 사겠습니다.
JLPTN3_191	의식	깨어서 주변을 느끼고 알아차리는 상태예요.	記憶	지난 일을 간직하는 능력과 달리 현재 깨어서 지각하는 상태다.	名前を呼ぶと、祖父は[意識/いしき]を取り戻した。	이름을 부르자 할아버지는 [의식]을 되찾으셨다.	救急隊員が、男性に[意識/いしき]があるか確認した。	구급대원이 남자에게 [의식]이 있는지 확인했다.
JLPTN3_194	일 초	일 분의 육십분의 일에 해당하는 시간이에요.	一分	시간 단위가 달라서 길이는 육십 배 차이 난다.	記録を[一秒/いちびょう]縮めるために、毎日練習した。	기록을 [일 초] 줄이려고 매일 연습했다.	シャッターを押した[一秒/いちびょう]後に、鳥が飛び立った。	셔터를 누른 [일 초] 뒤에 새가 날아올랐다.
JLPTN3_197	인상	보고 만나면서 마음에 남은 느낌이에요.	感想	접한 뒤 생각을 정리한 의견보다 마음에 남는 전체적인 느낌을 가리킨다.	写真よりも、実際の店は明るい[印象/いんしょう]だった。	사진보다 실제 가게는 밝은 [인상]이었다.	最初の[印象/いんしょう]だけで、人を決めつけたくない。	첫 [인상]만으로 사람을 단정하고 싶지 않다.
JLPTN3_200	영향	다른 것의 상태나 행동을 바꾸는 작용이에요.	効果	어떤 작용의 결과를 뜻하는 말과 겹치지만 좋고 나쁜 파급을 넓게 포함한다.	台風の[影響/えいきょう]で、船が欠航になった。	태풍의 [영향]으로 배가 결항되었다.	兄から音楽の[影響/えいきょう]を受けて、ギターを始めた。	형에게 음악적인 [영향]을 받아 기타를 시작했다.
JLPTN3_203	나뭇가지	나무의 줄기에서 뻗어 나온 부분이에요.	幹	나무의 중심 기둥이 아니라 거기서 갈라져 뻗은 부분이다.	窓のすぐ外の[枝/えだ]に、小鳥がとまった。	창문 바로 밖 [나뭇가지]에 작은 새가 앉았다.	道に伸びた[枝/えだ]を切ってもいいですか。	길로 뻗은 [나뭇가지]를 잘라도 되나요?
JLPTN3_206	응원	잘하도록 힘을 북돋고 지지하는 일이에요.	支援	실질적 도움까지 폭넓게 나타내는 말에 비해 격려와 성원을 나타내기 쉽다.	雨の中でも、観客の[応援/おうえん]は続いた。	빗속에서도 관객의 [응원]은 계속되었다.	明日は妹の試合の[応援/おうえん]に行く。	내일은 여동생의 경기에 [응원]하러 간다.
JLPTN3_209	응모	모집에 스스로 신청해 참여해요.	募集	사람이나 작품을 모으는 쪽이 아니라 신청하는 쪽의 행동이다.	写真コンテストへの[応募/おうぼ]は、今日で締め切られます。	사진 공모전 [응모]는 오늘 마감됩니다.	妹が書いた小説の[応募/おうぼ]を、家族で後押しした。	여동생이 쓴 소설의 [응모]를 가족이 함께 권했다.
JLPTN3_212	병문안	아픈 사람을 찾아가 안부를 묻고 위로해요.	面会	사람을 만나는 일 중 병자를 위로하러 찾아가는 목적이 구체적이다.	祖母の[お見舞い/おみまい]に、家族の写真を持っていった。	할머니 [병문안]에 가족사진을 가지고 갔다.	今は安静が必要なので、[お見舞い/おみまい]は来週にしよう。	지금은 안정이 필요하니 [병문안]은 다음 주로 하자.
JLPTN3_215	개찰구	역에서 승차권을 확인하고 드나드는 곳이에요.	出口	건물 밖으로 나가는 곳 전체가 아니라 승차권 확인 구역이다.	切符が見つからず、[改札口/かいさつぐち]の前で立ち止まった。	표를 찾지 못해 [개찰구] 앞에서 멈춰 섰다.	迎えに来た父が、[改札口/かいさつぐち]の向こうで手を振っていた。	마중 나온 아버지가 [개찰구] 건너편에서 손을 흔들고 있었다.
JLPTN3_219	각지	서로 다른 여러 지역을 두루 가리켜요.	各国	여러 나라가 아니라 국내를 포함한 여러 지역을 나타낼 수 있다.	祭りには全国[各地/かくち]から客が集まる。	축제에는 전국 [각지]에서 손님이 모인다.	旅先の[各地/かくち]で買った絵葉書を壁に並べた。	여행지 [각지]에서 산 그림엽서를 벽에 나란히 붙였다.
JLPTN3_222	수	대상이 몇 개나 되는지를 말해요.	数字	수를 적는 글자 자체와 달리 대상의 많고 적음을 나타낸다.	椅子の[数/かず]が足りないので、隣の教室から借りた。	의자의 [수]가 부족해서 옆 교실에서 빌렸다.	池の魚の[数/かず]が急に減り、管理人が水質を調べた。	연못 물고기의 [수]가 갑자기 줄어서 관리인이 수질을 조사했다.
JLPTN3_225	모양	물건의 겉으로 드러난 생김새예요.	大きさ	크기가 아니라 테두리나 입체적인 생김새를 말한다.	雲の[形/かたち]がウサギに似ている。	구름의 [모양]이 토끼를 닮았다.	同じ[形/かたち]の皿を二枚、探しています。	같은 [모양]의 접시 두 장을 찾고 있습니다.
JLPTN3_228	가치	소중하거나 쓸모 있다고 여기는 정도예요.	値段	돈으로 매긴 가격과 달리 의미나 쓸모까지 포함한다.	古い時計だが、私には大きな[価値/かち]がある。	낡은 시계지만 내게는 큰 [가치]가 있다.	半日並ぶ[価値/かち]があるほど、おいしい店なの？	반나절 줄 설 [가치]가 있을 만큼 맛있는 가게야?
JLPTN3_231	활동	목적을 위해 일정한 일을 하며 움직여요.	行動	개별 행동보다 목적 아래 이어지는 일을 가리키기 쉽다.	地域の清掃[活動/かつどう]に、今年から参加している。	지역 청소 [활동]에 올해부터 참여하고 있다.	けがのため、部の[活動/かつどう]を一か月休むことにした。	부상 때문에 동아리 [활동]을 한 달 쉬기로 했다.
JLPTN3_235	껍질	과일 등의 바깥을 덮고 있는 부분이에요.	実	열매의 속과 달리 겉을 감싸는 부분이다.	このブドウは[皮/かわ]ごと食べられる。	이 포도는 [껍질]째 먹을 수 있다.	ミカンの[皮/かわ]で、部屋にいい香りが広がった。	귤 [껍질]로 방에 좋은 향기가 퍼졌다.
JLPTN3_238	관객	경기나 공연을 보러 온 쪽이에요.	聴衆	강연이나 음악을 주로 듣는 청중보다 시각적 공연이나 경기의 관람객에 흔하다.	幕が下りても、[観客/かんきゃく]の拍手は止まらなかった。	막이 내려도 [관객]의 박수는 멈추지 않았다.	今日は[観客/かんきゃく]が少なく、舞台から母の顔が見えた。	오늘은 [관객]이 적어서 무대에서 어머니의 얼굴이 보였다.
JLPTN3_241	감격	기쁘거나 고마워 마음이 크게 움직여요.	感心	훌륭하다고 평가하는 마음과 달리 벅찬 기쁨이나 고마움이 중심이다.	初めて自分の本を手にして、[感激/かんげき]で胸がいっぱいになった。	처음으로 자기 책을 손에 들고 [감격]으로 가슴이 벅찼다.	みんなの温かい言葉に[感激/かんげき]して、涙が出た。	모두의 따뜻한 말에 [감격]해서 눈물이 났다.
JLPTN3_244	관심	어떤 일에 마음을 두고 알고 싶어 해요.	感心	훌륭하다고 느끼는 평가와 달리 주의를 기울이는 마음이다.	息子は最近、宇宙に[関心/かんしん]を持ち始めた。	아들은 최근 우주에 [관심]을 갖기 시작했다.	価格には[関心/かんしん]がないと言いながら、値札を見ていた。	가격에는 [관심]이 없다고 하면서 가격표를 보고 있었다.
JLPTN3_247	기회	행동을 시작한 원인보다는, 실제로 해 볼 수 있는 때나 상황을 말해요.	きっかけ	계기는 행동이 시작된 원인까지 넓게 뜻하고 기회는 실행할 수 있는 때다.	直接お礼を言う[機会/きかい]が、やっと来た。	직접 감사 인사를 할 [기회]가 드디어 왔다.	留学中に着物を着る[機会/きかい]はありましたか。	유학 중에 기모노를 입을 [기회]가 있었나요?
JLPTN3_250	상처	피부나 물건의 표면이 손상된 자리예요.	けが	몸을 다친 일이나 상태 전체보다 손상된 자리를 가리키며 물건에도 쓴다.	ひざの[傷/きず]がまだ痛むので、今日は走らない。	무릎의 [상처]가 아직 아파서 오늘은 달리지 않는다.	届いた机の表面に小さな[傷/きず]があった。	배달된 책상 표면에 작은 [흠집]이 있었다.
JLPTN3_253	기대	앞으로 좋은 결과가 나오기를 바라요.	予想	중립적인 예상보다 좋은 결과를 바라는 마음을 담는다.	新作への[期待/きたい]が大きすぎて、少しがっかりした。	신작에 대한 [기대]가 너무 커서 조금 실망했다.	皆さんの[期待/きたい]に応えられるよう、準備を続けます。	여러분의 [기대]에 부응하도록 준비를 계속하겠습니다.
JLPTN3_256	기념	특별한 일을 오래 기억하도록 남겨요.	記憶	머릿속에 기억하는 작용과 달리 특별한 일을 기억하도록 표시하거나 축하한다.	卒業の[記念/きねん]に、校門の前で写真を撮った。	졸업 [기념]으로 교문 앞에서 사진을 찍었다.	これは開店十周年の[記念/きねん]にもらったカップです。	이것은 개점 십 주년 [기념]으로 받은 컵입니다.
JLPTN3_259	휴일	직장이나 학교의 일을 쉬는 날이에요.	祝日	국가가 정한 경축일 외에도 개인이나 직장의 쉬는 날을 포함한다.	次の[休日/きゅうじつ]は、目覚ましをかけずに寝たい。	다음 [휴일]에는 알람을 맞추지 않고 자고 싶다.	父と[休日/きゅうじつ]が合わず、一緒に出かけられない。	아버지와 [휴일]이 맞지 않아 함께 나들이할 수 없다.
JLPTN3_262	공통	여러 대상이 같은 특징을 함께 지녀요.	同一	모든 것이 똑같다는 뜻이 아니라 특정 성질을 함께 갖는다는 뜻이다.	彼女とは[共通/きょうつう]の趣味が多く、すぐ仲良くなった。	그녀와는 [공통] 취미가 많아서 금방 친해졌다.	二つの記事の[共通/きょうつう]点を、赤い線で示してください。	두 기사의 [공통]점을 빨간 선으로 표시해 주세요.
JLPTN3_265	거리	두 지점 사이가 얼마나 떨어져 있는지 나타내요.	道のり	실제 이동하는 길의 길이와 겹치지만 두 지점 사이의 떨어짐을 넓게 나타낸다.	地図で見るより、駅までの[距離/きょり]が長く感じた。	지도에서 보는 것보다 역까지의 [거리]가 멀게 느껴졌다.	車同士の[距離/きょり]を十分に取って走ってください。	차 사이의 [거리]를 충분히 두고 달려 주세요.
JLPTN3_268	금지	어떤 행동을 하지 못하도록 정해요.	中止	하던 일이나 예정된 일을 그만두는 것과 달리 행동 자체를 허용하지 않는다.	この池は、魚釣りが[禁止/きんし]されている。	이 연못은 낚시가 [금지]되어 있다.	撮影[禁止/きんし]と知らずに、カメラを出してしまった。	촬영 [금지]인 줄 모르고 카메라를 꺼내 버렸다.
JLPTN3_271	구분	기준을 정해 서로 다른 무리로 나누어요.	区別	차이를 알아보는 뜻보다 기준에 따라 나누는 분류에 초점을 둔다.	ごみの[区分/くぶん]が、引っ越し前の町とは違う。	쓰레기 [구분]이 이사 오기 전 마을과 다르다.	年齢による[区分/くぶん]をなくし、全員で競うことにした。	나이에 따른 [구분]을 없애고 모두 함께 겨루기로 했다.
JLPTN3_274	경영	가게나 회사를 운영하고 꾸려 나가요.	営業	판매 등의 영업 활동보다 사업 전체를 운영하는 일을 말한다.	祖父は小さな旅館の[経営/けいえい]を続けている。	할아버지는 작은 여관의 [경영]을 계속하고 계신다.	客は多いのに、[経営/けいえい]が苦しいのはなぜだろう。	손님은 많은데 [경영]이 어려운 이유는 무엇일까?
JLPTN3_277	경제	생산과 소비 등 돈과 물자가 오가는 활동이에요.	経営	개별 사업 운영보다 사회의 생산과 소비 활동을 가리킨다.	観光客が戻り、町の[経済/けいざい]が少しずつ回復した。	관광객이 돌아와 마을의 [경제]가 조금씩 회복되었다.	新聞の[経済/けいざい]欄を読むのが、父の毎朝の習慣だ。	신문의 [경제]면을 읽는 것이 아버지의 매일 아침 습관이다.
JLPTN3_280	외과	수술 등의 방법으로 병이나 부상을 치료하는 진료과예요.	内科	약물 등을 중심으로 진료하는 내과와 달리 수술 치료를 주로 다룬다.	受付で、[外科/げか]は二階だと教えてもらった。	접수대에서 [외과]는 이 층이라고 안내받았다.	兄は[外科/げか]の医師になりたいと言っている。	형은 [외과] 의사가 되고 싶다고 말한다.
JLPTN3_284	결점	좋지 않거나 부족한 부분이에요.	欠陥	기능상 중대한 결함에 한정되지 않고 성격이나 제품의 아쉬운 점에도 쓴다.	このカメラの唯一の[欠点/けってん]は、重いことだ。	이 카메라의 유일한 [단점]은 무겁다는 것이다.	自分の[欠点/けってん]を指摘されると、つい言い訳したくなる。	자신의 [결점]을 지적받으면 나도 모르게 변명하고 싶어진다.
JLPTN3_288	현금	예금 잔액보다 실제로 내는 지폐와 동전이에요.	預金	은행에 맡겨 둔 돈과 달리 바로 주고받는 화폐다.	この店は[現金/げんきん]しか使えないそうだ。	이 가게는 [현금]만 쓸 수 있다고 한다.	財布に[現金/げんきん]がなくて、先に銀行に寄った。	지갑에 [현금]이 없어서 먼저 은행에 들렀다.
JLPTN3_291	현재	말하고 있는 바로 지금을 가리켜요.	現代	오늘날이라는 시대보다 지금 이 시점에 초점을 둔다.	その橋は[現在/げんざい]、工事のため通れません。	그 다리는 [현재] 공사 때문에 지나갈 수 없습니다.	[現在/げんざい]の住所を、こちらに記入してください。	[현재] 주소를 여기에 적어 주세요.
JLPTN3_294	구경	흥미 있는 장소나 행사를 보러 가요.	見学	배우거나 조사하는 목적보다 보고 즐기는 데 초점을 둔다.	祭りの[見物/けんぶつ]に出かけたら、先生に会った。	축제 [구경]을 하러 나갔다가 선생님을 만났다.	今日は買わずに、店の[見物/けんぶつ]だけにしておこう。	오늘은 사지 말고 가게 [구경]만 하자.
JLPTN3_297	효과	어떤 행동이나 작용으로 나타나는 결과예요.	効率	노력 대비 성과의 비율이 아니라 작용으로 생긴 결과다.	薬の[効果/こうか]が出て、せきが減った。	약의 [효과]가 나타나 기침이 줄었다.	広告の[効果/こうか]は、来月の売り上げで確かめよう。	광고의 [효과]는 다음 달 매출로 확인하자.
JLPTN3_300	교대	맡던 일을 다른 사람과 바꾸어 이어 가요.	交換	물건을 서로 바꾸는 일보다 역할을 맡는 사람이 바뀌는 일에 쓴다.	長い道なので、運転は[交代/こうたい]でする。	먼 길이라 운전은 [교대]로 한다.	選手の[交代/こうたい]を告げると、観客が一斉に立ち上がった。	선수 [교대]를 알리자 관객들이 일제히 일어났다.
JLPTN3_303	교류	사람이나 집단이 오가며 관계를 맺어요.	交際	사람 사이의 사귐과 겹치지만 지역이나 집단 사이의 왕래와 문화 교류까지 넓게 나타낸다.	姉妹都市との[交流/こうりゅう]を通じて、友達が増えた。	자매 도시와의 [교류]를 통해 친구가 늘었다.	世代を超えた[交流/こうりゅう]の場として、この図書館が使われている。	세대를 넘는 [교류]의 장으로 이 도서관이 쓰이고 있다.
JLPTN3_306	허리	등 아래와 엉덩이 부근을 잇는 몸 부분이에요.	背中	등 전체보다 몸통 아래쪽의 허리 부근을 가리킨다.	重い箱を持ち上げて、[腰/こし]を痛めた。	무거운 상자를 들어 올리다가 [허리]를 다쳤다.	祖母は[腰/こし]に手を当てて、ゆっくり立ち上がった。	할머니는 [허리]에 손을 대고 천천히 일어나셨다.
JLPTN3_309	가루	아주 잘게 부서진 마른 알갱이예요.	粒	각각의 알갱이보다 잘게 부서진 분말 전체를 가리킨다.	袋が破れて、白い[粉/こな]が床に広がった。	봉지가 찢어져 흰 [가루]가 바닥에 퍼졌다.	薬を[粉/こな]にしてもらうと、子どもも飲みやすい。	약을 [가루]로 만들어 달라고 하면 아이도 먹기 쉽다.
JLPTN3_312	최상	수준이 맨 위라는 뜻이며 소중함과는 달라요.	最高	최고와 의미가 겹치며 품질이나 상태가 가장 좋다는 조금 격식 있는 표현이다.	今年は[最上/さいじょう]の茶葉が手に入った。	올해는 [최상]의 찻잎을 구했다.	客を迎えるため、宿を[最上/さいじょう]の状態に整えた。	손님을 맞으려고 숙소를 [최상]의 상태로 정돈했다.
JLPTN3_315	작업	손이나 도구로 구체적인 일을 진행해요.	仕事	직업이나 맡은 일 전체보다 구체적인 절차를 수행하는 일이다.	屋根の修理[作業/さぎょう]は、雨で中断した。	지붕 수리 [작업]은 비 때문에 중단되었다.	細かい[作業/さぎょう]なので、明るい場所でやってください。	세밀한 [작업]이니 밝은 곳에서 하세요.
JLPTN3_318	좌우	왼쪽과 오른쪽 두 방향이에요.	前後	앞뒤가 아니라 몸이나 물건의 양옆 방향이다.	道路を渡る前に、[左右/さゆう]をよく見よう。	길을 건너기 전에 [좌우]를 잘 살피자.	写真の[左右/さゆう]を逆に印刷してしまった。	사진의 [좌우]를 뒤집어 인쇄해 버렸다.
JLPTN3_321	소금	음식에 짠맛을 내는 조미료예요.	砂糖	단맛이 아니라 짠맛을 내며 겉모양이 비슷해도 용도가 다르다.	スープに[塩/しお]を入れすぎた。	수프에 [소금]을 너무 많이 넣었다.	この魚は、[塩/しお]だけで焼くとおいしい。	이 생선은 [소금]만 뿌려 구우면 맛있다.
JLPTN3_324	지출	값 자체보다 실제로 밖으로 쓴 돈에 초점을 두어요.	費用	비용은 필요한 금액을 뜻하며 지출은 돈을 쓰는 행위나 나간 금액이다.	今月は旅行で[支出/ししゅつ]が増えた。	이번 달에는 여행 때문에 [지출]이 늘었다.	毎日の[支出/ししゅつ]をメモしたら、無駄な買い物に気づいた。	매일의 [지출]을 메모했더니 불필요한 쇼핑을 알아차렸다.
JLPTN3_327	자세	서거나 앉을 때 몸을 유지하는 모양이에요.	態度	사람을 대하는 태도와 달리 여기서는 몸의 물리적인 모양이다.	椅子の高さを変えたら、[姿勢/しせい]が楽になった。	의자 높이를 바꾸었더니 [자세]가 편해졌다.	先生に、字を書くときの[姿勢/しせい]を直された。	선생님께 글씨를 쓸 때의 [자세]를 교정받았다.
JLPTN3_330	실업	일할 의사가 있는데 직장을 잃거나 구하지 못한 상태예요.	休業	사업이나 업무를 잠시 쉬는 것과 달리 일자리가 없는 상태다.	工場の閉鎖で、多くの人が[失業/しつぎょう]した。	공장 폐쇄로 많은 사람이 [실업] 상태가 되었다.	[失業/しつぎょう]中に資格を取り、新しい仕事を見つけた。	[실업] 기간에 자격증을 따서 새 일을 구했다.
JLPTN3_333	마감	신청이나 제출을 받는 마지막 기한이에요.	期限	여러 종류의 기한 중 접수나 제출을 끝내는 시점을 말한다.	原稿の[締め切り/しめきり]が迫っていて、今夜は眠れそうにない。	원고 [마감]이 다가와서 오늘 밤은 잘 수 있을 것 같지 않다.	申し込みの[締め切り/しめきり]は金曜日の正午です。	신청 [마감]은 금요일 정오입니다.
JLPTN3_336	집합	약속한 때에 사람들이 한곳으로 모이는 일이에요.	集会	집회라는 행사 자체보다 정한 곳에 모이는 행동이다.	明日の[集合/しゅうごう]は七時、場所は駅前です。	내일 [집합]은 일곱 시이고 장소는 역 앞입니다.	先生の合図で、全員が木の下に[集合/しゅうごう]した。	선생님의 신호로 모두 나무 아래에 [집합]했다.
JLPTN3_339	집중	주의나 힘을 한곳에 모아요.	熱中	푹 빠져 열중하는 마음보다 주의를 한쪽으로 모으는 데 초점을 둔다.	隣の話し声が気になって、勉強に[集中/しゅうちゅう]できない。	옆에서 이야기하는 소리가 신경 쓰여 공부에 [집중]할 수 없다.	最後の一球に[集中/しゅうちゅう]して、バットを握り直した。	마지막 공 하나에 [집중]하며 방망이를 다시 쥐었다.
JLPTN3_342	수술	몸을 절개하는 등의 방법으로 치료해요.	治療	치료 전체 가운데 외과적인 처치를 가리킨다.	父の[手術/しゅじゅつ]が無事に終わり、やっと安心した。	아버지의 [수술]이 무사히 끝나 드디어 안심했다.	このけがは[手術/しゅじゅつ]が必要だと、医師に言われた。	이 부상은 [수술]이 필요하다고 의사에게 들었다.
JLPTN3_345	출장	일 때문에 평소 근무지 밖으로 가요.	旅行	개인적인 여행과 달리 업무를 위해 다른 곳에 간다.	来週の[出張/しゅっちょう]に備えて、名刺を多めに用意した。	다음 주 [출장]에 대비해 명함을 넉넉히 준비했다.	課長は[出張/しゅっちょう]中ですが、メールは確認できます。	과장님은 [출장] 중이지만 이메일은 확인하실 수 있습니다.
JLPTN3_348	순번	차례대로 진행할 때 자기에게 돌아오는 위치예요.	順序	배열되는 순서와 겹치지만 차례가 돌아오는 상황에 흔히 쓴다.	私の[順番/じゅんばん]が来るまで、廊下で待った。	내 [차례]가 올 때까지 복도에서 기다렸다.	発表の[順番/じゅんばん]を、くじで決めませんか。	발표 [순번]을 제비뽑기로 정하지 않을래요?
JLPTN3_351	조건	일이 성립하려면 갖추어야 하는 사항이에요.	理由	일이 생긴 까닭이 아니라 성립에 필요한 요건이다.	家賃が安いことが、部屋探しの第一[条件/じょうけん]だ。	집세가 싼 것이 방을 구할 때의 첫째 [조건]이다.	毎日世話をするという[条件/じょうけん]で、犬を飼うことを許された。	매일 돌본다는 [조건]으로 개를 키워도 된다는 허락을 받았다.
JLPTN3_354	장사	회사를 운영한다는 말보다 사고파는 생업의 느낌이에요.	経営	경영은 사업 운영 전반이며 장사는 거래로 이익을 얻는 활동을 가리킨다.	祖母はこの通りで五十年も[商売/しょうばい]をしてきた。	할머니는 이 거리에서 오십 년이나 [장사]를 해 오셨다.	雨の日は[商売/しょうばい]にならないと、屋台の人が笑った。	비 오는 날은 [장사]가 안 된다며 노점상이 웃었다.
JLPTN3_357	정보	판단이나 이해에 도움이 되는 사실과 소식이에요.	知識	몸에 익힌 앎 전체보다 전달받아 활용하는 사실이나 소식을 뜻한다.	バスの運休[情報/じょうほう]を、出発前に確認した。	버스 운휴 [정보]를 출발 전에 확인했다.	その[情報/じょうほう]は、誰から聞いたのですか。	그 [정보]는 누구에게 들었나요?
JLPTN3_360	식물	풀이나 나무처럼 자라나는 생물이에요.	野菜	먹기 위해 기르는 채소보다 범위가 넓어 나무나 꽃도 포함한다.	日当たりが悪くても育つ[植物/しょくぶつ]を探しています。	햇빛이 잘 들지 않아도 자라는 [식물]을 찾고 있습니다.	旅先で見た[植物/しょくぶつ]の名前を、図鑑で調べた。	여행지에서 본 [식물]의 이름을 도감에서 찾아보았다.
JLPTN3_363	진행	일이 순서를 따라 앞으로 나아가요.	進歩	발전하거나 나아졌다는 평가 없이 절차가 이어지는 상태를 나타낸다.	司会者が代わっても、式の[進行/しんこう]は滑らかだった。	사회자가 바뀌어도 식의 [진행]은 매끄러웠다.	工事の[進行/しんこう]を、毎週写真で記録している。	공사의 [진행]을 매주 사진으로 기록하고 있다.
JLPTN3_366	숫자	수를 적어 나타내는 글자나 기호예요.	数	대상의 많고 적음 자체보다 그것을 표기하는 문자에 초점을 둔다.	この[数字/すうじ]は三ですか、八ですか。	이 [숫자]는 삼인가요, 팔인가요?	電話番号の最後の[数字/すうじ]だけ、思い出せない。	전화번호의 마지막 [숫자]만 생각나지 않는다.
JLPTN3_369	정답	답을 하기만 한 것이 아니라 맞아야 해요.	解答	해답이라고 제출한 답이 언제나 정답인 것은 아니다.	[正解/せいかい]を聞いて、教室から歓声が上がった。	[정답]을 듣자 교실에서 환호성이 터졌다.	理由も説明できなければ、[正解/せいかい]にはなりません。	이유도 설명하지 못하면 [정답]이 되지 않습니다.
JLPTN3_372	제한	허용되는 범위나 양에 한계를 두어요.	禁止	전부 못 하게 하는 것과 달리 정한 범위 안에서는 허용할 수 있다.	この道には車の高さの[制限/せいげん]がある。	이 길에는 차량 높이 [제한]이 있다.	字数の[制限/せいげん]が厳しく、説明を短く書き直した。	글자 수 [제한]이 엄격해서 설명을 짧게 다시 썼다.
JLPTN3_375	성적	시험이나 활동에서 얻은 결과와 평가예요.	点数	개별 점수보다 여러 평가를 아우르는 결과를 나타낼 수 있다.	数学の[成績/せいせき]が上がって、少し自信がついた。	수학 [성적]이 올라서 조금 자신감이 생겼다.	今季の[成績/せいせき]だけで、選手の力を判断したくない。	이번 시즌 [성적]만으로 선수의 실력을 판단하고 싶지 않다.
JLPTN3_378	선수	운동하는 사람 중 실제 경기에 나서는 쪽이에요.	運動選手	의미가 겹치며 운동선수 외에도 경기 참가자로 선발된 사람을 가리킬 수 있다.	監督が名前を呼ぶと、控えの[選手/せんしゅ]が勢いよく立ち上がった。	감독이 이름을 부르자 후보 [선수]가 힘차게 일어섰다.	子どものころ、野球の[選手/せんしゅ]になりたかった。	어릴 때 야구 [선수]가 되고 싶었다.
JLPTN3_381	전문	특정 분야를 깊이 공부하거나 다루어요.	専攻	학교에서 주로 배우는 전공 외에 직업과 연구 분야에도 넓게 쓴다.	私の[専門/せんもん]は、海に住む小さな生物です。	제 [전문] 분야는 바다에 사는 작은 생물입니다.	[専門/せんもん]外の質問なので、同僚に確認してから答えます。	[전문] 분야 밖의 질문이라 동료에게 확인한 뒤 답하겠습니다.
JLPTN3_384	상담	문제나 결정을 두고 다른 사람과 의논해요.	会話	이야기 전체 가운데 해결이나 판단을 위해 의견을 구하는 대화다.	転職のことを、まず姉に[相談/そうだん]した。	이직에 관한 일을 먼저 언니에게 [상담]했다.	費用についての[相談/そうだん]は、こちらの窓口で受け付けています。	비용에 관한 [상담]은 이 창구에서 받고 있습니다.
JLPTN3_387	졸업	학교의 정해진 교육 과정을 마쳐요.	退学	교육 과정을 마치지 않고 떠나는 것과 달리 과정을 마친다.	[卒業/そつぎょう]しても、この町に住み続けるつもりだ。	[졸업]해도 이 마을에 계속 살 생각이다.	祖父の[卒業/そつぎょう]写真を見つけて、家族で顔を探した。	할아버지의 [졸업] 사진을 발견해 가족이 함께 얼굴을 찾았다.
JLPTN3_390	대금	물건이나 서비스의 값으로 치르는 돈이에요.	料金	요금과 겹치지만 구입한 물건 등에 대해 지불하는 돈에 흔히 쓴다.	商品の[代金/だいきん]は、配達員にお支払いください。	상품의 [대금]은 배달원에게 지불해 주세요.	修理の[代金/だいきん]を聞いて、新品を買うか迷った。	수리 [대금]을 듣고 새것을 살지 고민했다.
JLPTN3_393	태풍	강한 바람과 비를 동반하는 열대성 폭풍이에요.	大雨	많은 비 자체가 아니라 강풍 등을 동반하는 기상 현상이다.	[台風/たいふう]が近づいているので、鉢を家の中に入れた。	[태풍]이 다가오고 있어서 화분을 집 안에 들였다.	去年の[台風/たいふう]で壊れた橋が、ようやく直った。	작년 [태풍]으로 부서진 다리가 드디어 고쳐졌다.
JLPTN3_396	탄생	새 생명이나 새로운 것이 생겨나요.	出産	어머니가 아이를 낳는 행위보다 새 생명이 태어나는 일에 초점을 둔다.	弟の[誕生/たんじょう]を知り、教室で思わず笑顔になった。	남동생의 [탄생] 소식을 알고 교실에서 나도 모르게 미소를 지었다.	町の小さな動物園で、キリンの赤ちゃんが[誕生/たんじょう]した。	마을의 작은 동물원에서 아기 기린이 [탄생]했다.
JLPTN3_399	중고	누군가 이미 사용한 물건이에요.	古い	오래되었다는 것과 달리 이전 사용자가 있었다는 점에 초점을 둔다.	初めての車は、[中古/ちゅうこ]で買った。	첫 차는 [중고]로 샀다.	まだ新しい型なのに、もう[中古/ちゅうこ]の店に並んでいる。	아직 최신형인데 벌써 [중고] 가게에 진열되어 있다.
JLPTN3_402	아침 식사	아침에 먹는 끼니를 조금 격식 있게 말해요.	朝ご飯	뜻은 같으며 안내문이나 공식적인 설명에 더 잘 어울린다.	宿泊料金に[朝食/ちょうしょく]は含まれていますか。	숙박 요금에 [아침 식사]가 포함되어 있나요?	早い便だったので、空港で[朝食/ちょうしょく]を取った。	이른 항공편이라 공항에서 [아침 식사]를 했다.
JLPTN3_405	통근	집에서 직장으로 정기적으로 다녀요.	通学	다니는 목적지가 학교가 아니라 직장이다.	自転車[通勤/つうきん]を始めてから、朝が楽しみになった。	자전거 [통근]을 시작한 뒤로 아침이 즐거워졌다.	[通勤/つうきん]に片道二時間かかるので、引っ越しを考えている。	[통근]에 편도 두 시간이 걸려서 이사를 생각하고 있다.
JLPTN3_408	정전	전기 공급이 끊겨 기기를 쓸 수 없어요.	故障	기계 자체의 고장이 아니라 전기의 공급이 끊긴 상태다.	[停電/ていでん]でエレベーターが止まった。	[정전]으로 엘리베이터가 멈췄다.	夜の[停電/ていでん]に備えて、懐中電灯を枕元に置いた。	밤의 [정전]에 대비해 손전등을 머리맡에 놓았다.
JLPTN3_411	동작	몸이나 기계가 특정 방식으로 움직여요.	行動	목적 있는 활동 전체보다 구체적인 움직임 하나하나에 초점을 둔다.	先生の[動作/どうさ]を見ながら、ゆっくり腕を上げた。	선생님의 [동작]을 보며 천천히 팔을 들었다.	この機械は寒い場所では[動作/どうさ]が遅くなる。	이 기계는 추운 곳에서는 [동작]이 느려진다.
JLPTN3_414	도착	시간이 흐르는 것보다 목적지에 닿은 순간이에요.	到達	도달은 목표 수준에도 넓게 쓰고 도착은 사람과 물건이 목적지에 닿을 때 흔하다.	電車の[到着/とうちゃく]まで、あと三分あります。	전철 [도착]까지 아직 삼 분 남았습니다.	荷物が無事に[到着/とうちゃく]したと、妹から連絡があった。	짐이 무사히 [도착]했다고 여동생에게 연락이 왔다.
JLPTN3_417	특징	다른 것과 구별되는 두드러진 성질이에요.	長所	좋은 점에 한정하지 않고 독특하게 드러나는 성질을 나타낸다.	この鳥の[特徴/とくちょう]は、長いくちばしです。	이 새의 [특징]은 긴 부리입니다.	落とした財布の[特徴/とくちょう]を、駅員に説明した。	떨어뜨린 지갑의 [특징]을 역무원에게 설명했다.
JLPTN3_420	도중	목적지나 끝에 이르기 전의 중간이에요.	最中	일이 진행 중이라는 뜻은 겹치며 이 표현은 목적지로 가는 길이나 시작과 끝 사이의 진행 지점에도 폭넓게 쓴다.	駅へ向かう[途中/とちゅう]で、忘れ物に気づいた。	역으로 가는 [도중]에 두고 온 물건이 생각났다.	話の[途中/とちゅう]で笑い出したので、続きが聞けなかった。	이야기 [도중]에 웃기 시작해서 뒷이야기를 들을 수 없었다.
JLPTN3_423	내용	글이나 이야기 안에 담긴 사항이에요.	題名	겉에 붙인 제목과 달리 실제로 담겨 있는 이야기나 정보다.	封筒は残っているが、手紙の[内容/ないよう]は覚えていない。	봉투는 남아 있지만 편지의 [내용]은 기억나지 않는다.	申込書の[内容/ないよう]を、送信前にもう一度見直した。	신청서의 [내용]을 보내기 전에 다시 한번 검토했다.
JLPTN3_426	눈물	울거나 자극을 받으면 눈에서 나오는 물이에요.	汗	몸의 땀샘이 아니라 눈에서 나온다.	玉ねぎを切ると、[涙/なみだ]が止まらなくなる。	양파를 썰면 [눈물]이 멈추지 않게 된다.	合格の知らせを聞き、母は[涙/なみだ]をぬぐった。	합격 소식을 듣고 어머니는 [눈물]을 닦으셨다.
JLPTN3_429	가격	물건을 사기 위해 내야 하는 금액이에요.	価値	의미나 쓸모의 평가 전체가 아니라 돈으로 표시된 값이다.	同じ靴なのに、店によって[値段/ねだん]が違う。	같은 신발인데 가게에 따라 [가격]이 다르다.	[値段/ねだん]を見ずに注文して、会計で驚いた。	[가격]을 보지 않고 주문해서 계산할 때 놀랐다.
JLPTN3_432	농업	작물을 기르거나 가축을 키우는 산업이에요.	農家	그 일을 하는 집이나 사람이 아니라 산업 자체를 말한다.	父は会社を辞め、故郷で[農業/のうぎょう]を始めた。	아버지는 회사를 그만두고 고향에서 [농업]을 시작하셨다.	この地域の[農業/のうぎょう]は、川の水に支えられている。	이 지역의 [농업]은 강물에 의지하고 있다.
JLPTN3_435	배	기준 수량을 몇 번 합친 크기인지 나타내요.	割	비율을 나타내지만 십분의 일을 기준으로 하는 단위와 다르다.	注文が増えて、パンをいつもの二[倍/ばい]焼いた。	주문이 늘어서 빵을 평소의 두 [배] 구웠다.	新しい部屋は、前の部屋の三[倍/ばい]も広い。	새 방은 이전 방의 세 [배]나 넓다.
JLPTN3_438	발표	처음 알리는 결과나 준비한 내용을 공개해요.	報告	보고는 경과를 관계자에게 알리는 데 흔하고 발표는 내용을 공개하는 데 초점이 있다.	合格者の[発表/はっぴょう]を、家族で待っていた。	합격자 [발표]를 가족이 함께 기다리고 있었다.	研究の[発表/はっぴょう]中に、マイクが壊れた。	연구 [발표] 도중 마이크가 고장 났다.
JLPTN3_441	비교	둘 이상을 놓고 같고 다른 점을 살펴요.	競争	승패를 겨루는 것과 달리 차이를 알아보는 일이다.	二つの案を[比較/ひかく]して、費用の安い方を選んだ。	두 안을 [비교]해서 비용이 저렴한 쪽을 골랐다.	去年との[比較/ひかく]ができるように、同じ場所で写真を撮った。	작년과 [비교]할 수 있도록 같은 장소에서 사진을 찍었다.
JLPTN3_444	표시	내용을 이해시키기보다 눈으로 볼 수 있게 나타내요.	表記	표기는 문자로 적는 방식이며 표시는 문자 외의 표지나 화면 정보도 포함한다.	画面の[表示/ひょうじ]が小さくて、時間が読めない。	화면의 [표시]가 작아서 시간을 읽을 수 없다.	満席の[表示/ひょうじ]を見て、次の列車に変更した。	만석 [표시]를 보고 다음 열차로 변경했다.
JLPTN3_448	봉지	물건을 담을 수 있는 얇고 유연한 주머니예요.	箱	단단한 상자와 달리 종이나 비닐 등으로 만든 유연한 용기다.	この[袋/ふくろ]は薄いので、瓶を入れないでください。	이 [봉지]는 얇으니 병을 넣지 마세요.	パン屋の[袋/ふくろ]から、焼きたての匂いがした。	빵집 [봉지]에서 갓 구운 냄새가 났다.
JLPTN3_451	이불	잘 때 깔거나 덮는 두툼한 침구예요.	毛布	털로 된 담요에 한정하지 않고 깔거나 덮는 솜 등의 침구를 뜻한다.	寒くて、[布団/ふとん]から出るのに十分かかった。	추워서 [이불]에서 나오는 데 십 분이 걸렸다.	客が泊まるので、押し入れから[布団/ふとん]を出した。	손님이 묵을 것이어서 벽장에서 [이불]을 꺼냈다.
JLPTN3_454	분류	비슷한 성질끼리 종류를 나누어요.	区別	차이를 알아보는 데서 더 나아가 종류별로 묶어 나눈다.	集めた葉を形ごとに[分類/ぶんるい]した。	모은 나뭇잎을 모양별로 [분류]했다.	書類の[分類/ぶんるい]に迷ったら、この表を見てください。	서류 [분류]가 헷갈리면 이 표를 보세요.
JLPTN3_457	무역	나라 사이에서 상품을 사고팔아요.	商売	장사 전체 가운데 국경을 넘는 상품 거래를 가리킨다.	港の発展で、この国の[貿易/ぼうえき]は盛んになった。	항구의 발전으로 이 나라의 [무역]은 활발해졌다.	叔母は[貿易/ぼうえき]の仕事で、海外へよく出かける。	이모는 [무역] 업무로 해외에 자주 나가신다.
JLPTN3_460	방문	볼일이 있어 다른 사람이나 장소를 찾아가요.	観光	구경하고 즐기는 목적에 한정하지 않고 찾아가는 일을 말한다.	先生の[訪問/ほうもん]に備えて、応接室を片づけた。	선생님의 [방문]에 대비해서 응접실을 정리했다.	予告なしの[訪問/ほうもん]だったのに、温かく迎えてくれた。	예고 없는 [방문]이었는데도 따뜻하게 맞아 주었다.
JLPTN3_463	손주	자기 자녀가 낳은 아이이며 성별을 가리지 않아요.	甥	형제자매의 아들이 아니라 자기 자녀의 아이를 말한다.	祖父は初めて[孫/まご]を抱き、少し緊張していた。	할아버지는 처음 [손주]를 안고 조금 긴장하고 계셨다.	[孫/まご]から届いた絵を、祖母は毎日眺めている。	[손주]가 보내온 그림을 할머니는 매일 바라보신다.
JLPTN3_466	호수	육지에 둘러싸여 물이 크게 고인 곳이에요.	池	규모와 깊이가 비교적 큰 물의 고임을 가리키지만 경계가 항상 엄격하지는 않다.	朝の[湖/みずうみ]は静かで、山が鏡のように映っていた。	아침 [호수]는 고요해서 산이 거울처럼 비치고 있었다.	自転車で[湖/みずうみ]を一周したら、夕方になった。	자전거로 [호수]를 한 바퀴 돌았더니 저녁이 되었다.
JLPTN3_469	명령	권한을 가진 사람이 따르도록 강하게 지시해요.	お願い	상대에게 부탁하는 것보다 따르도록 요구하는 힘이 강하다.	隊長の[命令/めいれい]で、全員がその場に止まった。	대장의 [명령]으로 모두 그 자리에 멈췄다.	[命令/めいれい]するような言い方は、やめてほしい。	[명령]하는 듯한 말투는 그만해 주었으면 한다.
JLPTN3_472	목적	무슨 일을 통해 이루려는 바를 말해요.	手段	이루려는 목표이며 그 목표를 이루는 방법과 구별한다.	今回の旅の[目的/もくてき]は、祖母に会うことだ。	이번 여행의 [목적]은 할머니를 뵙는 것이다.	[目的/もくてき]もなく歩いていたら、小さな本屋を見つけた。	[목적]도 없이 걷다가 작은 서점을 발견했다.
JLPTN3_475	숲	나무가 많이 모여 무성하게 자란 곳이에요.	林	뜻이 겹치며 비교적 크고 무성한 나무 무리를 떠올리기 쉽다.	[森/もり]の奥から、知らない鳥の声が聞こえた。	[숲] 깊은 곳에서 모르는 새의 소리가 들렸다.	道に迷わないように、[森/もり]に入る前に地図を見た。	길을 잃지 않도록 [숲]에 들어가기 전에 지도를 보았다.
JLPTN3_478	바닥	실내에서 발로 딛는 면이며 나무 재질에 한정되지 않아요.	地面	건물 밖의 땅과 달리 실내의 바닥 면을 가리킨다.	水をこぼしたので、[床/ゆか]が滑りやすくなっている。	물을 쏟아서 [바닥]이 미끄러워져 있다.	赤ちゃんが[床/ゆか]をはいながら、ボールを追いかけた。	아기가 [바닥]을 기면서 공을 쫓았다.
JLPTN3_481	용기	물건이나 액체를 담는 그릇을 넓게 말해요.	食器	식사에 쓰는 그릇에 한정되지 않고 보관용 통이나 병도 포함한다.	汁が漏れない[容器/ようき]に、カレーを入れた。	국물이 새지 않는 [용기]에 카레를 담았다.	空の[容器/ようき]は洗って返してください。	빈 [용기]는 씻어서 돌려주세요.
JLPTN3_484	예측	자료나 상황을 바탕으로 앞으로를 내다봐요.	期待	좋은 결과를 바라는 마음보다 앞으로 일어날 일을 판단하는 데 초점을 둔다.	気温の変化を[予測/よそく]して、服を多めに持っていった。	기온 변화를 [예측]해서 옷을 넉넉히 가져갔다.	売り上げは私たちの[予測/よそく]を大きく上回った。	매출은 우리의 [예측]을 크게 웃돌았다.
JLPTN3_487	집을 비움	평소 있을 집이나 장소에 잠시 없어요.	不在	부재와 겹치며 집을 비우거나 그동안의 집 상태를 말할 때 흔하다.	[留守/るす]の間、隣の人が花に水をやってくれた。	[집을 비운] 동안 이웃이 꽃에 물을 주었다.	何度電話しても出ないので、[留守/るす]らしい。	몇 번 전화해도 받지 않는 것을 보니 [집을 비운] 모양이다.
JLPTN3_490	이유	겉으로 보이지 않던 사정이나 까닭을 말해요.	理由	뜻은 많이 겹치며 일상 대화에서 개인적인 사정을 나타내기 쉽다.	遅れた[訳/わけ]を聞く前に、怒ってしまった。	늦은 [이유]를 묻기 전에 화를 내 버렸다.	彼が急に辞めた[訳/わけ]を、私はまだ知らない。	그가 갑자기 그만둔 [이유]를 나는 아직 모른다.
JLPTN3_496	모두	하나도 빠짐없이 전체를 포함해요.	ほとんど	대부분과 달리 빠진 것이 없다는 뜻이다.	荷物は[全て/すべて]車に積みました。	짐은 [모두] 차에 실었습니다.	事情を[全て/すべて]話したら、少し気が楽になった。	사정을 [전부] 이야기했더니 조금 마음이 편해졌다.
JLPTN3_499	당연히	상황상 그렇게 되는 것이 마땅하다고 봐요.	必ず	발생을 단정하는 것보다 마땅하거나 자연스럽다는 판단을 담는다.	私の失敗なので、[当然/とうぜん]、私が謝ります。	제 실수이므로 [당연히] 제가 사과하겠습니다.	三時間も歩いたのだから、[当然/とうぜん]お腹がすく。	세 시간이나 걸었으니 [당연히] 배가 고프다.
handmade_3	잘난 체하다	정말 훌륭한지와 별개로 남보다 대단한 듯 행동해요.	自慢する	자랑하는 말을 하는 것보다 거만한 태도를 보이는 행동에 초점을 둔다.	少し年上だからといって、[偉そうにしないで/えらそうにしないで]。	조금 나이가 많다고 [잘난 체하지 마].	彼は店員の前だけで[偉そうにする/えらそうにする]ので、恥ずかしい。	그는 점원 앞에서만 [잘난 체해서] 창피하다.
handmade_6	목이 마르다	몸에 물이 필요해 목이 마른 느낌이에요.	乾く	빨래 등이 마르는 것과 표기를 구별하며 갈증에 쓴다.	たくさん話したので、喉が[渇いた/かわいた]。	말을 많이 해서 목이 [말랐다].	夜中に喉が[渇いて/かわいて]、水を飲みに起きた。	한밤중에 목이 [말라서] 물을 마시러 일어났다.
handmade_9	아린 맛이 나다	매운 향신료의 맛보다 떫고 목을 자극하는 맛이에요.	辛い	매운맛 전체보다 식물의 강한 아린맛과 목을 자극하는 느낌을 말한다.	あく抜きが足りず、このタケノコは[えぐい/えぐい]。	떫은맛을 덜 우려내서 이 죽순은 [아린 맛이 난다].	[えぐくて/えぐくて]飲みにくかった青汁に、牛乳を混ぜた。	[아린 맛이 나서] 마시기 어려웠던 녹즙에 우유를 섞었다.
handmade_12	토막 지식	전문적인 설명보다 짧고 흥미로운 작은 지식이에요.	常識	모두가 알아야 하는 상식과 달리 몰라도 되는 작은 정보일 수 있다.	電車の待ち時間に、鳥の[豆知識/まめちしき]を読んでいた。	전철을 기다리는 동안 새에 관한 [토막 지식]을 읽고 있었다.	父の話す[豆知識/まめちしき]が、クイズで役に立った。	아버지가 들려주시는 [토막 지식]이 퀴즈에서 도움이 되었다.
handmade_15	청소	정리만 하는 것이 아니라 먼지나 더러움을 없애요.	片付け	물건을 제자리에 정돈하는 것과 달리 오염을 없애는 행동이 중심이다.	窓の[掃除/そうじ]をしたら、部屋が明るくなった。	창문 [청소]를 했더니 방이 밝아졌다.	今日は[掃除/そうじ]を後回しにして、先に買い物へ行こう。	오늘은 [청소]를 나중으로 미루고 먼저 장을 보러 가자.
handmade_18	틈새	맞닿아야 할 것 사이에 작게 벌어진 공간이에요.	穴	뚫린 구멍 전체보다 물건 사이에 난 좁은 공간을 말한다.	ドアの[隙間/すきま]から冷たい風が入ってくる。	문 [틈새]로 차가운 바람이 들어온다.	棚と壁の[隙間/すきま]に、鍵が落ちていた。	선반과 벽의 [틈새]에 열쇠가 떨어져 있었다.
handmade_21	수수께끼	이유나 정체를 아직 알 수 없어 풀어야 해요.	秘密	누군가 의도적으로 숨긴 정보가 아니어도 알 수 없는 일을 가리킨다.	誰が花を置いたのか、今も[謎/なぞ]のままだ。	누가 꽃을 놓았는지 지금도 [수수께끼]로 남아 있다.	最後の一枚の写真が、事件の[謎/なぞ]を解く鍵になった。	마지막 사진 한 장이 사건의 [수수께끼]를 푸는 열쇠가 되었다.
handmade_24	머리카락	몸의 털 전체가 아니라 머리에 난 털이에요.	毛	몸이나 동물의 털까지 포함하는 말과 달리 사람의 머리카락을 가리킨다.	寝る前に[髪/かみ]を乾かさないと、朝大変だよ。	자기 전에 [머리카락]을 말리지 않으면 아침에 힘들어.	肩まであった[髪/かみ]を、思い切って短く切った。	어깨까지 오던 [머리카락]을 과감하게 짧게 잘랐다.
handmade_27	동쪽	해가 뜨는 방향을 떠올려 보세요.	西	해가 지는 쪽과 반대 방향이다.	窓が[東/ひがし]に向いているので、朝日が入る。	창문이 [동쪽]을 향하고 있어서 아침 햇살이 들어온다.	ここから[東/ひがし]へ五分歩くと、郵便局があります。	여기서 [동쪽]으로 오 분 걸으면 우체국이 있습니다.
handmade_30	북쪽	지도에서 보통 위로 나타내는 방향이에요.	南	지도상 보통 아래에 표시하는 남쪽과 반대다.	駅の[北/きた]に、新しい公園ができた。	역 [북쪽]에 새 공원이 생겼다.	暖かくなると、この鳥は[北/きた]へ移動する。	날씨가 따뜻해지면 이 새는 [북쪽]으로 이동한다.
handmade_33	덥다	물건을 만진 온도보다 날씨나 공기가 더워요.	熱い	뜨거운 물체나 액체가 아니라 기온과 더위를 나타낸다.	今日は[暑い/あつい]から、日陰で休もう。	오늘은 [더우니] 그늘에서 쉬자.	昨夜は[暑くて/あつくて]、何度も目が覚めた。	어젯밤은 [더워서] 몇 번이나 잠이 깼다.
handmade_36	시험	지식이나 능력을 문제로 확인하는 절차예요.	実験	현상을 조사하는 실험과 달리 여기서는 사람의 학습 능력을 평가한다.	[試験/しけん]の前日は、早く寝るようにしている。	[시험] 전날은 일찍 자려고 한다.	開始直前に、[試験/しけん]会場を間違えたことに気づいた。	시작 직전에 [시험] 장소를 잘못 찾아왔다는 것을 알아차렸다.
handmade_39	문제	풀어서 답을 내야 하는 물음이에요.	質問	상대에게 묻는 질문 전체보다 시험이나 과제에서 풀어야 하는 물음이다.	最後の[問題/もんだい]だけ、答えが分からなかった。	마지막 [문제]만 답을 알 수 없었다.	先生、この[問題/もんだい]には図を使ってもいいですか。	선생님, 이 [문제]에는 그림을 써도 되나요?
handmade_42	밥	여기서는 끼니 전체보다 쌀을 익힌 음식을 말해요.	米	짓기 전의 쌀과 달리 익혀 먹을 수 있는 밥이다.	今日は[ご飯/ごはん]を少なめによそってください。	오늘은 [밥]을 조금만 담아 주세요.	残った[ご飯/ごはん]で、おにぎりを作った。	남은 [밥]으로 주먹밥을 만들었다.
handmade_45	신문	여러 소식을 기사로 싣는 정기 간행물이에요.	雑誌	특정 주제를 중심으로 묶는 잡지와 달리 시사 소식을 빠르게 전한다.	父が[新聞/しんぶん]を読んでいる横で、猫が眠っている。	아버지가 [신문]을 읽고 계신 옆에서 고양이가 자고 있다.	旅行中の[新聞/しんぶん]を止めるのを忘れていた。	여행 중 [신문] 배달을 중지하는 것을 잊고 있었다.
handmade_48	번호	구별하거나 순서를 나타내려고 붙인 숫자예요.	数字	숫자라는 문자 자체보다 식별을 위해 부여한 표식이다.	受付で渡された[番号/ばんごう]が、画面に出た。	접수대에서 받은 [번호]가 화면에 떴다.	部屋の[番号/ばんごう]を忘れて、鍵を見直した。	방 [번호]를 잊어서 열쇠를 다시 보았다.
handmade_51	이상하다	평소와 달라 어딘가 자연스럽지 않아요.	珍しい	보기 드물다는 뜻과 달리 이상하거나 부자연스럽다는 느낌을 담는다.	冷蔵庫から[変な/へんな]音がする。	냉장고에서 [이상한] 소리가 난다.	いつも来る猫が今日は来ない。ちょっと[変だ/へんだ]ね。	늘 오는 고양이가 오늘은 안 오네. 조금 [이상하다].
handmade_54	실패	하려던 일이 기대한 결과에 이르지 못해요.	間違い	잘못된 답이나 행동과 달리 시도한 일의 결과가 좋지 않음을 말한다.	最初の[失敗/しっぱい]で諦めなくてよかった。	첫 [실패]에 포기하지 않아서 다행이다.	ケーキ作りに[失敗/しっぱい]したが、味は悪くなかった。	케이크 만들기에 [실패]했지만 맛은 나쁘지 않았다.
handmade_57	튀기다	뜨거운 기름에 넣어 음식을 익혀요.	炒める	적은 기름으로 볶는 것과 달리 많은 기름 속에 넣어 익힌다.	祖母は台所で天ぷらを[揚げている/あげている]。	할머니는 부엌에서 튀김을 [튀기고 계신다].	この魚は、焼くより[揚げた/あげた]方が好きだ。	이 생선은 구운 것보다 [튀긴] 쪽을 좋아한다.
handmade_60	건네다	손이나 소유 쪽에서 상대 쪽으로 물건을 넘겨요.	受け取る	상대로부터 받는 것과 반대로 상대에게 내어 주는 행동이다.	降りるときに、運転手へこの券を[渡して/わたして]ください。	내릴 때 운전기사에게 이 표를 [건네] 주세요.	照れくさくて、手紙は友達に代わりに[渡してもらった/わたしてもらった]。	쑥스러워서 편지는 친구에게 대신 [건네 달라고 했다].
handmade_63	결정하다	여러 가능성 중 하나를 선택해 확정해요.	決まる	내용이 정해진 결과와 사람이 내용을 정하는 행동을 구별한다.	進学先は、親と相談してから[決める/きめる]。	진학할 곳은 부모님과 의논한 뒤 [정할 것이다].	まだ見ていない部屋に[決めないで/きめないで]。一度行ってみよう。	아직 보지 않은 방으로 [정하지 마]. 한번 가 보자.
handmade_66	기절	보통의 잠과 달리 갑자기 의식을 잃어요.	居眠り	졸려서 잠깐 자는 것과 달리 의식이 없어지는 상태다.	暑い会場で[気絶/きぜつ]した人を、係員が運び出した。	더운 행사장에서 [기절]한 사람을 직원이 밖으로 옮겼다.	目を開けると病院で、自分が[気絶/きぜつ]したと知った。	눈을 뜨니 병원이어서 자신이 [기절]했다는 것을 알았다.
handmade_69	허리	등 전체보다 몸통의 아래쪽을 떠올려 보세요.	背中	등의 넓은 면보다 몸통 아래와 골반 부근을 가리킨다.	長く座っていると、[腰/こし]が重くなる。	오래 앉아 있으면 [허리]가 뻐근해진다.	水が[腰/こし]の高さまであって、先へ進めなかった。	물이 [허리] 높이까지 차서 앞으로 갈 수 없었다.
handmade_72	어제	오늘의 바로 전날이에요.	昨夜	밤에 한정하지 않고 바로 전날 전체를 가리킨다.	[昨日/きのう]買ったパンを、今朝全部食べた。	[어제] 산 빵을 오늘 아침에 전부 먹었다.	今日は晴れたけれど、[昨日/きのう]は一日雨だった。	오늘은 맑지만 [어제]는 하루 종일 비가 왔다.
handmade_75	열심히	꾸준함보다 지금 하는 일에 온 힘을 쏟는 모습이에요.	熱心に	의미가 겹치며 노력하는 사람의 필사적이고 진지한 모습이 더 잘 드러난다.	小さな子が[一生懸命/いっしょうけんめい]に靴を履こうとしている。	어린아이가 [열심히] 신발을 신으려고 하고 있다.	名前を覚えたくて、[一生懸命/いっしょうけんめい]メモを取った。	이름을 기억하고 싶어서 [열심히] 메모했다.
handmade_78	진로	졸업 뒤 어떤 길로 나아갈지 정하는 방향이에요.	職業	특정 직업뿐 아니라 진학 등 앞으로의 길도 포함한다.	[進路/しんろ]について担任と話し、少し安心した。	[진로]에 관해 담임 선생님과 이야기하고 조금 안심했다.	友達とは違う[進路/しんろ]を選んだが、後悔はしていない。	친구와 다른 [진로]를 선택했지만 후회하지 않는다.
handmade_81	이사하다	거처 자체를 바꾸며 잠깐 묵는 것은 아니에요.	移る	이동을 넓게 뜻하는 말 중 주거를 옮기는 일을 구체적으로 가리킨다.	来月、駅に近いアパートへ[引っ越す/ひっこす]。	다음 달에 역에서 가까운 아파트로 [이사한다].	隣の人が[引っ越して/ひっこして]から、庭が静かになった。	이웃이 [이사한] 뒤로 마당이 조용해졌다.
handmade_84	유랑	살 곳을 정하지 않고 여러 곳을 떠돌아요.	旅行	여행보다 일정한 거처 없이 떠도는 삶을 나타낸다.	小説の主人公は、長い[流浪/るろう]の末に故郷へ戻る。	소설 주인공은 오랜 [유랑] 끝에 고향으로 돌아온다.	祖父の日記には、戦後の[流浪/るろう]の日々が記されていた。	할아버지의 일기에는 전후의 [유랑] 생활이 기록되어 있었다.
handmade_87	소중하다	영향력이 크다는 것보다 내가 아끼는 마음이 중심이에요.	重要だ	중요함과 겹치며 개인적으로 아끼고 소중히 여기는 정서에도 널리 쓴다.	これは母にもらった、[大切な/たいせつな]指輪です。	이것은 어머니에게 받은 [소중한] 반지입니다.	家族との時間を、もっと[大切に/たいせつに]したい。	가족과 보내는 시간을 더 [소중히] 여기고 싶다.
handmade_90	과일	먹을 수 있는 열매를 떠올려 보세요.	野菜	식용 식물 중 보통 단맛이 있는 열매로 분류하는 말이며 식물학적 경계와는 다르다.	食後に[果物/くだもの]を出しましょうか。	식후에 [과일]을 내올까요?	この市場では、見たことのない[果物/くだもの]が売られている。	이 시장에서는 본 적 없는 [과일]을 팔고 있다.
handmade_93	피부	몸의 표면이며 감촉이나 상태를 말할 때 자주 써요.	皮	껍질과 가죽까지 뜻하는 말과 달리 사람 피부의 결이나 상태에 자주 쓴다.	乾燥すると、[肌/はだ]がかゆくなる。	건조해지면 [피부]가 가려워진다.	赤ちゃんの[肌/はだ]は、触るのが怖いほど柔らかい。	아기의 [피부]는 만지기 조심스러울 만큼 부드럽다.
handmade_96	차갑다	날씨보다 손에 닿는 물체나 물의 온도가 낮아요.	寒い	기온 때문에 춥다는 느낌과 달리 접촉하는 대상의 낮은 온도를 나타낸다.	井戸の水は夏でも[冷たい/つめたい]。	우물물은 여름에도 [차갑다].	手が[冷たくて/つめたくて]、鍵をうまく回せない。	손이 [차가워서] 열쇠를 잘 돌릴 수 없다.
handmade_99	벗다	입거나 신은 것을 몸에서 떼어 내요.	外す	부착된 것을 떼는 행동보다 옷이나 신발을 벗는 데 쓴다.	ここで靴を[脱いで/ぬいで]、スリッパに履き替えてください。	여기서 신발을 [벗고] 슬리퍼로 갈아 신으세요.	暑くなったので、上着を[脱いだ/ぬいだ]。	더워져서 겉옷을 [벗었다].
handmade_102	자초지종	결론만이 아니라 처음부터 끝까지의 경위예요.	結果	마지막 결과에 한정하지 않고 일의 전 과정을 포함한다.	警察官に、事故の[一部始終/いちぶしじゅう]を話した。	경찰관에게 사고의 [자초지종]을 이야기했다.	店のカメラが、騒ぎの[一部始終/いちぶしじゅう]を記録していた。	가게 카메라가 소동의 [전 과정]을 기록하고 있었다.
handmade_105	의견	사실 그 자체보다 그 일에 대해 어떻게 생각하는지 말해요.	事実	확인된 사실이 아니라 개인의 판단과 생각이다.	反対の[意見/いけん]も、最後まで聞きたい。	반대 [의견]도 끝까지 듣고 싶다.	私の[意見/いけん]が採用されて、会議が少し好きになった。	내 [의견]이 채택되어 회의가 조금 좋아졌다.
handmade_108	틀리다	여기서는 정답이나 예상과 맞지 않는 상황이에요.	異なる	다름만을 중립적으로 말하는 것과 달리 문맥에 따라 틀렸다는 뜻으로 쓴다.	答えが[違う/ちがう]と言われ、もう一度計算した。	답이 [틀리다]는 말을 듣고 다시 계산했다.	番号が一つ[違っていた/ちがっていた]ので、別の家に電話がつながった。	번호 하나가 [틀려서] 다른 집으로 전화가 연결되었다.
handmade_111	긴장	시험이나 낯선 자리에서 몸과 마음이 팽팽해져요.	心配	걱정하는 생각보다 그 상황에서 굳고 떨리는 상태에 초점을 둔다.	面接の[緊張/きんちょう]で、声が少し震えた。	면접의 [긴장] 때문에 목소리가 조금 떨렸다.	友達の笑顔を見たら、[緊張/きんちょう]がほぐれた。	친구의 웃는 얼굴을 보니 [긴장]이 풀렸다.
handmade_114	먼 곳	시간이 한참 뒤라는 뜻이 아니라 먼 장소예요.	遠方	뜻이 겹치며 일상 대화에서는 이 말이 더 자연스럽고 널리 쓰인다.	山の上からは、[遠く/とおく]の島まで見えた。	산 위에서는 [먼 곳]의 섬까지 보였다.	犬が[遠く/とおく]へ行かないように、門を閉めた。	개가 [먼 곳]으로 가지 않도록 대문을 닫았다.
handmade_117	칠판	교실에서 분필로 글을 쓰는 판이에요.	掲示板	종이를 붙이는 게시판과 달리 표면에 직접 쓰는 판이다.	[黒板/こくばん]の字が見えなくて、前の席へ移った。	[칠판] 글씨가 보이지 않아서 앞자리로 옮겼다.	授業の終わりに、先生が[黒板/こくばん]を消した。	수업이 끝날 무렵 선생님이 [칠판]을 지우셨다.
handmade_120	방	집 전체보다 벽으로 나뉜 실내 공간이에요.	家	주택 전체가 아니라 그 안의 한 공간을 말한다.	この[部屋/へや]は、午後になると日が差す。	이 [방]은 오후가 되면 햇빛이 든다.	[部屋/へや]の鍵を中に置いたまま、ドアを閉めてしまった。	[방] 열쇠를 안에 둔 채 문을 닫아 버렸다.
handmade_123	은행	돈을 보관하는 기구가 아니라 금융 업무를 하는 기관이에요.	金庫	금고는 보관함이고 은행은 예금과 송금 등의 업무를 맡는다.	[銀行/ぎんこう]が閉まる前に、振り込みを済ませたい。	[은행]이 문을 닫기 전에 송금을 마치고 싶다.	駅前の[銀行/ぎんこう]で、新しい口座を作った。	역 앞 [은행]에서 새 계좌를 만들었다.
handmade_126	뒤	앞의 반대쪽에 있는 위치예요.	後	시간상 나중을 뜻하기도 하는 말과 달리 여기서는 공간적 뒤쪽이다.	[後ろ/うしろ]から名前を呼ばれて、振り返った。	[뒤]에서 이름을 불러 돌아보았다.	大きな人の[後ろ/うしろ]に座って、舞台が見えなかった。	큰 사람 [뒤]에 앉아서 무대가 보이지 않았다.
handmade_129	도둑	남의 물건을 몰래 훔치는 사람이에요.	強盗	협박이나 폭력으로 빼앗는 범죄와 구별해 몰래 훔치는 사람을 가리킨다.	[泥棒/どろぼう]が窓から逃げたと、隣の人が言った。	[도둑]이 창문으로 달아났다고 이웃이 말했다.	家に[泥棒/どろぼう]が入ったが、犬は眠っていた。	집에 [도둑]이 들었지만 개는 자고 있었다.
handmade_132	설명	상대가 이해하도록 내용을 풀어 말해요.	報告	일어난 일을 알리는 것보다 이해할 수 있도록 이유나 구조를 풀어 준다.	図を使った[説明/せつめい]で、やっと仕組みが分かった。	그림을 이용한 [설명]으로 드디어 구조를 알았다.	[説明/せつめい]が長くなりそうなので、椅子を用意した。	[설명]이 길어질 것 같아서 의자를 준비했다.
handmade_135	실마리	아직 정답은 아니지만 해결로 이끄는 단서예요.	証拠	사실을 입증하는 자료와 달리 조사나 해결의 출발점이 될 수 있는 단서다.	古い写真が、人探しの[手がかり/てがかり]になった。	오래된 사진이 사람을 찾는 [실마리]가 되었다.	何も[手がかり/てがかり]がなく、捜査は進まなかった。	아무 [단서]도 없어서 수사는 진전되지 않았다.
handmade_138	권력	사람을 지배하거나 결정하는 사회적 힘이에요.	権威	권위는 존경과 신뢰에서 인정받는 힘이며 권력은 지배와 결정의 힘이다.	[権力/けんりょく]を持つ人ほど、批判を聞くべきだ。	[권력]을 가진 사람일수록 비판을 들어야 한다.	王の死後、二人の息子が[権力/けんりょく]を争った。	왕이 죽은 뒤 두 아들이 [권력]을 다투었다.
handmade_141	도쿄	일본의 수도 이름이며 비슷한 도시 이름과 읽기를 구별해요.	京都	글자 순서와 읽기가 다른 일본의 별도 도시다.	姉は[東京/とうきょう]で、一人暮らしを始めた。	언니는 [도쿄]에서 혼자 살기 시작했다.	この電車は[東京/とうきょう]まで乗り換えなしで行けますか。	이 전철은 [도쿄]까지 갈아타지 않고 갈 수 있나요?
handmade_144	목소리	사물 소리보다 사람이나 동물의 입에서 나는 소리예요.	音	소리 전체 중 발성으로 나는 소리를 가리킨다.	電話の[声/こえ]だけで、祖母だと分かった。	전화 [목소리]만으로 할머니라는 것을 알았다.	大きな[声/こえ]を出さないで。赤ちゃんが寝ている。	큰 [목소리]를 내지 마. 아기가 자고 있어.
handmade_147	파리	음식물 주변에 날아드는 작은 곤충이에요.	蚊	피를 빠는 모기와 다른 곤충이다.	一匹の[ハエ/はえ]が、パンの周りを飛んでいる。	[파리] 한 마리가 빵 주변을 날고 있다.	窓を開けて、[ハエ/はえ]を外へ追い出した。	창문을 열어 [파리]를 밖으로 쫓아냈다.
handmade_150	서양식 옷	정장만이 아니라 전통 의상과 대비되는 옷 전반이에요.	和服	일본 전통 의상과 대비되며 남성 정장에 한정되지 않는다.	着物から[洋服/ようふく]に着替えて、買い物へ出た。	기모노에서 [서양식 옷]으로 갈아입고 장을 보러 나갔다.	祖母は自分で[洋服/ようふく]を縫っていた。	할머니는 직접 [서양식 옷]을 지어 입으셨다.
handmade_153	요리	재료를 다루어 먹을 음식을 만드는 일이에요.	食事	먹는 행위나 끼니와 달리 음식을 만드는 일이다.	一人暮らしを始めて、[料理/りょうり]が好きになった。	혼자 살기 시작하면서 [요리]를 좋아하게 되었다.	父の[料理/りょうり]は豪快で、いつも鍋がいっぱいになる。	아버지의 [요리]는 호쾌해서 언제나 냄비가 가득 찬다.
AbsoluteVerb_2	재우다	자기가 자는 것이 아니라 다른 사람이 잠들게 해요.	寝る	자신이 잠드는 것과 달리 상대를 눕히거나 잠들게 한다.	母が弟を[寝かしている/ねかしている]間、私は静かに本を読んだ。	어머니가 남동생을 [재우고 계시는] 동안 나는 조용히 책을 읽었다.	赤ちゃんを[寝かす/ねかす]ために、同じ歌を何度も歌った。	아기를 [재우려고] 같은 노래를 몇 번이나 불렀다.
AbsoluteVerb_5	잠자리에서 일어나다	잠들어 있다가 깨어 활동을 시작해요.	起こす	남을 깨우는 행동과 달리 자신이 잠에서 일어난다.	今朝は目覚ましより先に[起きた/おきた]。	오늘 아침에는 알람보다 먼저 [일어났다].	明日は六時に[起きないと/おきないと]、船に間に合わない。	내일은 여섯 시에 [일어나지 않으면] 배 시간에 맞출 수 없다.
AbsoluteVerb_8	씻다	마른 천으로 닦기보다 물로 더러움을 없애요.	拭く	천으로 닦아 내는 것과 달리 물이나 세제로 씻는다.	畑から戻って、長靴を[洗った/あらった]。	밭에서 돌아와 장화를 [씻었다].	食べる前に手を[洗って/あらって]きてね。	먹기 전에 손을 [씻고] 오렴.
AbsoluteVerb_11	닦아 내다	표면의 물기 등을 천으로 제거해요.	洗う	물에 씻는 것과 달리 천이나 종이로 표면을 닦는다.	雨でぬれた椅子を[拭いて/ふいて]から座った。	비에 젖은 의자를 [닦고] 앉았다.	額の汗を[拭く/ふく]ために、タオルを借りた。	이마의 땀을 [닦으려고] 수건을 빌렸다.
AbsoluteVerb_14	날이 저물다	그저 어두워진 것이 아니라 낮이 끝나는 때예요.	暗くなる	어둡게 되는 원인은 다양하지만 날이 저무는 말은 시간의 변화가 중심이다.	日が[暮れる/くれる]前に、山を下りよう。	날이 [저물기] 전에 산에서 내려가자.	話に夢中になっていたら、外はもう[暮れていた/くれていた]。	이야기에 푹 빠져 있었더니 밖은 벌써 [저물어 있었다].
AbsoluteVerb_17	비나 눈이 내리다	물이 흐르는 것과 달리 하늘에서 떨어져요.	落ちる	낙하를 넓게 뜻하는 말과 달리 비나 눈에 쓰인다.	雪が[降れば/ふれば]、子どもたちは庭へ飛び出す。	눈이 [내리면] 아이들은 마당으로 뛰어나간다.	傘を忘れた日に限って、雨が[降る/ふる]。	우산을 잊은 날에만 꼭 비가 [온다].
AbsoluteVerb_20	녹다	고체가 액체가 되거나 액체에 섞여 풀려요.	溶かす	녹이는 사람의 행동과 달리 대상 자체가 변하는 모습이다.	かばんの中で、チョコレートが[溶けていた/とけていた]。	가방 안에서 초콜릿이 [녹아 있었다].	砂糖が[溶ける/とける]まで、スプーンで混ぜてください。	설탕이 [녹을] 때까지 숟가락으로 저어 주세요.
AbsoluteVerb_23	날씨가 개다	구름이나 비가 걷히고 하늘이 맑아져요.	止む	비가 멈추기만 하는 것과 달리 하늘이 맑아지는 변화를 말한다.	昼には[晴れる/はれる]そうだから、洗濯は少し待とう。	낮에는 [갠다고] 하니 빨래는 조금 기다리자.	山頂に着くと空が[晴れて/はれて]、遠くの町が見えた。	산 정상에 도착하자 하늘이 [개어서] 멀리 있는 마을이 보였다.
AbsoluteVerb_26	소리가 울리다	누가 울리는 행동보다 소리 자체가 나는 현상이에요.	鳴らす	사람이 소리를 내게 하는 것과 달리 대상에서 소리가 난다.	授業中に携帯が[鳴って/なって]、慌てて電源を切った。	수업 중에 휴대전화가 [울려서] 허둥지둥 전원을 껐다.	玄関のベルが[鳴った/なった]。宅配便かな。	현관 벨이 [울렸다]. 택배일까?
AbsoluteVerb_29	기뻐하다	좋은 일을 받아들이는 사람의 반응이에요.	楽しむ	일을 하며 즐기는 것과 달리 좋은 소식이나 결과에 기쁜 반응을 보인다.	母は小さな花束でも[喜んで/よろこんで]くれた。	어머니는 작은 꽃다발도 [기뻐해] 주셨다.	まだ結果が出ていないのに、そんなに[喜ばないで/よろこばないで]。	아직 결과가 나오지 않았는데 그렇게 [기뻐하지 마].
AbsoluteVerb_32	말하다	긴 이야기를 나누기보다 특정한 말을 입으로 표현해요.	話す	대화나 이야기를 이어 가는 것보다 말의 내용 자체에 초점을 둘 수 있다.	聞こえなかったので、もう一度[言って/いって]ください。	들리지 않았으니 다시 한번 [말해] 주세요.	「大丈夫」と[言った/いった]が、本当は不安だった。	“괜찮아”라고 [말했지만] 사실은 불안했다.
AbsoluteVerb_35	씹다	음식을 이로 잘게 부수는 동작이에요.	飲み込む	목으로 넘기는 것과 달리 입안에서 이로 부순다.	この肉は、よく[噛んで/かんで]食べてね。	이 고기는 잘 [씹어서] 먹어.	固いパンを[噛んだ/かんだ]ら、歯が少し痛んだ。	딱딱한 빵을 [씹었더니] 이가 조금 아팠다.
AbsoluteVerb_38	쓰다	말을 소리 내는 대신 글자로 남겨요.	描く	그림을 그리는 표기와 달리 문자나 글을 적는 데 쓴다.	封筒に住所を[書く/かく]前に、番号を確認した。	봉투에 주소를 [쓰기] 전에 번호를 확인했다.	祖母への手紙を[書いていた/かいていた]ら、会いたくなった。	할머니께 드릴 편지를 [쓰고 있었더니] 뵙고 싶어졌다.
AbsoluteVerb_41	걷다	달리기보다 발을 번갈아 내디디며 나아가요.	走る	뛰지 않고 발을 번갈아 옮겨 이동한다.	終電を逃したので、家まで[歩いた/あるいた]。	막차를 놓쳐서 집까지 [걸었다].	そんなに速く[歩かないで/あるかないで]。靴ずれが痛いんだ。	그렇게 빨리 [걷지 마]. 신발에 쓸린 곳이 아파.
AbsoluteVerb_44	날다	땅에 붙어 움직이지 않고 공중을 이동해요.	跳ぶ	땅을 박차고 뛰는 것과 표기를 구분하며 공중 비행에 쓴다.	大きな鳥が、頭の上を[飛んだ/とんだ]。	큰 새가 머리 위를 [날았다].	この風では、飛行機は[飛べない/とべない]かもしれない。	이 바람에는 비행기가 [날 수 없을]지도 모른다.
AbsoluteVerb_47	발로 차다	손으로 던지지 않고 발로 힘껏 밀어 보내요.	投げる	손이 아니라 발로 물체에 힘을 가한다.	石を[蹴った/けった]ら、思ったより遠くへ転がった。	돌을 [찼더니] 생각보다 멀리 굴러갔다.	ボールをこちらへ[蹴って/けって]ください。	공을 이쪽으로 [차] 주세요.
AbsoluteVerb_50	생각하다	느낌만 드는 것보다 머리를 써서 따져 보아요.	思う	판단이나 감상을 넓게 나타내는 말에 비해 의식적으로 사고하는 과정이 두드러진다.	返事は、少し[考えて/かんがえて]からでもいいですか。	답은 조금 [생각한] 뒤에 해도 되나요?	帰り道で、明日の授業の進め方を[考えた/かんがえた]。	돌아오는 길에 내일 수업을 어떻게 진행할지 [생각했다].
AbsoluteVerb_53	진정되다	위험이 없어 안심하는 것뿐 아니라 흥분도 가라앉아요.	安心する	안심은 걱정이 풀리는 것이고 진정은 흥분이나 동요가 가라앉는 것이다.	本番直前まで震えていたが、舞台に立つと[落ち着いた/おちついた]。	공연 직전까지 떨고 있었지만 무대에 서자 [진정되었다].	人の少ない図書館なら、気持ちが[落ち着く/おちつく]。	사람이 적은 도서관이라면 마음이 [차분해진다].
AbsoluteVerb_56	아프다	마음의 고민보다 여기서는 몸의 통증을 말해요.	傷む	음식이나 물건이 상하는 표기와 달리 통증에 쓴다.	階段を上ると、古いけがのところが[痛む/いたむ]。	계단을 오르면 예전에 다친 곳이 [아프다].	歯が[痛んで/いたんで]、夕食を半分残した。	이가 [아파서] 저녁 식사를 절반 남겼다.
AbsoluteVerb_59	스며들다	표면에 닿는 데서 그치지 않고 안으로 배어들어요.	濡れる	젖는 상태보다 액체가 내부로 들어가는 과정에 초점을 둔다.	コーヒーがシャツに[染みた/しみた]ので、すぐ水ですすいだ。	커피가 셔츠에 [스며들어서] 바로 물로 헹궜다.	古い靴の底から雨水が[染みてきた/しみてきた]。	낡은 신발 밑창으로 빗물이 [스며들기 시작했다].
AbsoluteVerb_62	이야기를 들려주다	짧은 말보다 경험이나 생각을 차분히 풀어 말해요.	言う	말의 표현 전체보다 이야기를 이어 자세히 전하는 데 어울린다.	祖父は写真を見ながら、若いころの夢を[語った/かたった]。	할아버지는 사진을 보며 젊었을 때의 꿈을 [들려주셨다].	旅の思い出を[語る/かたる]彼女の目が輝いていた。	여행 추억을 [이야기하는] 그녀의 눈이 반짝이고 있었다.
AbsoluteVerb_65	중얼거리다	남에게 들려주기보다 혼잣말처럼 작은 소리로 말해요.	ささやく	속삭임은 상대에게 작게 전하는 데 흔하고 중얼거림은 혼잣말에도 쓴다.	「あと少し」と[つぶやいて/つぶやいて]、坂を上り続けた。	“조금만 더”라고 [중얼거리며] 계속 언덕을 올랐다.	弟が何か[つぶやいた/つぶやいた]が、聞き取れなかった。	남동생이 무언가 [중얼거렸지만] 알아듣지 못했다.
AbsoluteVerb_68	부르다	상대의 주의를 끌거나 오도록 해요.	叫ぶ	소리의 크기보다 상대에게 신호를 보내거나 오게 하는 목적에 초점을 둔다.	順番が来たら、名前を[呼びます/よびます]。	차례가 되면 이름을 [부르겠습니다].	一人では運べないので、兄を[呼んだ/よんだ]。	혼자서는 나를 수 없어서 형을 [불렀다].
AbsoluteVerb_71	걸다	물건을 고리나 벽에 걸어 두어요.	置く	바닥이나 받침 위에 놓는 것과 달리 걸어 지탱한다.	ぬれたコートは、このフックに[掛けて/かけて]ください。	젖은 외투는 이 고리에 [걸어] 주세요.	壁に時計を[掛けた/かけた]ら、部屋らしくなった。	벽에 시계를 [걸었더니] 방다운 모습이 되었다.
AbsoluteVerb_74	불을 켜다	없던 불빛이 나도록 조작해요.	点く	불빛이 켜지는 현상과 달리 사람이 켜는 행동이다.	暗くなったので、手元のランプを[点けた/つけた]。	어두워져서 손 가까이 있는 램프를 [켰다].	寝ている人がいるから、大きな電気は[点けないで/つけないで]。	자는 사람이 있으니 큰 전등은 [켜지 마].
AbsoluteVerb_77	열리다	누가 여는 행동보다 문이나 뚜껑의 상태가 바뀌어요.	開ける	사람이 여는 동작과 달리 대상이 열린 상태로 변한다.	風で窓が[開いた/あいた]。	바람에 창문이 [열렸다].	この瓶、どうしてもふたが[開かない/あかない]。	이 병은 아무리 해도 뚜껑이 [열리지 않는다].
AbsoluteVerb_80	집다	꽉 움켜잡는 방법보다 손으로 가져오는 행동이에요.	つかむ	움켜쥐는 구체적 방식보다 물건을 손에 취하는 행동을 넓게 말한다.	棚の上の箱を[取って/とって]もらえますか。	선반 위 상자를 [집어] 주실 수 있나요?	最後のクッキーを[取ろう/とろう]としたら、弟に先を越された。	마지막 쿠키를 [집으려] 했더니 남동생이 먼저 가져갔다.
AbsoluteVerb_83	당기다	밀어 멀리 보내는 것과 반대로 자기 쪽으로 움직여요.	押す	힘을 가하는 방향이 상대 쪽인지 자기 쪽인지가 다르다.	ドアを[引いて/ひいて]も開かず、押したら開いた。	문을 [당겨도] 열리지 않더니 밀자 열렸다.	子どもが私の袖を[引いた/ひいた]ので、足を止めた。	아이가 내 소매를 [당겨서] 걸음을 멈췄다.
AbsoluteVerb_86	쓰다듬다	짧게 닿기보다 손을 부드럽게 쓸어 움직여요.	触る	만지는 행동 중 표면을 부드럽게 쓸어 주는 방식이다.	犬の背中を[撫でる/なでる]と、しっぽを振った。	개의 등을 [쓰다듬자] 꼬리를 흔들었다.	母は泣いている弟の頭を[撫でていた/なでていた]。	어머니는 울고 있는 남동생의 머리를 [쓰다듬고 계셨다].
AbsoluteVerb_89	쥐다	손가락을 굽혀 손안에 단단히 잡아요.	触る	단순한 접촉보다 손가락에 힘을 주어 잡는 동작이다.	寒い朝、温かい缶を両手で[握った/にぎった]。	추운 아침 따뜻한 캔을 두 손으로 [쥐었다].	鉛筆を強く[握りすぎて/にぎりすぎて]、指が痛くなった。	연필을 [너무 세게 쥐어서] 손가락이 아파졌다.
AbsoluteVerb_92	손대다	손을 대어 접촉하는 행동이에요. 부드럽게 쓸어 주는 방식까지 특정하지는 않아요.	撫でる	쓰다듬는 것보다 단순 접촉을 넓게 나타낸다.	ペンキが乾くまで、柵に[触らないで/さわらないで]。	페인트가 마를 때까지 울타리에 [손대지 마].	初めて雪に[触った/さわった]子が、驚いて手を引いた。	처음 눈에 [손댄] 아이가 놀라서 손을 뗐다.
AbsoluteVerb_95	쫓아내다	뒤쫓기만 하는 것이 아니라 그곳에서 떠나게 해요.	追いかける	따라가는 행동보다 상대를 물러나게 하는 결과를 지향한다.	畑に来たカラスを、手をたたいて[追い払った/おいはらった]。	밭에 온 까마귀를 손뼉을 쳐서 [쫓아냈다].	煙で虫を[追い払う/おいはらう]ことにした。	연기로 벌레를 [쫓아내기로] 했다.
AbsoluteVerb_98	꿰매다	바늘과 실로 천을 이어 붙이거나 고쳐요.	編む	실로 조직을 만드는 뜨개질과 달리 바늘로 천을 연결한다.	破れたポケットを、母が[縫って/ぬって]くれた。	찢어진 주머니를 어머니가 [꿰매] 주셨다.	暗い所で[縫う/ぬう]と、指を刺しそうだ。	어두운 곳에서 [바느질하면] 손가락을 찌를 것 같다.
AbsoluteVerb_101	제출하다	직접 건네는 방식보다 정해진 곳에 서류를 제출해요.	渡す	건네는 방법보다 제출이라는 목적에 초점을 둔다.	申込書は、明日までに受付へ[出して/だして]ください。	신청서는 내일까지 접수대에 [제출해] 주세요.	宿題を[出した/だした]つもりだったが、かばんに残っていた。	숙제를 [제출한] 줄 알았지만 가방에 남아 있었다.
AbsoluteVerb_104	서다	앉거나 눕지 않고 발로 몸을 세워요.	立てる	물건을 세우는 행동과 달리 자신의 몸을 일으켜 선다.	全員が[立った/たった]ので、私も椅子から離れた。	모두 [일어섰으므로] 나도 의자에서 몸을 뗐다.	出口の前に[立たないで/たたないで]ください。	출구 앞에 [서 있지 말아] 주세요.
AbsoluteVerb_107	쪼그려 앉다	의자에 앉기보다 무릎을 굽혀 몸을 낮춰요.	座る	座る는 엉덩이를 의자나 바닥 등에 대고 앉는 데 흔히 쓰고, しゃがむ는 무릎을 굽혀 몸을 낮추는 자세를 나타낸다.	花の写真を撮るために、道端で[しゃがんだ/しゃがんだ]。	꽃 사진을 찍으려고 길가에 [쪼그려 앉았다].	ここに[しゃがむ/しゃがむ]と、棚の下が見えるよ。	여기에 [쪼그려 앉으면] 선반 아래가 보여.
AbsoluteVerb_110	구부리다	곧던 물건이나 몸의 일부를 휘게 해요.	曲がる	대상이 휘는 변화와 누군가 대상을 휘게 하는 행동을 구별한다.	針金を[曲げて/まげて]、小さな輪を作った。	철사를 [구부려서] 작은 고리를 만들었다.	ひざを少し[曲げる/まげる]と、姿勢が安定する。	무릎을 조금 [굽히면] 자세가 안정된다.
AbsoluteVerb_113	슬퍼하다	상실이나 이별을 겪는 사람의 슬픈 반응이에요.	悲しい	슬픈 성질을 나타내는 형용사와 달리 슬픔을 느끼는 행동과 상태를 나타낸다.	飼っていた猫が死んで、妹はひどく[悲しんだ/かなしんだ]。	기르던 고양이가 죽어서 여동생은 몹시 [슬퍼했다].	父を[悲しませたくない/かなしませたくない]から、本当のことを話せなかった。	아버지를 [슬프게 하고 싶지 않아서] 사실을 말하지 못했다.
AbsoluteVerb_116	좋아하다	선택이나 취향에서 어떤 것을 선호해요.	欲しがる	지금 갖고 싶어 하는 욕구보다 평소의 취향을 나타낸다.	祖母は静かな宿を[好む/このむ]。	할머니는 조용한 숙소를 [좋아하신다].	子どもが[好む/このむ]味にしたら、大人にも評判がよかった。	아이들이 [좋아하는] 맛으로 만들었더니 어른들에게도 평이 좋았다.
AbsoluteVerb_119	두려워하다	위험이나 실패처럼 앞으로 올 나쁜 결과를 두려워해요.	怖がる	뜻이 겹치지만 이 표현은 실패나 변화 같은 추상적인 위험을 두려워하는 문맥과 문어체에 자연스럽다.	失敗を[恐れて/おそれて]、一度も挑戦しなかった。	실패를 [두려워해서] 한 번도 도전하지 않았다.	そんなに変化を[恐れなくても/おそれなくても]いいと思う。	그렇게 변화를 [두려워하지 않아도] 된다고 생각한다.
AbsoluteVerb_122	놀라다	예상하지 못한 사실에 마음이 크게 반응해요.	慌てる	놀라도 침착할 수 있으며 허둥대는 행동까지 뜻하지는 않는다.	自分の名前が新聞に載っていて[驚いた/おどろいた]。	내 이름이 신문에 실려 있어서 [놀랐다].	急に後ろから声をかけると、祖母が[驚く/おどろく]よ。	갑자기 뒤에서 말을 걸면 할머니가 [놀라실] 거야.
AbsoluteVerb_125	설레다	기대나 호감 때문에 가슴이 두근거려요.	どきどきする	심장 두근거림을 넓게 나타내는 말과 달리 호감이나 즐거운 기대에 설레는 감정을 나타내기 좋다.	初めて舞台に立つ日を思うと、胸が[ときめく/ときめく]。	처음 무대에 서는 날을 생각하면 가슴이 [설렌다].	彼からの手紙に、久しぶりに[ときめいた/ときめいた]。	그에게서 온 편지에 오랜만에 [설렜다].
AbsoluteVerb_128	어이없어하다	보통의 놀람보다 너무 지나친 일에 할 말을 잃어요.	驚く	놀람에 더해 실망이나 부정적인 평가가 들어가기 쉽다.	三度も同じ言い訳を聞かされて、[呆れた/あきれた]。	세 번이나 같은 변명을 듣고 [어이가 없었다].	部屋の散らかり方に[呆れて/あきれて]、母は黙って出ていった。	어머니는 어질러진 방에 [어이없어하며] 말없이 나가셨다.
AbsoluteVerb_131	칭찬하다	상대의 장점을 말로 인정해 주어요.	おだてる	추켜세우는 말은 상대를 움직이려는 목적을 띠기 쉬우며 칭찬은 좋은 점의 인정이다.	先生に字を[褒められて/ほめられて]、日記を書くのが好きになった。	선생님께 글씨를 [칭찬받아서] 일기를 쓰는 것이 좋아졌다.	できたところを先に[褒めよう/ほめよう]。	잘한 부분을 먼저 [칭찬하자].
AbsoluteVerb_134	응석을 받아 주다	필요한 훈육 없이 원하는 대로 지나치게 해 줘요.	甘える	상대에게 기대는 사람과 달리 그 응석을 받아 주는 쪽의 행동이다.	孫を[甘やかしすぎだ/あまやかしすぎだ]と、父が注意された。	손주의 [응석을 너무 받아 준다]고 아버지는 주의를 들으셨다.	何でも買って[甘やかす/あまやかす]のは、本人のためにならない。	무엇이든 사 주며 [응석을 받아 주는] 것은 본인에게 도움이 되지 않는다.
AbsoluteVerb_137	장난치다	진지하게 해야 할 때 우스꽝스럽게 굴어요.	からかう	특정 상대를 놀리는 것에 한정하지 않고 장난스럽게 행동하는 일이다.	階段で[ふざける/ふざける]と危ないよ。	계단에서 [장난치면] 위험해.	写真を撮るとき、弟だけが[ふざけていた/ふざけていた]。	사진을 찍을 때 남동생만 [장난치고 있었다].
AbsoluteVerb_140	미소 짓다	큰 소리로 웃기보다 얼굴에 조용한 웃음을 띠어요.	笑う	웃음 전체 중 소리를 크게 내지 않는 부드러운 웃음이다.	目が合うと、赤ちゃんが[微笑んだ/ほほえんだ]。	눈이 마주치자 아기가 [미소 지었다].	祖母は何も言わずに[微笑んで/ほほえんで]、うなずいた。	할머니는 아무 말씀 없이 [미소 지으며] 고개를 끄덕이셨다.
AbsoluteVerb_143	망설이다	길을 잃는 뜻도 있지만 여기서는 선택을 못 정해요.	悩む	깊은 고민보다 여러 선택 사이에서 결정을 못 하는 상황에 흔히 쓴다.	赤と青のどちらにするか、まだ[迷っている/まよっている]。	빨강과 파랑 중 무엇으로 할지 아직 [망설이고 있다].	誘いを受けるか[迷った/まよった]が、結局行くことにした。	초대를 받아들일지 [망설였지만] 결국 가기로 했다.
AbsoluteVerb_146	당황하다	침착함을 잃어 어찌할 바를 몰라요.	慌てる	당황한다는 뜻은 겹치며 이 표현은 갑작스러운 일에 갈피를 잃고 어찌할 바를 모르는 모습이 두드러진다.	突然カメラを向けられて、[うろたえた/うろたえた]。	갑자기 카메라가 나를 향하자 [당황했다].	店長が[うろたえる/うろたえる]姿を見て、問題の大きさが分かった。	점장이 [당황하는] 모습을 보고 문제의 심각성을 알았다.
AbsoluteVerb_149	곤란하다	해결하기 어려운 상황에 놓여 난처해요.	苦しむ	고통을 받는다는 뜻보다 대처하기 어려워 난처한 상태를 말한다.	終電がなくなって、駅で[困っていた/こまっていた]。	막차가 끊겨서 역에서 [난처해하고 있었다].	明日急に休まれると[困る/こまる]んですが。	내일 갑자기 쉬시면 [곤란한데요].
AbsoluteVerb_152	바라다	이루고 싶은 상태를 원하는 마음을 나타내요.	願う	의미가 겹치며 기원하는 마음보다 원하는 상태나 목표를 나타내기 쉽다.	両親は、私が健康でいることだけを[望んでいる/のぞんでいる]。	부모님은 내가 건강하게 지내기만을 [바라고 계신다].	これ以上の成功は[望まない/のぞまない]と言ったら、友人に驚かれた。	이 이상의 성공은 [바라지 않는다]고 하자 친구가 놀랐다.
AbsoluteVerb_155	기도하다	마음속 소망을 신이나 보이지 않는 힘에 빌어요.	頼む	사람에게 직접 부탁하는 것과 달리 소망의 실현을 기원한다.	試験の日、母は神社で合格を[祈った/いのった]。	시험 날 어머니는 신사에서 합격을 [비셨다].	船が無事に戻るよう、ただ[祈る/いのる]しかなかった。	배가 무사히 돌아오도록 그저 [기도할] 수밖에 없었다.
AbsoluteVerb_158	사과하다	잘못을 인정하고 미안한 마음을 전해요.	誤る	읽기는 같지만 판단을 잘못하는 뜻과 달리 잘못에 대해 사과한다.	ぶつかった相手に、すぐ[謝った/あやまった]。	부딪힌 상대에게 바로 [사과했다].	私が悪いのだから、君が[謝る/あやまる]必要はない。	내 잘못이니 네가 [사과할] 필요는 없다.
AbsoluteVerb_161	있다	사람이나 동물보다 사물의 존재를 나타내요.	いる	사람이나 동물의 존재를 말하는 동사와 달리 사물에 쓰인다.	駅の裏に、小さなパン屋が[ある/ある]。	역 뒤에 작은 빵집이 [있다].	机に[あった/あった]鍵が見つからない。誰か持っていった？	책상에 [있던] 열쇠가 보이지 않는다. 누가 가져갔어?
AbsoluteVerb_164	태어나다	부모가 낳는 행동보다 새 생명이 세상에 나와요.	産む	아이를 낳는 쪽이 아니라 태어나는 생명 쪽의 변화를 말한다.	昨日、姉に赤ちゃんが[生まれた/うまれた]。	어제 언니에게 아기가 [태어났다].	この町で[生まれた/うまれた]けれど、育ったのは別の県だ。	이 마을에서 [태어났지만] 자란 곳은 다른 현이다.
AbsoluteVerb_167	거주하다	사는 곳을 말하는 조금 문어적인 표현이에요.	住む	뜻은 같지만 일상어보다 문어적이고 운치 있는 느낌을 줄 수 있다.	作家がかつて[住まった/すまった]家が、記念館になっている。	작가가 한때 [거주했던] 집이 기념관으로 되어 있다.	海辺に[住まう/すまう]人々の暮らしを、写真に収めた。	바닷가에 [거주하는] 사람들의 생활을 사진에 담았다.
AbsoluteVerb_170	기르다	자라기만 하는 것이 아니라 돌보아 성장하게 해요.	育つ	성장하는 대상이 아니라 성장하도록 돌보는 쪽의 행동이다.	種からトマトを[育てる/そだてる]のは、今年が初めてだ。	씨앗부터 토마토를 [기르는] 것은 올해가 처음이다.	一人で三人の子を[育てた/そだてた]母を尊敬している。	혼자 아이 셋을 [키운] 어머니를 존경한다.
AbsoluteVerb_173	꽃이 피다	식물 전체의 성장보다 꽃잎이 열리는 단계예요.	開く	열리는 현상 중 꽃이 피는 일을 구체적으로 나타낸다.	玄関のバラが、今朝一輪[咲いた/さいた]。	현관의 장미가 오늘 아침 한 송이 [피었다].	桜が[咲く/さく]ころ、またこの川を歩きたい。	벚꽃이 [필] 무렵 다시 이 강가를 걷고 싶다.
AbsoluteVerb_176	시들어 마르다	꽃이 떨어지는 것과 달리 식물이 생기를 잃고 말라요.	散る	꽃잎이 떨어지는 현상보다 식물 자체가 말라 죽는 상태를 가리킨다.	留守中に、鉢の花が[枯れてしまった/かれてしまった]。	집을 비운 사이 화분의 꽃이 [시들어 버렸다].	この木が[枯れない/かれない]ように、庭師に相談した。	이 나무가 [말라 죽지 않도록] 정원사에게 상담했다.
AbsoluteVerb_179	열매가 여물다	단순히 자라는 것을 넘어 수확할 열매가 여물어요.	熟す	익는다는 뜻이 겹치며 결실을 맺는 과정에 초점을 둔다.	田んぼでは、稲が黄金色に[実っている/みのっている]。	논에서는 벼가 황금빛으로 [여물고 있다].	秋になれば、この枝にも柿が[実る/みのる]。	가을이 되면 이 가지에도 감이 [여문다].
AbsoluteVerb_182	심다	씨를 뿌리기보다 모종을 땅에 넣어요.	蒔く	씨를 흩뿌리는 것과 달리 모종 등을 심는다.	庭の隅にミントを[植えた/うえた]。	마당 구석에 민트를 [심었다].	この木は秋に[植える/うえる]予定です。	이 나무는 가을에 [심을] 예정입니다.
AbsoluteVerb_185	동물이 울다	기계음이 아니라 동물의 소리예요.	鳴る	사물의 소리가 나는 동사와 달리 동물에 쓴다.	朝早くからカラスが[鳴いている/ないている]。	이른 아침부터 까마귀가 [울고 있다].	子猫が[鳴く/なく]ので、ミルクを用意した。	아기 고양이가 [울어서] 우유를 준비했다.
AbsoluteVerb_188	사람을 따르다	동물이 경계를 풀고 사람과 친해져요.	慣れる	일이나 환경에 익숙해지는 표기와 달리 사람과 친숙해지는 뜻이다.	保護した犬が、ようやく私に[馴れた/なれた]。	보호한 개가 드디어 나를 [따르게 되었다].	この鳥は人に[馴れている/なれている]ので、肩に乗ってくる。	이 새는 사람을 [잘 따라서] 어깨에 올라온다.
AbsoluteVerb_191	신다	옷 전체보다 발에 착용하는 동작이에요.	着る	상체에 옷을 입는 것과 달리 신발을 착용할 때 쓴다.	雨だから長靴を[履こう/はこう]。	비가 오니 장화를 [신자].	急いで靴を[履いた/はいた]ら、左右が逆だった。	서둘러 신발을 [신었더니] 좌우가 반대였다.
AbsoluteVerb_194	머리에 쓰다	안경보다 모자처럼 머리를 덮는 물건이에요.	掛ける	안경을 쓰는 동작과 달리 모자 등을 머리 위에 얹는다.	外では帽子を[被って/かぶって]ね。	밖에서는 모자를 [쓰렴].	ヘルメットを[被る/かぶる]と、弟は急に真剣な顔になった。	헬멧을 [쓰자] 남동생은 갑자기 진지한 표정이 되었다.
AbsoluteVerb_197	떼다	붙이거나 고정해 둔 것을 분리해요.	取る	물건을 집거나 가져가는 행동 전반보다 부착되거나 맞물린 상태를 풀어 분리한다.	写真を撮るので、マスクを[外した/はずした]。	사진을 찍으려고 마스크를 [벗었다].	このねじを[外せば/はずせば]、カバーが取れます。	이 나사를 [빼면] 덮개가 분리됩니다.
AbsoluteVerb_200	자르다	날카로운 도구로 이어진 부분을 나누어요.	折る	꺾어서 분리하는 것과 달리 칼이나 가위 등을 쓰는 경우가 많다.	紙を星の形に[切った/きった]。	종이를 별 모양으로 [잘랐다].	野菜はもう少し薄く[切って/きって]ください。	채소는 조금 더 얇게 [썰어] 주세요.
AbsoluteVerb_203	튀기다	적은 기름으로 볶는 것과 구별해요.	炒める	뜨거운 기름 속에 넣어 익히는 방식이다.	コロッケを[揚げる/あげる]音が台所から聞こえる。	고로케를 [튀기는] 소리가 부엌에서 들린다.	春巻きを[揚げた/あげた]ら、すぐに食べよう。	춘권을 [튀기면] 바로 먹자.
AbsoluteVerb_206	재료를 삶다	국물이나 양념과 함께 재료를 가열해 부드럽게 익혀요.	ゆでる	끓는 물로 재료를 익히는 것과 겹치지만 국물이나 양념 맛을 들이며 익히는 데 자주 쓴다.	大根を柔らかくなるまで[煮た/にた]。	무를 부드러워질 때까지 [삶았다].	豆は弱火でゆっくり[煮て/にて]ください。	콩은 약한 불로 천천히 [삶아] 주세요.
AbsoluteVerb_209	물을 끓이다	재료 조리보다 액체의 온도를 올려 끓게 해요.	煮る	음식 재료를 익히는 것과 달리 물 등의 액체를 끓게 한다.	お茶を入れるから、お湯を[沸かして/わかして]。	차를 우릴 테니 물을 [끓여] 줘.	山では小さな鍋で水を[沸かした/わかした]。	산에서는 작은 냄비로 물을 [끓였다].
AbsoluteVerb_212	무치다	재료에 양념을 섞어 맛을 입혀요.	混ぜる	섞는 행위 중 식재료를 양념과 버무리는 조리법이다.	ゆでた菜の花を、からしで[和えた/あえた]。	삶은 유채나물을 겨자로 [무쳤다].	食べる直前に酢で[和える/あえる]と、色がきれいです。	먹기 직전에 식초로 [무치면] 색이 예쁩니다.
AbsoluteVerb_215	밥을 짓다	쌀이 물을 흡수하며 밥으로 익도록 조리해요.	煮る	액체 속에서 재료를 익히는 말과 겹치지만 쌀에 물을 흡수시켜 밥을 짓는 결합에 특히 흔하다.	今日は土鍋でご飯を[炊いた/たいた]。	오늘은 뚝배기로 밥을 [지었다].	何人来るか分かってから、米を[炊こう/たこう]。	몇 명이 올지 안 뒤에 밥을 [짓자].
AbsoluteVerb_218	문지르다	맞닿은 면을 비벼 마찰을 일으켜요.	撫でる	부드럽게 쓸어 주는 것보다 마찰하는 힘에 초점을 둔다.	マッチを[擦った/すった]が、火はつかなかった。	성냥을 [그었지만] 불이 붙지 않았다.	車を壁に[擦って/すって]しまい、白い線が残った。	차를 벽에 [스쳐 버려서] 흰 줄이 남았다.
AbsoluteVerb_222	차게 하다	대상의 온도를 낮추는 행동이에요. 차가워지는 대상 자체를 말하는 표현과 구별해요.	冷える	대상의 변화가 아니라 차갑게 만드는 쪽의 행동이다.	飲み物は川の水で[冷やした/ひやした]。	음료는 강물로 [차게 했다].	スイカを[冷やして/ひやして]おくから、後で食べよう。	수박을 [차게 해] 둘 테니 나중에 먹자.
AbsoluteVerb_225	배우다	누군가에게 방법이나 기술을 가르침 받아요.	覚える	외우는 결과보다 가르침을 받는 과정이다.	祖母に編み物を[習った/ならった]。	할머니께 뜨개질을 [배웠다].	泳ぎ方を[習いたい/ならいたい]ので、教室を探している。	수영하는 법을 [배우고 싶어서] 강습반을 찾고 있다.
AbsoluteVerb_228	외우다	배운 내용을 머릿속에 남겨 나중에도 떠올릴 수 있어요.	習う	가르침을 받는 과정이 아니라 기억하거나 익힌 결과에 초점을 둔다.	顔は[覚えている/おぼえている]が、名前が出てこない。	얼굴은 [기억하고 있지만] 이름이 떠오르지 않는다.	明日までに、この歌を[覚えよう/おぼえよう]。	내일까지 이 노래를 [외우자].
AbsoluteVerb_231	알다	뜻을 이해하는 것보다 사실을 알고 있는지 보세요.	分かる	이해가 되는 것과 달리 정보나 사실을 알고 있는 상태를 말한다.	閉店を[知った/しった]のは、昨日だった。	폐점 소식을 [안] 것은 어제였다.	道を[知らない/しらない]ので、一緒に来てくれませんか。	길을 [모르니] 함께 와 주시겠어요?
AbsoluteVerb_234	바라보다	순간적으로 보기보다 경치를 한동안 보아요.	見る	보는 행위 중 넓은 풍경 등을 천천히 감상하는 느낌이다.	ベンチで海を[眺めていた/ながめていた]。	벤치에서 바다를 [바라보고 있었다].	星を[眺める/ながめる]ために、町の明かりから離れた。	별을 [바라보기] 위해 마을의 불빛에서 멀리 떨어졌다.
AbsoluteVerb_237	들여다보다	좁은 틈이나 입구 너머의 안쪽을 봐요.	眺める	넓은 곳을 바라보기보다 가려진 안쪽을 보는 동작이다.	箱の中を[覗いた/のぞいた]ら、子猫が眠っていた。	상자 안을 [들여다보니] 아기 고양이가 자고 있었다.	鍵穴から[覗いて/のぞいて]も、何も見えない。	열쇠 구멍으로 [들여다봐도] 아무것도 보이지 않는다.
AbsoluteVerb_240	들리다	일부러 귀 기울이지 않아도 소리가 닿아요.	聞く	聞く는 듣는 사람이 소리를 받아들이는 행위에, 聞こえる는 소리가 귀에 닿아 들리는 상태에 초점을 둔다. 듣는 행위가 언제나 의도적인 것은 아니다.	波の音が窓から[聞こえる/きこえる]。	파도 소리가 창문으로 [들린다].	雨が強くて、電話の声が[聞こえなかった/きこえなかった]。	비가 세게 내려 전화 목소리가 [들리지 않았다].
AbsoluteVerb_243	대답하다	소리를 받았다는 신호보다 질문 내용에 응답해요.	返事する	대답한다는 뜻이 겹치며 질문의 내용에 맞는 답을 말할 때 특히 자연스럽다.	年齢を聞かれて、正直に[答えた/こたえた]。	나이를 질문받고 솔직하게 [대답했다].	そんな難しい質問には[答えられない/こたえられない]よ。	그렇게 어려운 질문에는 [대답할 수 없어].
AbsoluteVerb_246	알리다	긴 해설보다 새 사실을 상대도 알게 해요.	伝える	전달과 겹치지만 상대가 몰랐던 소식이나 사실을 알게 하는 데 초점이 있다.	予定の変更を全員に[知らせた/しらせた]。	일정 변경을 모두에게 [알렸다].	着いたら、短いメールで[知らせて/しらせて]ね。	도착하면 짧은 이메일로 [알려] 줘.
AbsoluteVerb_249	싣다	사람을 태우는 것이 아니라 글이나 사진을 매체에 실어요.	乗せる	탈것에 태우는 표기와 달리 출판물 등에 게재할 때 쓴다.	学校の新聞に、私の絵が[載せられた/のせられた]。	학교 신문에 내 그림이 [실렸다].	この写真をブログに[載せても/のせても]いいですか。	이 사진을 블로그에 [실어도] 되나요?
AbsoluteVerb_252	모습을 드러내다	감정을 표현하는 것보다 보이지 않던 모습이 나오게 해요.	表す	의미나 감정을 표현하는 표기와 달리 구체적인 모습을 드러낸다.	幕が上がり、舞台の奥から歌手が姿を[現した/あらわした]。	막이 오르고 무대 안쪽에서 가수가 모습을 [드러냈다].	犯人が姿を[現す/あらわす]まで、刑事は待ち続けた。	범인이 모습을 [드러낼] 때까지 형사는 계속 기다렸다.
AbsoluteVerb_255	오다	기준이 되는 장소 쪽으로 이동해요.	行く	기준점에서 멀어지는 것과 달리 그쪽으로 다가온다.	明日、うちへ[来ませんか/きませんか]。	내일 우리 집에 [오지 않을래요]?	頼んだタクシーがなかなか[来ない/こない]。	부른 택시가 좀처럼 [오지 않는다].
AbsoluteVerb_258	들어가다	바깥에서 안쪽으로 이동해요.	入れる	다른 것을 넣는 행동과 달리 주어 자신이 들어간다.	寒いから、早く中へ[入って/はいって]。	추우니 빨리 안으로 [들어와].	靴に小石が[入った/はいった]ので、道端で立ち止まった。	신발에 작은 돌이 [들어가서] 길가에 멈춰 섰다.
AbsoluteVerb_261	외출하다	잠깐 밖으로 나서는 것을 말하며 긴 여행에 한정되지 않아요.	出発する	출발은 여정의 개시를 강조하고 외출은 집 등의 장소에서 나가는 일이다.	傘を持たずに[出掛けた/でかけた]ことを後悔した。	우산 없이 [외출한] 것을 후회했다.	今から[出掛ける/でかける]なら、鍵を忘れないで。	지금부터 [외출할] 거라면 열쇠를 잊지 마.
AbsoluteVerb_264	들르다	최종 목적지로 곧장 가지 않고 잠시 방문해요.	訪ねる	일부러 찾아가는 방문과 겹치지만 다른 용무를 보러 가는 길에 잠깐 들르는 느낌이 강하다.	帰りに薬局へ[寄った/よった]。	돌아가는 길에 약국에 [들렀다].	近くまで来たら、気軽に[寄って/よって]ください。	근처까지 오시면 부담 없이 [들러] 주세요.
AbsoluteVerb_267	오르다	계단처럼 높이가 있는 경로를 위로 가요.	登る	등산 대상보다 계단이나 언덕 등의 경로를 위로 이동할 때 이 표기를 쓴다.	重い荷物を持って階段を[上った/のぼった]。	무거운 짐을 들고 계단을 [올랐다].	坂を[上る/のぼる]と、小さな寺が見えます。	언덕을 [오르면] 작은 절이 보입니다.
AbsoluteVerb_270	내려가다	경로를 따라 높은 곳에서 낮은 곳으로 가요.	下りる	높은 곳에서 낮은 곳으로 간다는 뜻은 겹치며 이 표현은 강이나 비탈 같은 경로를 따라 내려가는 이동을 나타내기 좋다.	川を[下って/くだって]、港に着いた。	강을 [따라 내려가서] 항구에 도착했다.	この坂を[下る/くだる]ときは、ブレーキに気をつけて。	이 언덕을 [내려갈] 때는 브레이크에 주의해.
AbsoluteVerb_273	내리다	대상의 높이나 수치를 낮춰요. 낮아지는 대상보다 낮추는 쪽의 행동이에요.	下がる	대상이 낮아지는 변화와 그 높이나 수치를 낮추는 행동을 구별한다.	写真を撮るから、手を[下げて/さげて]。	사진을 찍을 테니 손을 [내려].	椅子を少し[下げた/さげた]ら、足が床についた。	의자를 조금 [낮췄더니] 발이 바닥에 닿았다.
AbsoluteVerb_276	돌리다	무언가를 회전시켜요. 돌아가는 대상보다 돌리는 쪽의 행동이 중심이에요.	回る	대상의 회전이 아니라 회전시키는 행동이다.	ふたを右へ[回す/まわす]と閉まります。	뚜껑을 오른쪽으로 [돌리면] 닫힙니다.	子どもが地球儀を[回して/まわして]、指で国を選んだ。	아이가 지구본을 [돌려서] 손가락으로 나라를 골랐다.
AbsoluteVerb_279	말이 통하다	상대가 말의 뜻을 이해할 수 있어요.	伝える	전달하는 행동보다 서로 이해할 수 있는 상태에 초점을 둔다.	この店では英語が[通じる/つうじる]。	이 가게에서는 영어가 [통한다].	身ぶりを加えたら、やっと話が[通じた/つうじた]。	몸짓을 보탰더니 드디어 말이 [통했다].
AbsoluteVerb_282	건네다	가진 물건을 상대가 받을 수 있게 넘겨요.	受け取る	주는 쪽과 받는 쪽의 방향이 반대다.	改札の前で、妹に切符を[渡した/わたした]。	개찰구 앞에서 여동생에게 표를 [건넸다].	これは本人に直接[渡したい/わたしたい]んです。	이것은 본인에게 직접 [건네고 싶어요].
AbsoluteVerb_285	실시하다	계획한 절차나 행사를 실행하는 조금 격식 있는 말이에요.	する	행동을 넓게 나타내는 말보다 행사나 업무의 실행에 어울리는 문어적 표현이다.	来週、避難訓練を[行う/おこなう]。	다음 주에 대피 훈련을 [실시한다].	検査は別の部屋で[行われた/おこなわれた]。	검사는 다른 방에서 [실시되었다].
AbsoluteVerb_288	미끄러지다	바닥을 제대로 딛지 못하고 밀려 움직여요.	転ぶ	넘어지기 전 미끄러지기만 할 수도 있다.	ぬれた石で足が[滑った/すべった]。	젖은 돌에서 발이 [미끄러졌다].	この靴なら、雪道でも[滑りにくい/すべりにくい]。	이 신발이라면 눈길에서도 [잘 미끄러지지 않는다].
AbsoluteVerb_291	난동을 부리다	단순히 움직이는 것보다 거칠게 몸부림쳐요.	騒ぐ	소란을 피우는 것 중 특히 거친 신체 행동을 뜻한다.	捕まった魚が、バケツの中で[暴れた/あばれた]。	잡힌 물고기가 양동이 안에서 [몸부림쳤다].	店で[暴れた/あばれた]客を、警備員が外へ連れ出した。	가게에서 [난동을 부린] 손님을 경비원이 밖으로 데리고 나갔다.
AbsoluteVerb_294	편히 쉬다	일을 멈추기만 하는 것이 아니라 마음도 느긋해져요.	休む	휴식 가운데 긴장을 풀고 편안하게 지내는 느낌이 강하다.	宿の縁側で、お茶を飲んで[寛いだ/くつろいだ]。	숙소 툇마루에서 차를 마시며 [편히 쉬었다].	どうぞ上着を脱いで[寛いで/くつろいで]ください。	편하게 겉옷을 벗고 [쉬세요].
AbsoluteVerb_297	나아가다	목적지 이름보다 앞을 향해 이동하는 모습에 초점을 두어요.	行く	이동 전체보다 앞쪽으로 나아가는 진행 방향을 강조한다.	霧が濃くて、一歩も[進めなかった/すすめなかった]。	안개가 짙어서 한 걸음도 [나아갈 수 없었다].	矢印の方向へ[進んで/すすんで]ください。	화살표 방향으로 [나아가] 주세요.
AbsoluteVerb_300	팽팽하게 치다	접착해서 붙이기보다 펼쳐 당겨 고정해요.	貼る	접착하는 표기와 달리 줄이나 천을 팽팽하게 펼친다.	庭にテントを[張った/はった]。	마당에 텐트를 [쳤다].	この二本の木の間にロープを[張ろう/はろう]。	이 나무 두 그루 사이에 밧줄을 [치자].
AbsoluteVerb_304	띄우다	물 위에 뜨도록 물건을 놓아요.	浮かぶ	물건이 뜨는 상태와 달리 사람이 띄우는 행동이다.	風呂にユズを[浮かべた/うかべた]。	욕조에 유자를 [띄웠다].	紙の船を池に[浮かべる/うかべる]と、風で動き出した。	종이배를 연못에 [띄우자] 바람에 움직이기 시작했다.
AbsoluteVerb_307	팔다	돈을 내고 사는 반대편의 행동이에요.	買う	대금을 받고 물건을 넘기는 쪽이다.	使わない自転車を友人に[売った/うった]。	쓰지 않는 자전거를 친구에게 [팔았다].	この店では切手も[売っています/うっています]か。	이 가게에서는 우표도 [파나요]?
AbsoluteVerb_310	선택하다	여럿을 전부 모으지 않고 그중 마음에 드는 것을 골라요.	決める	결정은 결과를 확정하는 것이며 선택은 후보에서 골라내는 과정이다.	母への花を、妹と[選んだ/えらんだ]。	어머니께 드릴 꽃을 여동생과 [골랐다].	好きな席を[選んで/えらんで]いいそうです。	좋아하는 자리를 [골라도] 된다고 합니다.
AbsoluteVerb_313	도착하다	보낸 물건이나 소식이 받는 쪽에 이르러요.	届ける	가져다주는 행동과 달리 물건 등이 도달하는 결과다.	注文した本が、今朝[届いた/とどいた]。	주문한 책이 오늘 아침 [도착했다].	合格通知が[届く/とどく]まで、毎日郵便箱を見た。	합격 통지가 [도착할] 때까지 매일 우편함을 보았다.
AbsoluteVerb_316	축하하다	좋은 일을 함께 기뻐하며 뜻을 전해요.	喜ぶ	혼자 기뻐하는 것을 넘어 좋은 일을 기념하며 축하한다.	家族で祖父の八十歳の誕生日を[祝った/いわった]。	가족이 함께 할아버지의 여든 번째 생신을 [축하했다].	卒業を[祝う/いわう]カードに、皆で名前を書いた。	졸업을 [축하하는] 카드에 모두 이름을 적었다.
AbsoluteVerb_319	노래 부르다	가락에 맞추어 목소리를 내요.	弾く	악기를 연주하는 것이 아니라 목소리로 노래한다.	台所で父が古い歌を[歌っている/うたっている]。	부엌에서 아버지가 옛 노래를 [부르고 계신다].	最後は客席も一緒に[歌った/うたった]。	마지막에는 객석도 함께 [노래했다].
AbsoluteVerb_322	술에 취하다	술의 영향으로 평소와 상태가 달라져요.	酔う	탈것 멀미에도 쓰는 말과 달리 술에 취한 상태를 구어적으로 말한다.	一杯だけで[よっぱらって/よっぱらって]、顔が真っ赤になった。	한 잔만으로 [취해서] 얼굴이 새빨개졌다.	昨日は[よっぱらいすぎた/よっぱらいすぎた]ので、今日は飲まない。	어제는 [너무 취했으니] 오늘은 마시지 않는다.
AbsoluteVerb_325	떠들다	큰 소리나 움직임으로 소란을 만들어요. 보통의 대화보다 시끄러운 모습이에요.	話す	보통의 대화보다 시끄럽고 소란스러운 상태다.	廊下で[騒がないで/さわがないで]。まだ試験中です。	복도에서 [떠들지 마세요]. 아직 시험 중입니다.	勝利が決まると、町中が[騒いだ/さわいだ]。	승리가 확정되자 온 마을이 [들썩였다].
AbsoluteVerb_328	주다	나 또는 내 쪽에서 남에게 물건이 가요.	くれる	남이 내 쪽으로 주는 것과 방향이 다르다.	弟に使わなくなった時計を[あげた/あげた]。	남동생에게 쓰지 않는 시계를 [주었다].	その花は誰に[あげる/あげる]の？	그 꽃은 누구에게 [줄] 거야?
AbsoluteVerb_331	받다	남이 준 것을 내 쪽에서 받아요.	あげる	상대에게 주는 쪽이 아니라 받는 쪽을 주어로 삼는다.	隣の人から新鮮な卵を[もらった/もらった]。	이웃에게 신선한 달걀을 [받았다].	こんな高い物を[もらって/もらって]いいのですか。	이렇게 비싼 물건을 [받아도] 되나요?
AbsoluteVerb_335	보호하다	피해 자체를 막기보다 소중한 대상을 해로부터 지켜요.	防ぐ	위험이나 피해의 발생을 막는 말과 달리 보호할 대상을 목적어로 삼는다.	強い日差しから目を[守る/まもる]ため、帽子をかぶった。	강한 햇볕에서 눈을 [보호하려고] 모자를 썼다.	兵士は最後まで町を[守った/まもった]。	병사는 끝까지 마을을 [지켰다].
AbsoluteVerb_338	늦다	예정된 때보다 뒤에 도착하거나 진행돼요.	遅らせる	고의로 미루는 행동보다 늦어지는 상태다.	電車が[遅れて/おくれて]、映画の最初を見逃した。	전철이 [늦어져서] 영화의 시작을 놓쳤다.	面接には一分も[遅れられない/おくれられない]。	면접에는 일 분도 [늦을 수 없다].
AbsoluteVerb_341	정하다	여러 가능성 중 결론을 확정하는 행동이에요.	決まる	결정되는 상태가 아니라 결정하는 주체의 행동이다.	夕食の店は、くじで[決めた/きめた]。	저녁을 먹을 가게는 제비뽑기로 [정했다].	名前を[決める/きめる]前に、家族の意見を聞こう。	이름을 [정하기] 전에 가족의 의견을 듣자.
AbsoluteVerb_344	약속하여 만나다	미리 정한 곳에서 서로 합류해요.	出会う	우연히 만나는 것과 달리 약속이 전제된다.	映画館の入り口で[待ち合わせて/まちあわせて]から、中に入った。	영화관 입구에서 [약속하여 만난] 뒤 안으로 들어갔다.	改札は二つあるから、どちらで[待ち合わせる/まちあわせる]か決めよう。	개찰구는 두 개이니 어느 쪽에서 [만날지] 정하자.
AbsoluteVerb_348	비다	사람이 쓰던 자리나 공간이 빌 때예요.	開く	문이 열리는 표기와 달리 자리가 비는 상황에 쓴다.	窓側の席が[空いた/あいた]ので、移ってもいいですか。	창가 자리가 [비었으니] 옮겨도 될까요?	会議室が[空く/あく]まで、ロビーで待った。	회의실이 [빌] 때까지 로비에서 기다렸다.
AbsoluteVerb_351	탈것에서 내리다	여정 전체를 멈추지 않아도 타던 차에서 밖으로 나와요.	下りる	높은 곳에서 내려가는 표기와 달리 탈것에서 내릴 때 이 표기를 쓴다.	次の駅で[降りて/おりて]、地下鉄に乗り換える。	다음 역에서 [내려서] 지하철로 갈아탄다.	バスを[降りた/おりた]途端、雨が強くなった。	버스에서 [내리자마자] 비가 거세졌다.
AbsoluteVerb_355	다투다	같은 것을 얻으려고 상대와 맞서 겨루어요.	競う	경쟁의 뜻이 겹치며 이익이나 권리를 둘러싼 다툼에도 쓴다.	二人の選手が最後まで一位を[争った/あらそった]。	두 선수가 끝까지 일 위를 [다투었다].	土地をめぐって兄弟が[争っている/あらそっている]。	땅을 둘러싸고 형제가 [다투고 있다].
AbsoluteVerb_358	지다	실패 전반이 아니라 상대가 있는 승부에서 져요.	敗れる	의미가 겹치며 일상 대화에 더 흔하고 경기 외의 비교에도 폭넓게 쓰인다.	弟に将棋で[負けた/まけた]のは初めてだ。	남동생에게 장기에서 [진] 것은 처음이다.	今日は[負けても/まけても]、来年また挑戦する。	오늘은 [지더라도] 내년에 다시 도전한다.
AbsoluteVerb_361	손으로 후려치다	손으로 세게 때리는 거친 구어 표현이에요.	叩く	두드리기까지 넓게 뜻하는 말보다 손으로 강하게 치는 느낌이 두드러진다.	彼は蚊が止まった腕を[ひっぱたいた/ひっぱたいた]。	그는 모기가 앉은 팔을 [후려쳤다].	怒って人を[ひっぱたく/ひっぱたく]のは、絶対にやめて。	화가 나서 사람을 [후려치는] 것은 절대로 하지 마.
AbsoluteVerb_364	얽히다	실이나 줄이 서로 걸려 잘 풀리지 않아요.	結ぶ	의도적으로 매듭짓는 것과 달리 복잡하게 엉킨 상태다.	釣り糸が枝に[絡んだ/からんだ]。	낚싯줄이 나뭇가지에 [얽혔다].	コードが[絡まない/からまない]ように、別々の袋に入れた。	코드가 [엉키지 않도록] 별개의 봉지에 넣었다.
AbsoluteVerb_367	속이다	거짓말 등의 방법으로 상대가 잘못 믿게 해요.	嘘をつく	거짓말은 속이는 수단 중 하나이며 말 없이도 행동이나 사진으로 속일 수 있다.	偽の写真で客を[だました/だました]店が、問題になった。	가짜 사진으로 손님을 [속인] 가게가 문제가 되었다.	そんな話で私を[だませる/だませる]と思わないで。	그런 이야기로 나를 [속일 수 있다고] 생각하지 마.
AbsoluteVerb_370	호소하다	괴로움이나 필요를 남이 알아주도록 강하게 전해요.	説明する	중립적으로 설명하기보다 도움이나 이해를 구하는 성격이 강하다.	患者は胸の痛みを[訴えた/うったえた]。	환자는 가슴 통증을 [호소했다].	水不足を[訴える/うったえる]村へ、支援の車が向かった。	물 부족을 [호소하는] 마을로 지원 차량이 향했다.
AbsoluteVerb_373	불태우다	불에 타는 대상보다, 무언가를 불로 태우는 쪽의 행동이에요.	燃える	타는 대상보다 태우는 주체의 행동이다.	古い手紙を[燃やした/もやした]ことを、今は後悔している。	옛 편지를 [태운] 것을 지금은 후회하고 있다.	ここで落ち葉を[燃やさないで/もやさないで]ください。	여기서 낙엽을 [태우지 말아] 주세요.
AbsoluteVerb_376	부딪치다	몸이나 물건을 다른 것에 닿게 해 충격을 줘요.	ぶつかる	충돌하는 현상과 달리 무엇을 어디에 부딪치는지 나타낸다.	棚に頭を[ぶつけた/ぶつけた]。	선반에 머리를 [부딪쳤다].	家具を壁に[ぶつけない/ぶつけない]ように運ぼう。	가구를 벽에 [부딪치지 않도록] 나르자.
AbsoluteVerb_379	피하다	다가오는 것을 비켜 순간적으로 충돌을 막아요.	逃げる	멀리 달아나는 것보다 몸을 비켜 맞지 않게 한다.	飛んできたボールを[よけた/よけた]。	날아온 공을 [피했다].	水たまりを[よけて/よけて]歩いたら、靴はぬれずに済んだ。	물웅덩이를 [피해서] 걸었더니 신발이 젖지 않았다.
AbsoluteVerb_382	숨기다	남에게 보이지 않도록 가려 두어요.	隠れる	자신이 숨는 것과 달리 다른 대상을 보이지 않게 한다.	プレゼントをベッドの下に[隠した/かくした]。	선물을 침대 아래에 [숨겼다].	失敗を[隠しても/かくしても]、後で分かりますよ。	실패를 [숨겨도] 나중에 알게 됩니다.
AbsoluteVerb_385	붙잡다	도망가거나 움직이는 대상을 잡아 놓아요.	捕まる	잡히는 쪽이 아니라 잡는 쪽의 행동이다.	逃げたウサギを、やっと[捕まえた/つかまえた]。	도망간 토끼를 겨우 [붙잡았다].	駅前ならタクシーを[捕まえられる/つかまえられる]と思う。	역 앞이라면 택시를 [잡을 수 있을] 것 같다.
AbsoluteVerb_388	일하다	특정 회사 소속 여부보다 실제 노동하는 행동이에요.	勤める	소속된 직장을 나타내는 말에 비해 일하는 활동 자체에 초점을 둔다.	母は港の近くの食堂で[働いている/はたらいている]。	어머니는 항구 근처 식당에서 [일하고 계신다].	昨日は遅くまで[働いた/はたらいた]ので、今日はゆっくりしたい。	어제는 늦게까지 [일했으니] 오늘은 느긋하게 쉬고 싶다.
AbsoluteVerb_391	역할을 맡다	직장에 다니는 뜻과 구별해 특정 임무를 담당해요.	勤める	직장 근무를 뜻하는 표기와 달리 역할이나 임무를 맡을 때 쓴다.	結婚式で司会を[務めた/つとめた]。	결혼식에서 사회를 [맡았다].	会長を[務める/つとめる]には、皆の信頼が必要だ。	회장을 [맡으려면] 모두의 신뢰가 필요하다.
AbsoluteVerb_394	책임을 지다	책임을 맡아 감당하는 뜻이며 짐의 크기를 말하는 것은 아니에요.	背負う	책임을 짊어진다는 뜻이 겹치며 책임 관계를 직접 말하는 표현에 흔하다.	判断をした私が責任を[負います/おいます]。	판단한 제가 책임을 [지겠습니다].	彼一人に全ての責任を[負わせる/おわせる]べきではない。	그 한 사람에게 모든 책임을 [지게 해서는] 안 된다.
AbsoluteVerb_397	그만두다	잠깐 멈추기보다 하던 일을 끝내거나 포기해요.	止める	같은 표기라도 잠시 정지시키는 읽기와 여기서의 그만두는 읽기가 다르다.	健康のために、夜食を[止めた/やめた]。	건강을 위해 야식을 [그만두었다].	雨が強いから、今日の散歩は[止めよう/やめよう]。	비가 세게 오니 오늘 산책은 [그만두자].
AbsoluteVerb_400	힘쓰다	단발적인 시도보다 꾸준히 부지런히 노력해요.	頑張る	의미가 겹치며 공부나 훈련에 꾸준히 매진한다는 조금 격식 있는 느낌이다.	退院後もリハビリに[励んだ/はげんだ]。	퇴원 뒤에도 재활에 [힘썼다].	日々練習に[励む/はげむ]姿を見て、応援したくなった。	매일 연습에 [힘쓰는] 모습을 보고 응원하고 싶어졌다.
AbsoluteVerb_403	고개를 끄덕이다	말 대신 머리를 세로로 움직여 동의해요.	首を振る	대체로 부정하는 가로 움직임과 달리 동의하는 세로 움직임이다.	返事の代わりに、彼は小さく[うなずいた/うなずいた]。	대답 대신 그는 가볍게 [고개를 끄덕였다].	みんなが[うなずいた/うなずいた]ので、その案で進めた。	모두 [고개를 끄덕였으므로] 그 안으로 진행했다.
AbsoluteVerb_406	양보하다	빌려주는 것과 달리 내 몫을 상대에게 넘겨줄 수 있어요.	貸す	돌려받는 것이 전제되지 않으며 자리나 우선권도 내줄 수 있다.	荷物の多い人に席を[譲った/ゆずった]。	짐이 많은 사람에게 자리를 [양보했다].	最後の一切れは、妹に[譲ろう/ゆずろう]。	마지막 한 조각은 여동생에게 [양보하자].
AbsoluteVerb_409	우연히 만나다	미리 약속하지 않았는데 마주쳐요.	待ち合わせる	약속한 만남과 달리 뜻밖의 만남을 나타내기 쉽다.	旅先で中学の先生に[出会った/であった]。	여행지에서 중학교 선생님을 [우연히 만났다].	この道では、珍しい動物に[出会える/であえる]かもしれない。	이 길에서는 희귀한 동물을 [만날 수 있을]지도 모른다.
AbsoluteVerb_412	헤어지다	함께 있던 사람이 각자 다른 곳으로 가요.	分かれる	갈라지는 일반적 표기와 달리 사람 사이의 이별에 쓴다.	友達とは駅前で[別れた/わかれた]。	친구와는 역 앞에서 [헤어졌다].	ここで[別れる/わかれる]前に、写真を撮ろう。	여기서 [헤어지기] 전에 사진을 찍자.
AbsoluteVerb_415	배웅하다	함께 끝까지 가는 것이 아니라 떠나는 사람을 보내요.	送る	목적지까지 동행할 수도 있는 말에 비해 출발을 지켜보며 배웅하는 데 초점이 있다.	出発する船を、岸から[見送った/みおくった]。	출발하는 배를 물가에서 [배웅했다].	私を[見送る/みおくる]ために空港まで来てくれて、ありがとう。	나를 [배웅하려고] 공항까지 와 줘서 고마워.
AbsoluteVerb_418	신경 쓰다	남의 상태나 시선을 마음에 두고 신경 쓰는 뜻이에요.	気にする	의미가 겹치며 부정형에서 상대를 신경 쓰거나 돌보지 않아도 된다는 말에 흔하다.	周りの目に[構わず/かまわず]、好きな服を着たい。	주변 시선을 [신경 쓰지 않고] 좋아하는 옷을 입고 싶다.	私には[構わないで/かまわないで]、先に食べてください。	저는 [신경 쓰지 말고] 먼저 드세요.
AbsoluteVerb_421	빌리다	갖고 있던 것을 빌려주는 반대쪽이에요.	貸す	물건을 잠시 받아 쓰는 사람이 주어다.	作業のため、隣の家からはしごを[借りた/かりた]。	작업하려고 이웃집에서 사다리를 [빌렸다].	ちょっとペンを[借りたい/かりたい]んだけど、今使ってる？	잠깐 펜을 [빌리고 싶은데] 지금 쓰고 있어?
AbsoluteVerb_425	맡기다	내 물건을 다른 사람이 보관하게 해요.	預かる	보관을 부탁하는 쪽과 받아 보관하는 쪽이 반대다.	買い物の間、犬を姉に[預けた/あずけた]。	쇼핑하는 동안 개를 언니에게 [맡겼다].	貴重品はホテルの金庫に[預けましょう/あずけましょう]。	귀중품은 호텔 금고에 [맡깁시다].
AbsoluteVerb_428	공제하다	전체 금액에서 정해진 항목만큼 빼요.	減らす	줄이는 행동 중 일정액을 전체에서 공제하는 방식이다.	送料を[差し引く/さしひく]と、利益はわずかだ。	배송비를 [공제하면] 이익은 얼마 안 된다.	税金を[差し引いた/さしひいた]額が振り込まれた。	세금을 [공제한] 금액이 입금되었다.
AbsoluteVerb_431	버리다	정리해서 보관하는 것이 아니라 처분해요.	片付ける	정리는 보관도 포함하지만 버리기는 더 이상 갖고 있지 않도록 한다.	壊れた傘を[捨てる/すてる]場所を調べた。	고장 난 우산을 [버릴] 곳을 알아보았다.	その箱は工作に使うから、[捨てないで/すてないで]。	그 상자는 만들기에 쓸 테니 [버리지 마].
AbsoluteVerb_434	더듬어 찾다	위치를 몰라 손의 감각으로 더듬어 찾아요.	探す	찾는 행동 중 손으로 더듬거나 드러나지 않은 것을 알아내는 데 쓴다.	暗闇で壁を[探って/さぐって]、スイッチを見つけた。	어둠 속에서 벽을 [더듬어서] 스위치를 찾았다.	ポケットの中を[探った/さぐった]が、鍵はなかった。	주머니 안을 [더듬어 보았지만] 열쇠는 없었다.
AbsoluteVerb_437	얻다	누가 건네주지 않아도 경험이나 허가를 손에 넣어요.	もらう	상대에게 받아 얻는 뜻보다 노력이나 절차로 획득하는 범위가 넓다.	留学で貴重な経験を[得た/えた]。	유학으로 소중한 경험을 [얻었다].	撮影の許可を[得る/える]まで、カメラは出さなかった。	촬영 허가를 [얻을] 때까지 카메라는 꺼내지 않았다.
AbsoluteVerb_440	정리되다	누가 치우는 행동보다 공간이 정돈된 결과예요.	片付ける	정리하는 사람보다 정리되는 대상이 주어다.	みんなで運んだら、倉庫がすぐ[片付いた/かたづいた]。	함께 나르니 창고가 금방 [정리되었다].	机が[片付かない/かたづかない]と、勉強する気になれない。	책상이 [정리되지 않으면] 공부할 마음이 들지 않는다.
AbsoluteVerb_443	모두 갖추다	필요한 것을 빠짐없이 준비해요.	集める	모으는 데서 더 나아가 필요한 구성을 모두 갖춘다.	出発前に、登山の道具を[揃えた/そろえた]。	출발 전에 등산 장비를 [모두 갖췄다].	印鑑まで[揃える/そろえる]必要はありません。今日は相談だけです。	도장까지 [갖출] 필요는 없습니다. 오늘은 상담만 합니다.
AbsoluteVerb_446	모이다	여러 사람이 한곳으로 와서 함께 있어요.	集める	사람들을 모으는 행동과 달리 사람들이 직접 모인다.	噴水の周りに観光客が[集まった/あつまった]。	분수 주위에 관광객이 [모였다].	全員が[集まる/あつまる]まで、乾杯は待とう。	모두 [모일] 때까지 건배는 기다리자.
AbsoluteVerb_449	시작하다	일이 시작되는 쪽이 아니라, 누군가 새로운 활동을 시작하는 행동이에요.	始まる	진행이 개시되는 상태와 달리 시작하는 주체의 행동이다.	定年後にピアノを[始めた/はじめた]。	정년퇴직 뒤 피아노를 [시작했다].	準備ができたら、録音を[始めます/はじめます]。	준비가 되면 녹음을 [시작하겠습니다].
AbsoluteVerb_452	넣어 두다	버리지 않고 다시 쓸 장소에 넣어 두어요.	片付ける	정돈 전반보다 물건을 보관 장소 안에 넣는 동작에 초점을 둔다.	冬の服を押し入れに[しまった/しまった]。	겨울옷을 벽장에 [넣어 두었다].	使った道具は、元の箱に[しまって/しまって]ね。	사용한 도구는 원래 상자에 [넣어 둬].
AbsoluteVerb_455	완성되다	만드는 과정이 끝나 온전한 결과물이 돼요.	作る	제작하는 행동보다 완성되는 결과를 말한다.	注文した指輪が[出来上がった/できあがった]。	주문한 반지가 [완성되었다].	模型が[出来上がる/できあがる]まで、子どもは夕食も忘れていた。	모형이 [완성될] 때까지 아이는 저녁 식사도 잊고 있었다.
AbsoluteVerb_458	부탁하다	명령보다 상대에게 해 주기를 요청해요.	命じる	권한으로 시키기보다 상대에게 요청한다.	隣の人に、留守中の水やりを[頼んだ/たのんだ]。	이웃에게 집을 비운 동안 물 주기를 [부탁했다].	こんなこと、君にしか[頼めない/たのめない]。	이런 일은 너에게밖에 [부탁할 수 없어].
AbsoluteVerb_461	돕다	재난 구조뿐 아니라 힘든 일의 부담을 덜어 줄 때도 써요.	救う	구조의 뜻은 겹치지만 일상적인 작업과 곤란을 돕는 범위도 넓다.	一人で店を回せず困っていた私を、姉が[助けて/たすけて]くれた。	혼자 가게를 꾸리지 못해 곤란해하던 나를 언니가 [도와] 주었다.	重い荷物を運ぶのを[助けて/たすけて]ください。	무거운 짐 나르는 것을 [도와] 주세요.
AbsoluteVerb_464	유용하게 쓰다	쓸모가 있기만 한 것이 아니라 직접 활용해요.	役立つ	도움이 되는 상태와 달리 도움이 되도록 활용하는 행동이다.	旅の経験を、授業に[役立てた/やくだてた]。	여행 경험을 수업에 [유용하게 썼다].	この寄付を子どもの教育に[役立てて/やくだてて]ほしい。	이 기부금을 아이들의 교육에 [유용하게 써] 주었으면 한다.
AbsoluteVerb_467	거절하다	권유나 요청을 받아들이지 않겠다고 전해요.	拒む	거부와 겹치지만 일상적인 초대나 제의를 정중하게 사양할 때도 흔하다.	取材の申し込みは、家族の事情で[断った/ことわった]。	취재 신청은 가족 사정 때문에 [거절했다].	駅前で配られた試供品は、荷物になるので[断った/ことわった]。	역 앞에서 나누어 주는 견본품은 짐이 되어서 [거절했다].
AbsoluteVerb_472	깨다	딱딱한 물건을 여러 조각으로 나눠요.	割れる	물건이 깨지는 현상이 아니라 깨뜨리는 행동이다.	皿を[割って/わって]しまい、母に謝った。	접시를 [깨뜨려] 버려서 어머니께 사과했다.	氷を小さく[割る/わる]ため、袋に入れてたたいた。	얼음을 작게 [깨려고] 봉지에 넣고 두드렸다.
AbsoluteVerb_475	맞추다	기준과 어긋나지 않도록 조정해요.	合う	서로 맞는 상태와 달리 맞도록 조절한다.	時計を駅の表示に[合わせた/あわせた]。	시계를 역의 표시에 [맞췄다].	子どもの歩く速さに[合わせて/あわせて]進もう。	아이가 걷는 속도에 [맞춰서] 가자.
AbsoluteVerb_478	잘못 판단하다	미안하다고 말하는 동사와 소리는 같아요.	謝る	동음이지만 사과가 아니라 판단이나 방법의 잘못이다.	曲がる場所を[誤って/あやまって]、遠回りした。	회전할 곳을 [잘못 판단해서] 돌아갔다.	一度判断を[誤った/あやまった]だけで、諦める必要はない。	한 번 판단을 [그르쳤다고] 포기할 필요는 없다.
AbsoluteVerb_481	옮기다	자신이 다른 자리나 장소로 이동해요.	移す	다른 대상을 옮기는 것과 달리 주어 자체가 이동한다.	日差しが強くて、日陰の席へ[移った/うつった]。	햇볕이 강해서 그늘 자리로 [옮겼다].	雨が強くなり、野外の観客は屋根の下へ[移った/うつった]。	비가 거세져 야외 관객은 지붕 아래로 [옮겼다].
AbsoluteVerb_484	보내다	물건이나 소식이 상대 쪽으로 가게 해요.	届く	받는 곳에 닿는 결과와 달리 출발시키는 행동이다.	実家へ旅先の写真を[送った/おくった]。	본가에 여행지 사진을 [보냈다].	壊れ物なので、普通の箱では[送れない/おくれない]。	깨지기 쉬운 물건이라 일반 상자로는 [보낼 수 없다].
AbsoluteVerb_487	곁들이다	중심이 되는 것에 작은 것을 더해요.	加える	추가하는 뜻 중 주된 것 옆에 보조적으로 덧붙이는 느낌이다.	贈り物に短い手紙を[添えた/そえた]。	선물에 짧은 편지를 [곁들였다].	魚にレモンを[添える/そえる]と、皿が華やかになる。	생선에 레몬을 [곁들이면] 접시가 화사해진다.
AbsoluteVerb_490	포개다	옆으로 늘어놓지 않고 위아래로 겹쳐요.	並べる	옆으로 배열하는 것과 달리 겹치도록 쌓는다.	皿を[重ねて/かさねて]、棚へ戻した。	접시를 [포개서] 선반에 돌려놓았다.	薄い紙を十枚[重ねた/かさねた]ら、光が通らなくなった。	얇은 종이를 열 장 [포갰더니] 빛이 통하지 않게 되었다.
AbsoluteVerb_493	늘리다	양이 많아지는 것이 아니라 많게 만들어요.	増える	수량이 늘어나는 상태와 달리 늘리는 행동이다.	野菜を食べる量を[増やした/ふやした]。	채소를 먹는 양을 [늘렸다].	席を二つ[増やせます/ふやせます]か。	자리를 두 개 [늘릴 수 있나요]?
AbsoluteVerb_496	깎다	표면을 조금씩 잘라 없애요.	切る	단번에 자르는 것보다 표면을 얇게 제거하는 행동이다.	鉛筆をナイフで[削った/けずった]。	연필을 칼로 [깎았다].	木を[削る/けずる]音が、工房から聞こえる。	나무를 [깎는] 소리가 공방에서 들린다.
AbsoluteVerb_499	줄어들다	길이나 크기가 전보다 작아져요.	縮める	줄이는 행동과 달리 대상 자체가 작아진다.	洗ったら、セーターが[縮んだ/ちぢんだ]。	빨았더니 스웨터가 [줄어들었다].	この布は水で[縮みやすい/ちぢみやすい]ので、気をつけて。	이 천은 물에 [잘 줄어드니] 조심해.
AbsoluteVerb_502	고이다	돈을 저축한다는 뜻과 구별해 물 등이 한곳에 모여요.	貯まる	자연 축적에는 이 표기를 쓰며 돈이 저축되는 경우는 다른 표기가 흔하다.	雨水がバケツに[溜まった/たまった]。	빗물이 양동이에 [고였다].	排水口が詰まり、水が[溜まっている/たまっている]。	배수구가 막혀 물이 [고여 있다].
AbsoluteVerb_505	고장 내다	물건이 제대로 작동하지 못하게 해요.	壊れる	고장 나는 상태가 아니라 고장 내는 행동이다.	借りたカメラを[壊して/こわして]しまった。	빌린 카메라를 [고장 내] 버렸다.	乱暴に扱うと、また[壊す/こわす]よ。	거칠게 다루면 또 [고장 낼] 거야.
AbsoluteVerb_508	무너지다	쌓여 있던 모양을 유지하지 못해 내려앉아요.	崩す	무너뜨리는 행동과 달리 대상이 무너지는 변화다.	積んだ箱が突然[崩れた/くずれた]。	쌓아 놓은 상자가 갑자기 [무너졌다].	砂の城が波で[崩れていく/くずれていく]のを見ていた。	모래성이 파도에 [무너져 가는] 것을 보고 있었다.
AbsoluteVerb_512	찢어지다	종이나 천이 갈라져 틈이 생겨요.	破る	찢는 행동이 아니라 대상이 찢어지는 변화다.	古い旗が強風で[破れた/やぶれた]ので、祭りの前に新調した。	오래된 깃발이 강풍에 [찢어져서] 축제 전에 새로 마련했다.	この地図は古いので、すぐ[破れる/やぶれる]。	이 지도는 오래되어서 금방 [찢어진다].
AbsoluteVerb_516	바꾸다	원래 상태와 다른 상태로 만들어요.	変わる	변화가 일어나는 것과 달리 변화시키는 행동이다.	春なので、髪の色を明るく[変えた/かえた]。	봄이라서 머리 색을 밝게 [바꿨다].	予定を[変える/かえる]なら、早めに教えて。	일정을 [바꿀] 거라면 일찍 알려 줘.
AbsoluteVerb_519	차가워지다	남이 식히는 행동보다 온도가 내려간 상태예요.	冷やす	차게 하는 주체의 행동이 아니라 대상의 변화다.	夜になると、山の空気が急に[冷えた/ひえた]。	밤이 되자 산 공기가 갑자기 [차가워졌다].	ご飯が[冷える/ひえる]前に、席についてください。	밥이 [식기] 전에 자리에 앉으세요.
AbsoluteVerb_522	메우다	구멍의 입구만 막기보다 빈 내부를 채워요.	塞ぐ	통로를 차단하는 뜻과 달리 빈 공간을 채워 없애는 데 초점이 있다.	犬が掘った穴を土で[埋めた/うめた]。	개가 판 구멍을 흙으로 [메웠다].	このすき間を[埋めれば/うめれば]、風が入らなくなる。	이 틈을 [메우면] 바람이 들어오지 않게 된다.
AbsoluteVerb_525	막다	틈을 모두 채우지 않아도 통하지 못하게 막아요.	埋める	빈 내부를 채우기보다 입구나 통로를 차단하는 데 초점이 있다.	大きな岩が道を[塞いでいる/ふさいでいる]。	큰 바위가 길을 [막고 있다].	穴を布で[塞いだ/ふさいだ]が、水はまだ漏れた。	구멍을 천으로 [막았지만] 물은 여전히 샜다.
AbsoluteVerb_529	돌다	진행하던 길에서 방향을 바꾸어요.	曲げる	물건을 구부리는 것과 달리 주어가 방향을 바꾼다.	次の角を右に[曲がって/まがって]ください。	다음 모퉁이에서 오른쪽으로 [도세요].	細い道へ[曲がった/まがった]ら、急に静かになった。	좁은 길로 [돌아섰더니] 갑자기 조용해졌다.
AbsoluteVerb_533	더러워지다	누가 더럽히는 동작보다 때가 묻은 결과예요.	汚す	더럽게 만드는 행동과 달리 대상에 오염이 생긴다.	畑で遊んで、靴が[汚れた/よごれた]。	밭에서 놀아서 신발이 [더러워졌다].	白い服は[汚れやすい/よごれやすい]から、今日は着ない。	흰옷은 [쉽게 더러워지니] 오늘은 입지 않는다.
AbsoluteVerb_536	살이 빠지다	몸무게나 살이 줄어드는 변화예요.	細い	몸이 가는 상태보다 이전보다 살이 줄어든 변화다.	久しぶりに会った兄は、少し[痩せていた/やせていた]。	오랜만에 만난 형은 조금 [살이 빠져 있었다].	急に[痩せた/やせた]ので、家族が心配した。	갑자기 [살이 빠져서] 가족이 걱정했다.
AbsoluteVerb_539	궁지에 몰리다	더 미룰 여유나 빠져나갈 길이 거의 없어요.	困る	난처함보다 대응 여유가 없어진 절박한 상태다.	締め切り前に[切羽詰まって/せっぱつまって]、友人に手伝いを頼んだ。	마감 전에 [궁지에 몰려서] 친구에게 도움을 부탁했다.	[切羽詰まる/せっぱつまる]まで、彼は誰にも相談しなかった。	[궁지에 몰릴] 때까지 그는 아무에게도 상담하지 않았다.
AbsoluteVerb_543	흔들리다	고정되지 않은 것이 좌우 등으로 움직여요.	揺らす	흔드는 쪽의 행동과 달리 대상이 흔들린다.	風でカーテンが[揺れている/ゆれている]。	바람에 커튼이 [흔들리고 있다].	橋が[揺れた/ゆれた]ので、思わず手すりを握った。	다리가 [흔들려서] 나도 모르게 난간을 쥐었다.
AbsoluteVerb_546	보충하다	모자란 부분을 채워 충분하게 해요.	増やす	무조건 늘리는 것이 아니라 부족한 점을 메운다.	足りない費用を、貯金で[補った/おぎなった]。	부족한 비용을 저축으로 [보충했다].	説明を[補う/おぎなう]ために、図を一枚加えた。	설명을 [보충하려고] 그림을 한 장 더했다.
AbsoluteVerb_549	초과하다	정해진 수나 수준보다 커져요.	越える	장소나 경계를 넘는 표기와 달리 수치나 한도를 넘는다.	参加者が百人を[超えた/こえた]。	참가자가 백 명을 [넘었다].	予算を[超えない/こえない]ように、材料を選んだ。	예산을 [초과하지 않도록] 재료를 골랐다.
AbsoluteVerb_552	펼치다	닫힌 것을 열기보다 접힌 면적을 넓혀요.	開く	열기와 겹치며 접힌 지도나 우산을 넓게 펴는 행동을 강조한다.	床に大きな地図を[広げた/ひろげた]。	바닥에 큰 지도를 [펼쳤다].	ここで傘を[広げる/ひろげる]と、人に当たるよ。	여기서 우산을 [펼치면] 사람에게 닿아.
AbsoluteVerb_555	포함하다	범위 안에 들어 있는 요소를 말해요.	入れる	넣는 행동보다 전체가 구성 요소를 지닌 관계에 초점을 둔다.	この料金は朝食を[含んでいます/ふくんでいます]。	이 요금은 아침 식사를 [포함합니다].	税金を[含む/ふくむ]と、予想より高かった。	세금을 [포함하면] 예상보다 비쌌다.
AbsoluteVerb_558	남기다	모두 쓰거나 먹지 않고 일부가 있게 해요.	残る	남는 상태가 아니라 남도록 하는 행동이다.	弟のために、ケーキを一切れ[残した/のこした]。	남동생을 위해 케이크를 한 조각 [남겼다].	急いでいても、食事を[残さない/のこさない]ようにしている。	급해도 식사를 [남기지 않으려고] 한다.
AbsoluteVerb_561	넣어 두다	정해진 자리에 단정히 들어가게 해요.	納める	납부나 납품의 표기와 달리 물건을 안에 수용하는 뜻이다.	刀をさやに[収めた/おさめた]。	칼을 칼집에 [넣었다].	集めた切手をアルバムに[収める/おさめる]のが楽しみだ。	모은 우표를 앨범에 [넣는] 것이 즐겁다.
AbsoluteVerb_565	지나다	정해진 시점을 넘어 시간이 흘러요.	過ごす	시간을 보내는 사람의 행동보다 시간이 경과한다.	気づくと、もう正午を[過ぎていた/すぎていた]。	정신을 차려 보니 벌써 정오가 [지나 있었다].	夏が[過ぎる/すぎる]と、この海辺は静かになる。	여름이 [지나면] 이 바닷가는 조용해진다.
AbsoluteVerb_568	미루다	일정의 끝이나 날짜를 뒤로 옮겨요.	伸ばす	물리적 길이나 성장을 늘리는 표기와 달리 시간에 쓴다.	雨のため、運動会を一週間[延ばした/のばした]。	비 때문에 운동회를 일주일 [미뤘다].	結論をこれ以上[延ばせない/のばせない]と、部長に言われた。	결론을 더 이상 [미룰 수 없다]고 부장에게 들었다.
AbsoluteVerb_571	마련하다	기회나 공간을 새로 준비해 두어요.	儲ける	돈을 버는 동사와 소리가 같지만 뜻이 다르다.	質問の時間を十分に[設けた/もうけた]。	질문 시간을 충분히 [마련했다].	会場には子ども用の席も[設けられている/もうけられている]。	행사장에는 어린이용 자리도 [마련되어 있다].
AbsoluteVerb_575	트이다	문을 여는 행동이 아니라 눈앞 공간이 넓게 보여요.	開ける	같은 표기의 다른 읽기인 문을 여는 행동과 구별한다.	森を抜けると、急に視界が[開けた/ひらけた]。	숲을 빠져나오자 갑자기 시야가 [트였다].	前が[開けている/ひらけている]ので、この席から海が見える。	앞이 [트여 있어서] 이 자리에서는 바다가 보인다.
AbsoluteVerb_578	맞다	날아온 물체가 목표나 몸에 닿아요.	当てる	맞히는 행동이 아니라 물체가 맞는 현상이다.	ボールが窓に[当たった/あたった]。	공이 창문에 [맞았다].	矢が的に[当たる/あたる]と、歓声が上がった。	화살이 과녁에 [맞자] 환호성이 터졌다.
AbsoluteVerb_581	적용하다	규칙이나 틀에 구체적인 사례를 넣어 보아요.	当てはまる	규칙에 맞는 상태보다 맞춰 적용하는 행동이다.	習った公式を、この問題に[当てはめた/あてはめた]。	배운 공식을 이 문제에 [적용했다].	一つの例を全員に[当てはめないで/あてはめないで]ほしい。	한 가지 사례를 모두에게 [적용하지 않았으면] 한다.
AbsoluteVerb_584	수반하다	한 일과 함께 다른 결과나 부담이 따라와요.	伴わせる	어떤 일에 다른 일이 함께 따라오는 관계와 무엇을 함께 따르게 하는 사역 표현을 구별한다.	工事には大きな音が[伴う/ともなう]。	공사에는 큰 소음이 [따른다].	危険を[伴う/ともなう]仕事なので、事前に訓練を受けた。	위험이 [따르는] 일이라서 사전에 훈련을 받았다.
AbsoluteVerb_587	줄 서다	사람들이 차례대로 한 줄을 만들어요.	並べる	남을 배열하는 것이 아니라 스스로 줄에 선다.	開店前から、入口に客が[並んでいた/ならんでいた]。	개점 전부터 입구에 손님이 [줄 서 있었다].	最後尾はこちらです。一列に[並んで/ならんで]ください。	맨 끝은 여기입니다. 한 줄로 [서] 주세요.
AbsoluteVerb_590	뽑다	그냥 옮기기보다 박히거나 끼인 것을 빼내요.	取る	취하는 행동 중 안쪽에 끼거나 박힌 것을 밖으로 뽑는 방식이다.	板から古い釘を[抜いた/ぬいた]。	판자에서 오래된 못을 [뽑았다].	充電が終わったら、プラグを[抜いて/ぬいて]ください。	충전이 끝나면 플러그를 [뽑아] 주세요.
AbsoluteVerb_593	널어 말리다	말리기 위해 바람이나 햇볕에 내놓아요.	乾かす	말리는 방법 중 공기나 햇볕에 노출하는 행동이다.	母は庭で大根を[干している/ほしている]。	어머니는 마당에서 무를 [널어 말리고 계신다].	外に[干した/ほした]タオルを、雨の前に取り込んだ。	밖에 [널어 둔] 수건을 비가 오기 전에 걷었다.
AbsoluteVerb_596	말리다	젖은 물건의 수분을 없애요.	乾く	마르는 대상보다 말리는 주체의 행동이다.	ドライヤーで髪を[乾かした/かわかした]。	드라이어로 머리를 [말렸다].	靴を[乾かす/かわかす]ため、中に新聞紙を入れた。	신발을 [말리려고] 안에 신문지를 넣었다.
AbsoluteVerb_599	축축해지다	흠뻑 젖는 것보다 습기를 머금어요.	濡れる	많은 물에 젖는 것보다 약한 습기를 띠는 데 자주 쓴다.	袋を開けたままにして、せんべいが[湿った/しめった]。	봉지를 연 채 두어서 쌀과자가 [눅눅해졌다].	[湿った/しめった]土から、春の匂いがした。	[축축한] 흙에서 봄 냄새가 났다.
AbsoluteVerb_602	쬐다	햇빛 등을 몸에 직접 받아요.	浴びせる	남에게 쏟는 행동과 달리 자신이 받는다.	朝日を[浴びて/あびて]、ベランダで伸びをした。	아침 햇살을 [쬐며] 베란다에서 기지개를 켰다.	日光を[浴びる/あびる]時間が、冬は少なくなる。	햇빛을 [쬐는] 시간이 겨울에는 줄어든다.
AbsoluteVerb_605	향하게 하다	몸이나 물건의 방향을 원하는 쪽으로 바꿔요.	向く	주어가 어느 쪽을 향하는 것과, 얼굴이나 물건을 목적어로 삼아 그 방향을 바꾸는 것을 구별한다.	カメラを空に[向けた/むけた]。	카메라를 하늘로 [향하게 했다].	こちらに顔を[向けて/むけて]、少し笑ってください。	이쪽으로 얼굴을 [돌리고] 조금 웃어 주세요.
AbsoluteVerb_608	동경하다	멀리 있거나 이상적인 대상을 그리며 닮고 싶어 해요.	羨む	남이 가진 것을 부러워하는 것보다 이상적인 대상으로 마음이 향한다.	子どものころ、宇宙飛行士に[憧れていた/あこがれていた]。	어릴 때 우주 비행사를 [동경하고 있었다].	田舎暮らしに[憧れて/あこがれて]、古い家を探し始めた。	시골 생활을 [동경해서] 오래된 집을 찾기 시작했다.
AbsoluteVerb_612	잇다	떨어진 양쪽 사이에 연결을 만들어요.	結ぶ	뜻이 겹치며 매듭에 한정하지 않고 선이나 다리로 이어 주는 관계를 나타낸다.	短いロープを二本[繋いだ/つないだ]。	짧은 밧줄 두 개를 [이었다].	この橋は、島と本土を[繋いでいる/つないでいる]。	이 다리는 섬과 본토를 [잇고 있다].
AbsoluteVerb_615	뒤떨어지다	비교했을 때 능력이나 수준이 낮아요.	遅れる	시간상 늦는 것과 달리 질이나 능력에서 못하다.	速さでは兄に[劣る/おとる]が、力では負けない。	속도에서는 형보다 [뒤떨어지지만] 힘에서는 지지 않는다.	安い方も、品質は[劣っていない/おとっていない]。	저렴한 쪽도 품질은 [뒤떨어지지 않는다].
AbsoluteVerb_618	다르다	둘 사이에 차이가 있으며 꼭 틀렸다는 뜻은 아니에요.	間違う	차이 자체만으로 정오를 판정하지 않는다.	同じ曲でも、演奏者によって雰囲気が[違う/ちがう]。	같은 곡도 연주자에 따라 분위기가 [다르다].	いつもと道が[違う/ちがう]けれど、近道なの？	평소와 길이 [다른데] 지름길이야?
AbsoluteVerb_621	기울다	똑바른 수평이나 수직에서 한쪽으로 치우쳐요.	傾ける	기울이는 행동과 달리 대상이 기운다.	船が急に[傾いて/かたむいて]、皿が滑った。	배가 갑자기 [기울어서] 접시가 미끄러졌다.	壁の絵が少し[傾いている/かたむいている]。	벽의 그림이 조금 [기울어져 있다].
AbsoluteVerb_624	가다	자기 쪽의 이동을 낮춰 공손하게 말해요.	いらっしゃる	상대의 이동을 높이는 말과 달리 자기 이동을 낮춘다.	私も来月、京都へ[参ります/まいります]。	저도 다음 달에 교토에 [갑니다].	会場には担当者と一緒に[参りました/まいりました]。	행사장에는 담당자와 함께 [갔습니다].
AbsoluteVerb_627	찾아뵙다	상대를 높이기 위해 자기 방문을 낮춰 말해요.	いらっしゃる	상대가 오는 존경 표현과 달리 자기 방문의 겸양 표현이다.	明日の午後、研究室へ[伺っても/うかがっても]よろしいですか。	내일 오후 연구실로 [찾아뵈어도] 괜찮을까요?	先生のお宅へ[伺う/うかがう]のは、これが初めてです。	선생님 댁을 [찾아뵙는] 것은 이번이 처음입니다.
AbsoluteVerb_630	하시다	행동하는 상대를 높여 표현해요.	いたす	자기 행동을 낮추는 말과 달리 상대 행동을 높인다.	週末は何を[なさいます/なさいます]か。	주말에는 무엇을 [하시나요]?	先生が[なさった/なさった]説明を、ノートにまとめた。	선생님께서 [하신] 설명을 공책에 정리했다.
AbsoluteVerb_633	계시다	상대가 있는 것을 높여 말하는 용법이에요.	おる	자기 쪽을 낮추는 표현과 달리 상대의 존재를 높인다.	会場に[おいでになる/おいでになる]先生方へ、資料をお配りします。	행사장에 [계시는] 선생님들께 자료를 나누어 드리겠습니다.	社長はまだ会議室に[おいでになる/おいでになる]そうです。	사장님은 아직 회의실에 [계신다고] 합니다.
AbsoluteVerb_636	결혼하다	교제에서 더 나아가 부부가 돼요.	付き合う	연애 관계만이 아니라 부부가 되는 일이다.	姉は学生時代の友人と[結婚した/けっこんした]。	언니는 학창 시절 친구와 [결혼했다].	来年[結婚する/けっこんする]と聞いて、家族で喜んだ。	내년에 [결혼한다]고 듣고 가족이 함께 기뻐했다.
AbsoluteVerb_639	세탁하다	주로 옷이나 천을 물과 세제로 빨아요.	掃除する	공간을 청소하는 것과 달리 의류 등을 빤다.	泥だらけのユニフォームを[洗濯した/せんたくした]。	진흙투성이 유니폼을 [세탁했다].	この服は家で[洗濯できます/せんたくできます]か。	이 옷은 집에서 [세탁할 수 있나요]?
AbsoluteVerb_642	준비하다	필요한 때에 쓸 수 있도록 물건 등을 마련해요.	準備する	준비와 널리 겹치지만 바로 쓸 물건을 갖춰 놓는 상황에 특히 자연스럽다. 계획과 연습까지 포함하는 준비보다 범위가 구체적일 수 있다.	来客用に新しいタオルを[用意した/よういした]。	손님용으로 새 수건을 [준비했다].	小銭を[用意して/よういして]おくと、乗車がスムーズです。	동전을 [준비해] 두면 탑승이 수월합니다.
AbsoluteVerb_645	산책하다	급히 목적지로 가기보다 여유 있게 걸어요.	歩く	걷는 행위 중에서도 기분 전환이나 여가를 위해 주변을 거니는 활동이다.	夕食の後、川沿いを[散歩した/さんぽした]。	저녁 식사 뒤 강변을 [산책했다].	犬と[散歩する/さんぽする]時間が、一日の楽しみだ。	개와 [산책하는] 시간이 하루의 즐거움이다.
AbsoluteVerb_648	복습하다	새 내용을 미리 보기보다 이미 배운 것을 다시 봐요.	予習する	수업 전에 공부하는 것과 달리 배운 뒤 다시 익힌다.	忘れる前に、今日の漢字を[復習した/ふくしゅうした]。	잊기 전에 오늘 배운 한자를 [복습했다].	試験の範囲だけでなく、苦手な所も[復習しよう/ふくしゅうしよう]。	시험 범위뿐 아니라 약한 부분도 [복습하자].
AbsoluteVerb_651	졸업하다	학교 과정을 모두 마치고 떠나요.	退学する	도중에 그만두는 것과 달리 과정을 마친다.	兄は大学を[卒業して/そつぎょうして]、故郷へ戻った。	형은 대학을 [졸업하고] 고향으로 돌아왔다.	来春[卒業する/そつぎょうする]生徒たちに、手紙を書いた。	내년 봄에 [졸업하는] 학생들에게 편지를 썼다.
AbsoluteVerb_654	설명하다	상대가 이해하도록 이유나 내용을 풀어 알려요.	報告する	결과를 전하는 것보다 이해를 돕는 데 초점이 있다.	道具の使い方を、絵で[説明した/せつめいした]。	도구 사용법을 그림으로 [설명했다].	もう少しゆっくり[説明して/せつめいして]いただけますか。	조금 더 천천히 [설명해] 주시겠어요?
AbsoluteVerb_657	출장 가다	관광이 아니라 업무 때문에 다른 곳에 가요.	旅行する	여행 가운데 근무상의 목적이 있다.	来週は福岡へ[出張する/しゅっちょうする]ので、店にはいません。	다음 주에는 후쿠오카로 [출장 가서] 가게에 없습니다.	一人で[出張した/しゅっちょうした]のは、その時が初めてだった。	혼자 [출장 간] 것은 그때가 처음이었다.
AbsoluteVerb_660	접대하다	손님이 편하도록 음식이나 대접을 제공해요.	招待する	초대하는 데서 더 나아가 찾아온 손님을 대접한다.	海外からの客を、地元の料理で[接待した/せったいした]。	해외에서 온 손님을 향토 음식으로 [접대했다].	取引先を[接待する/せったいする]ため、静かな個室を予約した。	거래처를 [접대하려고] 조용한 독실을 예약했다.
AbsoluteVerb_663	사양하다	상대를 생각하여 호의나 권유를 받아들이지 않아요.	断る	거절과 겹치지만 배려하거나 삼가는 태도가 두드러진다.	おかわりを勧められたが、満腹で[遠慮した/えんりょした]。	한 그릇 더 먹으라는 권유를 받았지만 배가 불러서 [사양했다].	そんなに[遠慮しないで/えんりょしないで]、好きなだけ食べて。	그렇게 [사양하지 말고] 원하는 만큼 먹어.
AbsoluteVerb_666	여행하다	평소 생활하던 곳을 떠나 다른 지역을 돌아봐요.	出張する	업무가 필수 목적이 아니라 여가나 경험을 위해 다닐 수 있다.	夏休みに祖母と北海道を[旅行した/りょこうした]。	여름 방학에 할머니와 홋카이도를 [여행했다].	一人で[旅行すると/りょこうすると]、知らない人と話す機会が増える。	혼자 [여행하면] 모르는 사람과 이야기할 기회가 늘어난다.
AbsoluteVerb_669	출발하다	잠깐 외출하기보다 목적지를 향한 여정을 시작해요.	出掛ける	외출과 겹치지만 여정의 출발 시점과 이동 개시에 초점을 둔다.	霧が晴れるまで、船は[出発できなかった/しゅっぱつできなかった]。	안개가 걷힐 때까지 배는 [출발할 수 없었다].	あと十分で[出発する/しゅっぱつする]から、急いで食べて。	십 분 뒤에 [출발하니] 서둘러 먹어.
AbsoluteVerb_672	안내하다	설명만 하기보다 상대가 길이나 장소를 알도록 이끌어요.	説明する	내용을 풀어 주는 데서 더 나아가 장소로 이끌거나 이용 방법을 알려 준다.	新入生を図書室へ[案内した/あんないした]。	신입생을 도서실로 [안내했다].	英語で町を[案内できる/あんないできる]人を探しています。	영어로 마을을 [안내할 수 있는] 사람을 찾고 있습니다.
AbsoluteVerb_675	방문하다	목적을 가지고 누군가의 장소를 찾아가요.	訪ねる	찾아간다는 뜻은 겹치며 방문은 업무나 공식적인 일정의 서술에 더 자주 쓰는 한자어 표현이다.	退職した先生を、生徒数人で[訪問した/ほうもんした]。	퇴직하신 선생님을 학생 몇 명이 함께 [방문했다].	工場を[訪問する/ほうもんする]際は、事前の予約が必要です。	공장을 [방문할] 때에는 사전 예약이 필요합니다.
AbsoluteVerb_678	약속하다	앞으로 그렇게 하겠다고 상대에게 확실히 말해요.	予定する	개인적인 예정과 달리 상대와의 말에 책임이 따른다.	祖母と、毎週電話すると[約束した/やくそくした]。	할머니와 매주 전화하겠다고 [약속했다].	まだ分からないから、[約束できない/やくそくできない]。	아직 모르니까 [약속할 수 없어].
AbsoluteVerb_681	실례하다	자리를 떠날 때 예의를 갖추는 말이에요.	帰る	단순히 돌아간다고 하기보다 자리를 뜨는 데 양해를 구한다.	明日が早いので、今日は先に[失礼します/しつれいします]。	내일 일찍 일어나야 해서 오늘은 먼저 [실례하겠습니다].	挨拶だけして[失礼する/しつれいする]つもりだったが、話が弾んだ。	인사만 하고 [실례할] 생각이었지만 이야기가 무르익었다.
AbsoluteVerb_684	운동하다	몸을 건강하게 움직이거나 체력을 길러요.	働く	업무 노동보다 건강이나 체력을 위한 활동이다.	朝に十分だけ[運動する/うんどうする]習慣がついた。	아침에 십 분만 [운동하는] 습관이 생겼다.	食べた直後に激しく[運動しないで/うんどうしないで]。	먹은 직후에는 격하게 [운동하지 마].
AbsoluteVerb_687	운전하다	차를 타기만 하는 것이 아니라 직접 조종해요.	乗る	탑승 전체 중 차량을 조작하는 행동이다.	雪道を初めて[運転した/うんてんした]。	눈길을 처음으로 [운전했다].	眠いときは、無理に[運転しないで/うんてんしないで]休もう。	졸릴 때는 무리해서 [운전하지 말고] 쉬자.
AbsoluteVerb_690	출판하다	원고를 책으로 만들어 세상에 내놓아요.	印刷する	인쇄만이 아니라 책을 제작하여 공표하는 과정이다.	祖父の日記を、家族で[出版した/しゅっぱんした]。	할아버지의 일기를 가족이 함께 [출판했다].	この本を海外でも[出版する/しゅっぱんする]計画がある。	이 책을 해외에서도 [출판할] 계획이 있다.
AbsoluteVerb_693	조사하다	짐작하지 않고 실제 자료를 모아 확인해요.	調べる	뜻이 겹치며 체계적으로 자료를 모으는 공적 조사에 어울리는 표현이다.	事故の原因を警察が[調査している/ちょうさしている]。	사고 원인을 경찰이 [조사하고 있다].	建物を建てる前に、地面を[調査した/ちょうさした]。	건물을 짓기 전에 땅을 [조사했다].
AbsoluteVerb_696	계산하다	수를 더하거나 빼서 답을 구해요.	数える	개수를 세는 것을 넘어 수식으로 값을 구한다.	一人分の費用を[計算した/けいさんした]。	일 인당 비용을 [계산했다].	暗算で[計算できる/けいさんできる]と思ったが、紙が必要だった。	암산으로 [계산할 수 있다고] 생각했지만 종이가 필요했다.
AbsoluteVerb_699	비교하다	둘 이상을 놓고 차이와 공통점을 살펴요.	比べる	뜻은 거의 같으며 이 표현은 자료나 조건을 대조하는 공식적인 설명과 글에서 흔하다.	昔の地図と今の地図を[比較した/ひかくした]。	옛 지도와 지금의 지도를 [비교했다].	兄と弟を[比較しないで/ひかくしないで]、それぞれの良さを見てほしい。	형과 동생을 [비교하지 말고] 각각의 장점을 봐 주었으면 한다.
AbsoluteVerb_702	정리하다	흩어진 자료나 물건을 질서 있게 나누어요.	掃除する	때를 없애는 것보다 분류하고 정돈하는 일이다.	旅行の写真を日付順に[整理した/せいりした]。	여행 사진을 날짜순으로 [정리했다].	頭の中を[整理する/せいりする]ため、紙に書き出した。	머릿속을 [정리하려고] 종이에 적어 보았다.
AbsoluteVerb_705	상상하다	실제로 보지 않은 모습을 머릿속에 그려요.	思い出す	실제 경험을 떠올리는 것과 달리 아직 보지 않은 것도 그릴 수 있다.	百年前の町を[想像しながら/そうぞうしながら]、古い道を歩いた。	백 년 전 마을을 [상상하며] 오래된 길을 걸었다.	自分が親になるなんて、まだ[想像できない/そうぞうできない]。	내가 부모가 된다니 아직 [상상할 수 없다].
AbsoluteVerb_708	열중하다	주의를 기울이는 데 더해 재미있어 푹 빠져요.	集中する	집중과 겹치지만 흥미로 다른 것을 잊는 몰입이 두드러진다.	模型作りに[熱中して/ねっちゅうして]、電話にも気づかなかった。	모형 만들기에 [열중해서] 전화도 알아차리지 못했다.	祖母がこんなにゲームに[熱中する/ねっちゅうする]とは思わなかった。	할머니가 이렇게 게임에 [열중하실] 줄은 몰랐다.
AbsoluteVerb_711	조화를 이루다	서로 같지 않아도 어울려 균형을 이루어요.	一致する	완전히 같아지는 것이 아니라 서로 어울린다.	新しい建物が、古い街並みと[調和している/ちょうわしている]。	새 건물이 옛 거리 풍경과 [조화를 이루고 있다].	二人の声が[調和した/ちょうわした]瞬間、客席が静かになった。	두 사람의 목소리가 [조화를 이룬] 순간 객석이 조용해졌다.
AbsoluteVerb_714	준비하여 확보하다	필요한 사람이나 교통편을 미리 마련해요.	用意する	준비 중에서도 연락과 조정을 거쳐 필요한 자원을 확보하는 뜻이다.	空港までの車を[手配した/てはいした]。	공항까지 갈 차를 [준비했다].	通訳を[手配できる/てはいできる]か、担当者に聞いてみます。	통역사를 [섭외할 수 있는지] 담당자에게 물어보겠습니다.
AbsoluteVerb_717	찬성하다	단순한 인정이 아니라 의견이나 제안에 지지를 표해요.	同意する	동의와 겹치며 제안에 대해 찬성 입장을 나타내는 데 자주 쓴다.	私は公園を残す案に[賛成した/さんせいした]。	나는 공원을 남기는 안에 [찬성했다].	理由を聞いてから、[賛成する/さんせいする]か決めたい。	이유를 들은 뒤 [찬성할지] 정하고 싶다.
AbsoluteVerb_720	초대하다	단순히 부르는 것보다 손님으로 와 달라고 초청해요.	呼ぶ	부르는 행동 중 손님으로 예의를 갖춰 초청하는 뜻이다.	近所の人を新居に[招待した/しょうたいした]。	이웃을 새집으로 [초대했다].	結婚式に誰を[招待する/しょうたいする]か、二人で相談した。	결혼식에 누구를 [초대할지] 둘이 의논했다.
AbsoluteVerb_723	일관하다	처음부터 끝까지 같은 태도나 내용으로 이어져요.	一貫する	처음부터 끝까지 같다는 점은 겹치지만 이 표현은 어떤 행동이나 태도로 시종 보내는 데 초점이 있고 부정적인 편중도 나타낸다.	彼は最後まで沈黙に[終始した/しゅうしした]。	그는 마지막까지 침묵으로 [일관했다].	言い訳に[終始する/しゅうしする]説明では、納得してもらえない。	변명으로 [일관하는] 설명으로는 상대를 납득시킬 수 없다.
AbsoluteVerb_726	바람이 솔솔 들어오다	몸이 떨릴 정도가 아니어도 틈새의 찬 공기가 느껴져요.	ぞくぞくする	오싹하게 몸이 떨리는 감각보다 바람이 통하는 감각에 초점을 둔다.	窓のそばは[スースーする/すーすーする]ので、席を替えた。	창문 옆은 [바람이 솔솔 들어와서] 자리를 바꿨다.	ズボンに穴が開いて、膝が[スースーした/すーすーした]。	바지에 구멍이 나서 무릎에 [바람이 솔솔 들어왔다].
AbsoluteVerb_729	따끔거리다	피부 표면이 화끈거리며 아픈 느낌이에요.	ずきずきする	맥박처럼 욱신거리는 통증과 달리 표면이 따갑다.	日焼けした背中が[ひりひりする/ひりひりする]。	햇볕에 탄 등이 [따끔거린다].	傷に水が触れて、[ひりひりした/ひりひりした]。	상처에 물이 닿아 [따끔거렸다].
AbsoluteVerb_732	매끈매끈하다	축축한 미끄러움보다 돌기 없는 매끄러운 표면이에요.	ぬるぬるする	끈끈하거나 젖은 미끄러움과 달리 건조한 표면에도 쓴다.	磨いた石は[つるつるしている/つるつるしている]。	갈아 놓은 돌은 [매끈매끈하다].	[つるつるした/つるつるした]床で、靴下のまま走らないで。	[매끈매끈한] 바닥에서 양말만 신고 달리지 마.
AbsoluteVerb_735	개운해지다	씻거나 정돈한 뒤 불쾌감이 없어 산뜻해져요.	すっきりする	뜻이 많이 겹치며 불쾌한 느낌이 없어져 산뜻해진 인상을 나타낸다.	汗を流したら、[さっぱりした/さっぱりした]。	땀을 씻어 내니 [개운해졌다].	髪を短く切って、頭が[さっぱりした/さっぱりした]。	머리를 짧게 잘라서 머리가 [산뜻해졌다].
AbsoluteVerb_738	딱 맞다	크기나 조건이 여유 없이 알맞아요.	似合う	보기 좋은 어울림보다 크기나 조건의 정확한 일치다.	この靴は足に[ぴったりしている/ぴったりしている]。	이 신발은 발에 [딱 맞는다].	箱に[ぴったりする/ぴったりする]ふたが見つかって、ほっとした。	상자에 [딱 맞는] 뚜껑을 찾아서 안심했다.
AbsoluteVerb_741	우물쭈물하다	결정하지 못하고 행동을 늦춰요.	ゆっくりする	여유 있게 쉬는 것보다 미적거리며 지체하는 부정적인 느낌이다.	[ぐずぐずしていたら/ぐずぐずしていたら]、欲しい席が売り切れた。	[우물쭈물했더니] 원하는 자리가 매진되었다.	玄関で[ぐずぐずしないで/ぐずぐずしないで]、早く靴を履いて。	현관에서 [우물쭈물하지 말고] 빨리 신발을 신어.
AbsoluteVerb_744	멍하게 있다	행동을 미루기보다 머리가 또렷하지 않아요.	ぐずぐずする	우물쭈물하며 지체하는 행동과 달리 주의와 의식이 흐린 상태다.	寝不足で、授業中ずっと[ぼんやりしていた/ぼんやりしていた]。	수면 부족으로 수업 내내 [멍하게 있었다].	信号が変わったよ。[ぼんやりしないで/ぼんやりしないで]。	신호가 바뀌었어. [멍하니 있지 마].
AbsoluteVerb_747	두근거리다	긴장이나 기대 때문에 심장이 세게 뛰어요.	ときめく	즐거운 설렘뿐 아니라 긴장과 두려움에도 쓴다.	名前を呼ばれる直前、胸が[どきどきした/どきどきした]。	이름이 불리기 직전 가슴이 [두근거렸다].	階段を駆け上がって、まだ[どきどきしている/どきどきしている]。	계단을 뛰어 올라와서 아직 [두근거리고 있다].
AbsoluteVerb_750	메슥거리다	속이 불편하고 토할 듯한 느낌이에요.	いらいらする	짜증의 뜻도 있지만 이번에는 위장 불쾌감이다.	脂っこい物を食べすぎて、胃が[むかむかする/むかむかする]。	기름진 음식을 너무 많이 먹어서 속이 [메슥거린다].	船を降りても、しばらく[むかむかしていた/むかむかしていた]。	배에서 내려도 한동안 [메슥거렸다].
AbsoluteVerb_753	후련해지다	답답한 생각이나 의문이 없어져 머릿속이 맑아져요.	さっぱりする	뜻이 겹치며 생각이 정리되어 막힘이 사라진 느낌에도 잘 쓰인다.	言いたいことを話して、[すっきりした/すっきりした]。	하고 싶은 말을 이야기해서 [후련해졌다].	謎が解ければ、頭も[すっきりする/すっきりする]だろう。	수수께끼가 풀리면 머릿속도 [개운해질] 것이다.
AbsoluteVerb_756	맛이 나다	눈에 보이는 모양이 아니라 혀로 느끼는 맛이에요.	匂いがする	코로 맡는 냄새와 달리 혀로 느낀다.	この飴は、少し塩の[味がする/あじがする]。	이 사탕은 조금 소금 [맛이 난다].	初めて食べた実は、リンゴのような[味がした/あじがした]。	처음 먹은 열매는 사과 같은 [맛이 났다].
AbsoluteVerb_759	소리가 나다	어디선가 소리가 생겨 들리는 상황이에요.	声がする	사람이나 동물의 목소리보다 넓은 사물 소리에 쓴다.	天井から水が落ちる[音がする/おとがする]。	천장에서 물이 떨어지는 [소리가 난다].	鍵を回すと、カチッと[音がした/おとがした]。	열쇠를 돌리자 딸깍하고 [소리가 났다].
AbsoluteVerb_762	느낌이 들다	확실한 사실보다는 자기의 막연한 판단이에요.	分かる	분명히 아는 것보다 인상이나 추측을 부드럽게 말한다.	この道は、一度通った[気がする/きがする]。	이 길은 한 번 지나간 [느낌이 든다].	昨日は、何をしてもうまくいかない[気がした/きがした]。	어제는 무엇을 해도 잘되지 않을 [것 같았다].
AbsoluteVerb_765	한기가 들다	단순한 낮은 기온보다 몸 안에서 오싹한 느낌이 나요.	寒い	주위가 추운 것과 달리 오한이나 오싹한 신체 감각이다.	熱はないのに、急に[寒気がした/さむけがした]。	열은 없는데 갑자기 [한기가 들었다].	[寒気がする/さむけがする]ので、毛布をもう一枚ください。	[한기가 들어서] 담요를 한 장 더 주세요.
AbsoluteVerb_768	구역질이 나다	실제로 토하기 전의 토할 것 같은 느낌이에요.	吐く	토하는 행동 자체가 아니라 구토감이 있는 상태다.	車の中で本を読んだら、[吐き気がした/はきけがした]。	차 안에서 책을 읽었더니 [구역질이 났다].	[吐き気がする/はきけがする]と伝えると、運転手が車を止めてくれた。	[구역질이 난다고] 말하자 운전기사가 차를 세워 주었다.
AbsoluteVerb_771	모양을 하고 있다	색보다 외곽의 생김새를 나타내요.	色をしている	색상이 아니라 형태를 묘사한다.	海岸で、ハートの[形をした/かたちをした]石を拾った。	바닷가에서 하트 [모양을 한] 돌을 주웠다.	この雲、よく見ると魚の[形をしている/かたちをしている]ね。	이 구름 자세히 보면 물고기 [모양을 하고 있네].
AbsoluteVerb_774	모습을 하고 있다	사람이나 존재의 전체적인 외양을 나타내요.	表情をしている	얼굴의 감정 표현보다 옷차림이나 몸 전체의 모습이다.	祭りで、鬼の[姿をした/すがたをした]人が子どもを笑わせていた。	축제에서 도깨비 [모습을 한] 사람이 아이들을 웃기고 있었다.	夢の中の私は、鳥の[姿をしていた/すがたをしていた]。	꿈속의 나는 새의 [모습을 하고 있었다].
AbsoluteVerb_777	체격을 하고 있다	몸의 크기와 골격이 어떤 인상인지를 말해요.	体つきをしている	둘 다 몸의 생김새를 말하며 이 표현은 체격의 크기와 골격을, 비교 표현은 몸의 형태와 인상을 나타내기 좋다. 문맥에서 겹칠 수 있다.	受付には、がっしりした[体格をした/たいかくをした]男性が立っていた。	접수대에는 다부진 [체격을 가진] 남자가 서 있었다.	弟は父によく似た[体格をしている/たいかくをしている]ので、同じ上着が着られる。	남동생은 아버지와 매우 비슷한 [체격을 하고 있어서] 같은 겉옷을 입을 수 있다.
AbsoluteVerb_780	표정을 짓고 있다	몸 전체보다 얼굴에 나타난 마음을 말해요.	顔をしている	얼굴의 모습과 겹치지만 이 표현은 얼굴에 드러난 감정이나 태도를 더 분명하게 나타낸다.	答案を返された兄は、暗い[表情をしていた/ひょうじょうをしていた]。	답안지를 돌려받은 형은 어두운 [표정을 짓고 있었다].	そんな不安そうな[表情をしないで/ひょうじょうをしないで]。私も一緒に行くよ。	그렇게 불안한 [표정을 짓지 마]. 나도 함께 갈게.
AbsoluteVerb_783	색을 띠고 있다	모양이 아니라 눈에 보이는 색상을 묘사해요.	形をしている	윤곽이나 형태가 아니라 색을 나타낸다.	湖は絵の具のような青い[色をしていた/いろをしていた]。	호수는 물감처럼 파란 [색을 띠고 있었다].	変わった[色をしている/いろをしている]けれど、この実は食べられるの？	특이한 [색을 띠고 있는데] 이 열매는 먹을 수 있어?
AbsoluteVerb_786	휴가를 내다	그냥 쉬는 상태가 아니라 근무일을 휴일로 확보해요.	休む	쉬는 행동 자체보다 일정을 조절해 휴일을 낸다.	娘の入学式に出たくて、半日だけ[休みを取った/やすみをとった]。	딸의 입학식에 참석하고 싶어서 반나절만 [휴가를 냈다].	来週なら[休みを取れる/やすみをとれる]ので、病院に付き添える。	다음 주라면 [휴가를 낼 수 있어서] 병원에 동행할 수 있다.
AbsoluteVerb_789	연락하다	단순히 소식을 전하는 것보다 상대와 접촉을 시도해요.	連絡する	뜻이 겹치며 연락이 닿고 교류하는 관계를 확보하는 데 초점을 둘 수 있다.	卒業以来、初めて担任と[連絡を取った/れんらくをとった]。	졸업 이후 처음으로 담임 선생님과 [연락했다].	電話が壊れて、家族と[連絡を取れない/れんらくをとれない]。	전화기가 고장 나 가족과 [연락할 수 없다].
AbsoluteVerb_792	면허를 따다	허가를 받는 것 중 자격 면허를 취득해요.	免許を更新する	기존 면허를 갱신하는 것이 아니라 처음 취득한다.	就職前に車の[免許を取った/めんきょをとった]。	취직 전에 자동차 [면허를 땄다].	船の[免許を取る/めんきょをとる]ため、週末に学校へ通っている。	선박 [면허를 따려고] 주말에 학교에 다니고 있다.
AbsoluteVerb_795	일감을 따내다	취업보다 고객에게 맡을 일을 얻어 와요.	就職する	직장에 입사하는 것과 달리 계약이나 일감을 확보한다.	何社も回って、ようやく大きな[仕事を取った/しごとをとった]。	여러 회사를 돌아다녀 드디어 큰 [일감을 따냈다].	値下げだけで[仕事を取る/しごとをとる]のは、長く続かない。	가격 인하만으로 [일감을 따내는] 것은 오래가지 못한다.
AbsoluteVerb_798	사진을 찍다	그림을 그리는 것이 아니라 카메라로 장면을 남겨요.	絵を描く	손으로 묘사하는 대신 촬영 장치를 쓴다.	客が来る前に、完成した料理の[写真を撮った/しゃしんをとった]。	손님이 오기 전에 완성된 요리의 [사진을 찍었다].	逆光だから、反対側から[写真を撮ろう/しゃしんをとろう]。	역광이니 반대편에서 [사진을 찍자].
AbsoluteVerb_801	사전을 찾다	책 자체를 찾기보다 사전에서 단어 뜻을 찾아봐요.	辞書を探す	사전의 위치를 찾는 것과 달리 사전의 항목을 검색한다.	読み方が分からず、[辞書を引いた/じしょをひいた]。	읽는 법을 몰라 [사전을 찾아보았다].	すぐに[辞書を引く/じしょをひく]前に、文脈から考えてみよう。	바로 [사전을 찾아보기] 전에 문맥으로 생각해 보자.
AbsoluteVerb_804	눈길을 끌다	보는 사람의 관심이 자연히 그쪽으로 가요.	目を付ける	주체가 대상을 골라 주목하는 것과 달리 대상이 사람의 시선을 끈다.	店先の巨大なパンが[目を引いた/めをひいた]。	가게 앞의 거대한 빵이 [눈길을 끌었다].	遠くからでも[目を引く/めをひく]看板を作りたい。	멀리서도 [눈길을 끄는] 간판을 만들고 싶다.
AbsoluteVerb_807	손을 잡고 이끌다	손을 잡는 데서 그치지 않고 방향을 안내해요.	手を握る	손을 쥐는 동작에 더해 상대를 이끌어 이동시킨다.	混雑した駅で、父が私の[手を引いて/てをひいて]くれた。	붐비는 역에서 아버지가 내 [손을 잡고 이끌어] 주셨다.	幼い弟の[手を引く/てをひく]兄の姿が見えた。	어린 남동생의 [손을 잡고 이끄는] 형의 모습이 보였다.
AbsoluteVerb_810	피아노를 치다	손으로 건반을 눌러 연주해요.	ピアノをたたく	소리를 거칠게 내는 행동이 아니라 악기를 연주한다.	姉が[ピアノを弾く/ぴあのをひく]と、犬は静かになる。	언니가 [피아노를 치면] 개는 조용해진다.	人前で[ピアノを弾いた/ぴあのをひいた]のは十年ぶりだった。	사람들 앞에서 [피아노를 친] 것은 십 년 만이었다.
AbsoluteVerb_813	편지를 부치다	글을 쓰는 데서 끝내지 않고 우편으로 보내요.	手紙を書く	작성보다 발송하는 행동이다.	帰国した友達に、初めて[手紙を出した/てがみをだした]。	귀국한 친구에게 처음으로 [편지를 부쳤다].	このポストから[手紙を出せば/てがみをだせば]、明日届くだろうか。	이 우체통으로 [편지를 부치면] 내일 도착할까?
AbsoluteVerb_816	말참견하다	자기 일이 아닌 대화나 판단에 끼어들어요.	口に出す	생각을 말로 표현하는 것과 달리 남의 일에 개입한다.	二人の問題に、私は[口を出さなかった/くちをださなかった]。	두 사람의 문제에 나는 [말참견하지 않았다].	最後まで聞かずに[口を出す/くちをだす]のは、やめよう。	끝까지 듣지 않고 [말참견하는] 것은 그만두자.
AbsoluteVerb_819	가게를 열다	아침마다 문을 여는 것보다 새 사업장을 차려요.	店を開ける	당일 영업 개시와 달리 점포를 새로 차리는 뜻이다.	夫婦で駅前に[店を出した/みせをだした]。	부부가 함께 역 앞에 [가게를 열었다].	故郷で[店を出す/みせをだす]夢のため、貯金している。	고향에서 [가게를 차릴] 꿈을 위해 저축하고 있다.
AbsoluteVerb_822	몹시 지치다	그저 피곤한 정도를 넘어 기진맥진한 모습이에요.	疲れる	일반적인 피로보다 몹시 지친 상태를 묘사하는 관용구다.	長い坂道で、ついに[あごを出した/あごをだした]。	긴 언덕길에서 마침내 [몹시 지쳤다].	慣れない畑仕事に[あごを出して/あごをだして]、木陰に座り込んだ。	익숙지 않은 밭일에 [기진맥진하여] 나무 그늘에 주저앉았다.
AbsoluteVerb_825	발을 내밀다	여기서는 비용이 아니라 실제 다리를 밖으로 내요.	足が出る	예산 초과를 뜻하는 관용구와 달리 실제 발을 내미는 장면이다.	暑くて、布団から[足を出した/あしをだした]。	더워서 이불 밖으로 [발을 내밀었다].	通路に[足を出す/あしをだす]と、人がつまずくよ。	통로로 [발을 내밀면] 사람이 걸려 넘어져.
AbsoluteVerb_828	파도가 일다	바다 전체가 거칠지 않아도 물결이 생길 수 있어요.	海が荒れる	바다의 악천후보다 넓게 연못 등에도 물결이 이는 상태를 나타낸다.	風が強まり、池にも[波が立った/なみがたった]。	바람이 강해져 연못에도 [물결이 일었다].	沖で[波が立っている/なみがたっている]ので、小舟は出せない。	먼바다에 [파도가 일고 있어서] 작은 배는 띄울 수 없다.
AbsoluteVerb_831	신경이 곤두서다	조금만 건드려도 화낼 듯 예민해져요.	気が散る	집중이 흐트러지는 것과 달리 흥분하거나 날카로워진 상태다.	寝不足で[気が立っていた/きがたっていた]ので、言い方がきつくなった。	수면 부족으로 [신경이 곤두서 있어서] 말투가 거칠어졌다.	締め切り前で、彼は[気が立っている/きがたっている]から、話は後にしよう。	마감 전이라 그는 [신경이 곤두서 있으니] 이야기는 나중에 하자.
AbsoluteVerb_834	자리를 뜨다	앉아 있던 자리에서 일어나 떠나는 뜻이에요.	立ち上がる	몸을 일으키는 동작에 더해 그 자리를 떠나는 뜻을 나타내기 쉽다.	電話が鳴ったので、そっと[席を立った/せきをたった]。	전화가 울려 조용히 [자리를 떴다].	映画が終わるまで[席を立たないで/せきをたたないで]ほしい。	영화가 끝날 때까지 [자리를 뜨지 않았으면] 한다.
AbsoluteVerb_837	실력을 기르다	평가받기보다 실제 능력을 쌓아요.	実力を試す	이미 있는 실력을 시험하는 것과 달리 능력을 높인다.	小さな舞台を重ねて、着実に[実力を付けた/じつりょくをつけた]。	작은 무대를 거듭하며 착실히 [실력을 길렀다].	本番までにもっと[実力を付けたい/じつりょくをつけたい]。	실전까지 더 [실력을 기르고 싶다].
AbsoluteVerb_840	이름을 붙이다	이미 있는 이름을 부르기보다 새 이름을 정해요.	名前を呼ぶ	호명하는 것과 달리 대상을 부를 이름을 정한다.	拾った猫に、弟が[名前を付けた/なまえをつけた]。	주운 고양이에게 남동생이 [이름을 붙였다].	新しい星に[名前を付ける/なまえをつける]なら、何にしたい？	새로운 별에 [이름을 붙인다면] 무엇으로 하고 싶어?
AbsoluteVerb_843	불을 붙이다	불을 쬐는 것과 달리 타기 시작하게 해요.	火が付く	불이 붙는 상태가 아니라 붙이는 행동이다.	父が暖炉の薪に[火を付けた/ひをつけた]。	아버지가 벽난로 장작에 [불을 붙이셨다].	ろうそくに[火を付ける/ひをつける]前に、窓を閉めた。	초에 [불을 붙이기] 전에 창문을 닫았다.
AbsoluteVerb_846	주목하다	여럿 중 유망하거나 의심스러운 대상을 눈여겨봐요.	目を引く	대상이 시선을 끄는 것과 달리 사람이 특정 대상을 골라 주목한다.	監督は、無名の若い選手に[目を付けた/めをつけた]。	감독은 무명의 젊은 선수를 [눈여겨보았다].	私が[目を付けていた/めをつけていた]土地には、もう店が建っていた。	내가 [눈여겨보고 있던] 땅에는 이미 가게가 세워져 있었다.
AbsoluteVerb_849	돈벌이가 되다	단순히 쓸모 있는 데서 더 나아가 수입을 낼 수 있어요.	役に立つ	일반적인 유용함보다 금전적 수익이 된다는 뜻이다.	趣味の写真が[お金になる/おかねになる]とは思わなかった。	취미로 찍은 사진이 [돈벌이가 될] 줄은 몰랐다.	古い道具でも、売れば少しは[お金になった/おかねになった]。	낡은 도구도 팔면 조금은 [돈이 되었다].
AbsoluteVerb_852	못 쓰게 되다	원래 쓸 수 있던 것이 소용없어져요.	駄目にする	망가뜨리는 행동과 달리 대상이 못 쓰게 변한다.	雨でぬれて、地図が[駄目になった/だめになった]。	비에 젖어서 지도가 [못 쓰게 되었다].	冷蔵庫に入れないと、この肉は[駄目になる/だめになる]。	냉장고에 넣지 않으면 이 고기는 [상한다].
AbsoluteVerb_855	병이 들다	건강했던 상태에서 질병이 생겨요.	けがをする	외부 충격으로 다치는 것과 달리 질병에 걸린다.	無理を続けて、とうとう[病気になった/びょうきになった]。	계속 무리하다가 결국 [병이 들었다].	旅先で[病気になる/びょうきになる]と心細いので、保険に入った。	여행지에서 [병이 들면] 불안할 것 같아서 보험에 가입했다.
AbsoluteVerb_858	쓸 만하게 되다	완성만이 아니라 실제로 쓸 만한 수준에 이르러요.	完成する	제작이 끝나는 것보다 유용성이나 성과가 있는 수준이 되는 데 초점을 둔다.	三年練習して、ようやく演奏が[ものになってきた/ものになってきた]。	삼 년 연습해서 드디어 연주가 [쓸 만해지기 시작했다].	この企画は手を加えれば[ものになる/ものになる]と、編集者が言った。	이 기획은 손을 보면 [쓸 만해질] 것이라고 편집자가 말했다.
AbsoluteVerb_862	신경 쓰다	그냥 궁금한 것보다 마음에 두고 걱정해요.	気になる	두 표현은 뜻이 겹치며, 이 말은 마음에 두는 사람을 중심으로 말한다. 비교 표현은 마음에 걸리는 대상을 중심으로 말한다.	小さな失敗をいつまでも[気にしないで/きにしないで]。	작은 실수를 언제까지나 [신경 쓰지 마].	弟は写真に写る髪形を[気にしていた/きにしていた]。	남동생은 사진에 나올 머리 모양을 [신경 쓰고 있었다].
AbsoluteVerb_866	집중이 흐트러지다	주의가 다른 데로 가서 하던 일에 몰두하기 어려워요.	気が立つ	신경이 날카로워지는 것과 달리 주의가 분산된다.	机の上に漫画があると、[気が散る/きがちる]。	책상 위에 만화책이 있으면 [집중이 흐트러진다].	窓の外の工事で[気が散って/きがちって]、同じ行を何度も読んだ。	창밖 공사로 [집중이 흐트러져서] 같은 줄을 몇 번이나 읽었다.
AbsoluteVerb_869	맥이 빠지다	큰 긴장이 풀려 힘을 쏟기 어려워져요.	気が散る	주의 분산보다 긴장과 의욕이 빠져나가는 상태다.	大会が中止になり、[気が抜けた/きがぬけた]。	대회가 취소되어 [맥이 빠졌다].	試験の後は[気が抜けて/きがぬけて]、何もする気にならなかった。	시험 뒤에는 [맥이 빠져서] 아무것도 할 마음이 들지 않았다.
theme-core-JLPTN3_1	서두르다	당황하지 않아도 제시간에 맞추려고 빨리 움직여요.	慌てる	침착함을 잃는 것과 달리 속도를 높이는 행동이다.	閉館まで十分しかないので、受付へ[急いだ/いそいだ]。	폐관까지 십 분밖에 없어 접수대로 [서둘렀다].	そんなに[急がなくても/いそがなくても]、船はまだ出ないよ。	그렇게 [서두르지 않아도] 배는 아직 안 떠나.
theme-core-JLPTN3_4	받다	보낸 물건을 실제로 손에 넘겨받아요.	預かる	임시 보관 의무에 한정하지 않고 전달물을 받는 행동이다.	窓口で新しいパスポートを[受け取った/うけとった]。	창구에서 새 여권을 [받았다].	本人でないと荷物を[受け取れません/うけとれません]。	본인이 아니면 짐을 [받을 수 없습니다].
theme-core-JLPTN3_7	맞다	추측이나 예측이 실제 결과와 일치해요.	当てる	맞히는 행동보다 예상이 들어맞는 결과다.	雨の予報が[当たった/あたった]ので、傘を持ってきてよかった。	비 예보가 [맞아서] 우산을 가져오길 잘했다.	私の勘は、こういう時だけ[当たる/あたる]。	내 감은 이런 때만 [맞는다].
theme-core-JLPTN3_10	믿다	상대의 말이나 내용을 참이라고 받아들여요.	信用する	신용한다는 뜻과 겹치며 사람 외에 사실이나 가능성을 믿는 데도 넓게 쓴다.	友達の言葉を[信じて/しんじて]、もう一度挑戦した。	친구의 말을 [믿고] 다시 도전했다.	そんなに安い値段は、すぐには[信じられなかった/しんじられなかった]。	그렇게 싼 가격은 바로 [믿을 수 없었다].
