JLPTN3_1	반복해서 싫증이 나다	같은 것을 계속 경험해서 처음의 흥미가 사라진 상태예요. 힘이 들어 지친 것과 구별해 보세요.	疲れる	피로가 쌓이는 것과 달리, 반복으로 흥미나 만족이 줄어드는 데 초점을 둔다.	新しいゲームなのに、三日で[飽きて/あきて]しまった。	새 게임인데 사흘 만에 [싫증이 나] 버렸다.	「またカレー？」「昨日も食べたから、もう[飽きた/あきた]よ。」	“또 카레야?” “어제도 먹어서 이제 [질렸어].”
JLPTN3_2	남에게 물건을 맡기다	내 물건을 잠시 보관해 달라고 상대에게 건네는 쪽의 행동이에요. 소유권을 주는 것은 아니에요.	預かる	상대가 맡긴 것을 받아 보관하는 쪽인지, 자기 물건을 맡기는 쪽인지가 반대다.	泳ぎに行く前に、部屋の鍵をフロントに[預けた/あずけた]。	수영하러 가기 전에 방 열쇠를 프런트에 [맡겼다].	大きな荷物はここに[預けて/あずけて]、身軽に街を歩きませんか。	큰 짐은 여기에 [맡기고] 가볍게 시내를 걸어 보지 않을래요?
AbsoluteVerb_424	남의 물건을 받아 보관하다	다른 사람이 맡긴 물건을 내가 받아서 지켜 주는 쪽이에요. 잠시 쓸 목적으로 빌리는 것과는 달라요.	預ける	물건을 맡기는 사람의 행동과 대비되는, 받아 보관하는 사람의 행동이다.	受付でお客様のコートを[預かっています/あずかっています]。	접수대에서 손님들의 외투를 [맡아 보관하고 있습니다].	「その箱、明日まで[預かって/あずかって]もらえる？」「いいよ。棚に置いて。」	“그 상자, 내일까지 [맡아 줄] 수 있어?” “좋아. 선반에 둬.”
JLPTN3_27	눈부시거나 찬란하게 빛나다	단순히 빛이 보인다는 사실보다 눈부시고 인상적인 빛의 모습을 떠올려 보세요.	光る	빛이 나는 사실을 넓게 표현하는 말보다, 찬란하고 두드러진 빛의 인상을 나타내기 좋다. 문맥에 따라 서로 바꿀 수 있다.	雲が切れ、朝日に[輝く/かがやく]雪山が姿を現した。	구름이 걷히자 아침 햇살에 [찬란히 빛나는] 설산이 모습을 드러냈다.	磨き終えた銀の指輪は、窓辺でまぶしいほど[輝いていた/かがやいていた]。	다 닦은 은반지는 창가에서 눈부실 만큼 [빛나고 있었다].
JLPTN3_101	빛을 내거나 반사하다	불빛이나 반사광이 눈에 보이는 현상을 넓게 나타내요. 찬란하다는 감상까지 꼭 담는 것은 아니에요.	輝く	찬란하고 눈부신 인상을 강조할 필요 없이, 작은 표시등이나 반사광에도 쓸 수 있다.	電源は切ったはずなのに、小さなランプがまだ[光っている/ひかっている]。	전원을 껐을 텐데 작은 표시등이 아직 [빛나고 있다].	暗い廊下で猫の目だけが緑色に[光った/ひかった]。	어두운 복도에서 고양이 눈만 초록색으로 [반짝였다].
JLPTN3_142	내용이 자세하다	설명에 필요한 정보가 충분하고 구체적으로 들어 있다는 뜻이에요. 글자나 조각의 크기가 작다는 뜻과 구별하세요.	細かい	작은 부분 하나하나에 주목하기보다 정보의 풍부함과 구체성을 나타낸다.	駅から宿までの[詳しい/くわしい]道順を、主人がメールで送ってくれた。	역에서 숙소까지 오는 [자세한] 길 안내를 주인이 이메일로 보내 주었다.	その一行だけでは分からないので、もう少し[詳しく/くわしく]説明してもらえますか。	그 한 줄만으로는 모르겠으니 조금 더 [자세히] 설명해 주시겠어요?
JLPTN3_144	잘고 작다	전체가 얇거나 가느다란 것보다, 작은 알갱이·조각 하나하나의 크기를 떠올려 보세요.	小さい	작다는 일반적인 크기보다 잘게 나뉜 입자나 부분의 작은 크기에 초점을 둔다.	風が吹くたび、[細かい/こまかい]砂が靴の中に入ってくる。	바람이 불 때마다 [고운] 모래가 신발 안으로 들어온다.	子どもにも食べやすいように、にんじんを[細かく/こまかく]刻んだ。	아이도 먹기 쉽도록 당근을 [잘게] 썰었다.
JLPTN3_146	옛 기억이 떠올라 그립다	익숙한 냄새나 물건을 만나 옛날 기억이 반갑게 되살아나는 느낌이에요. 지금 없는 누군가를 애타게 보고 싶은 마음과 구별하세요.	恋しい	현재 떨어져 있는 대상을 그리워하는 마음보다 과거의 경험이 되살아나는 반가움이 중심이다.	押し入れから小学校の給食袋が出てきた。なんだか[懐かしい/なつかしい]。	벽장에서 초등학교 때 쓰던 급식 주머니가 나왔다. 왠지 [옛날이 그립다].	この石けんの匂いをかぐと、祖母の家が[懐かしくなる/なつかしくなる]。	이 비누 냄새를 맡으면 할머니 댁이 [그리워진다].
JLPTN3_135	조금 모자라거나 놓쳐서 아깝다	거의 이룰 뻔했거나 놓치기 싫은 것을 잃을 때의 마음이에요. 단순히 결과가 마음에 들지 않는 것보다 가까이 다가갔던 느낌을 살려 보세요.	残念だ	넓은 실망감과 달리, 조금 모자랐거나 소중한 것을 놓친 아까움이 두드러진다.	あと一点で合格だったなんて、本当に[惜しい/おしい]。	한 점만 더 받았으면 합격이었다니 정말 [아깝다].	ここまで書いた原稿を捨てるのは[惜しくて/おしくて]、机の引き出しにしまった。	여기까지 쓴 원고를 버리기는 [아까워서] 책상 서랍에 넣었다.
JLPTN3_493	반드시	개인적인 예상보다 예외 없이 지켜야 할 규칙이나 확실한 약속에 잘 쓰여요.	きっと	높은 확신으로 예상하는 말과 달리, 의무나 약속에서 빠짐없이 실행함을 나타낸다.	この薬は、食事の後に[必ず/かならず]飲んでください。	이 약은 식사 후에 [반드시] 드세요.	借りた本は金曜日に[必ず/かならず]返すと、妹と約束した。	빌린 책은 금요일에 [꼭] 돌려주겠다고 여동생과 약속했다.
JLPTN3_281	눈앞에 펼쳐진 경치	어떤 자리에서 바라보는 산이나 바다 같은 눈앞의 모습을 떠올려 보세요. 한 폭의 장면을 묘사하는 말과 겹칠 수 있어요.	風景	겹치는 쓰임이 많지만, 특정 지점에서 바라보며 감상하는 눈앞의 모습에 특히 자연스럽다.	頂上に着くと、疲れを忘れるほどの[景色/けしき]が広がっていた。	정상에 도착하니 피로를 잊을 만큼 멋진 [경치]가 펼쳐져 있었다.	「窓側の席でいい？」「うん、外の[景色/けしき]を見たいから。」	“창가 자리면 돼?” “응, 바깥 [경치]를 보고 싶거든.”
JLPTN3_446	한 장면을 이루는 풍경	자연만이 아니라 거리와 사람들의 생활까지 하나의 장면으로 담을 수 있어요. 사진이나 그림에 담긴 모습도 떠올려 보세요.	景色	눈앞의 경치를 감상하는 말과 겹치지만, 생활이나 거리의 모습을 하나의 장면으로 묘사할 때도 널리 쓴다.	祖父の写真には、路面電車が走る昔の町の[風景/ふうけい]が残っている。	할아버지의 사진에는 노면전차가 다니던 옛 동네의 [풍경]이 남아 있다.	朝市で魚を売る人たちを、旅先の[風景/ふうけい]としてスケッチした。	아침 시장에서 생선을 파는 사람들을 여행지의 [풍경]으로 스케치했다.
JLPTN3_286	일을 일으킨 원인	어떤 결과를 실제로 일으킨 요인을 찾고 있어요. 사람이 자기 행동을 설명하며 내세우는 이유와 구별해 보세요.	理由	판단이나 행동을 설명하는 근거보다, 현상을 발생시킨 요인에 초점을 둔다.	停電の[原因/げんいん]は、電線に倒れかかった一本の木だった。	정전의 [원인]은 전선 위로 쓰러진 나무 한 그루였다.	何度修理しても同じ音がする。まず故障の[原因/げんいん]を調べよう。	몇 번을 수리해도 같은 소리가 난다. 먼저 고장의 [원인]을 조사하자.
JLPTN3_233	불편함이나 욕구를 참음	괴로움이나 하고 싶은 마음을 눌러 버티는 상황이에요. 상대를 배려해서 사양하는 것과는 달라요.	遠慮	남을 의식해 삼가는 행동보다 자기 안의 불편함이나 욕구를 견디는 데 초점이 있다.	歯が痛いのに[我慢/がまん]ばかりせず、早く歯医者に行こう。	이가 아픈데 [참기]만 하지 말고 빨리 치과에 가자.	ケーキは夕食の後。それまで[我慢/がまん]できるかな。	케이크는 저녁 식사 후에 먹는 거야. 그때까지 [참을] 수 있겠니?
JLPTN3_33	빌려주다	내 물건을 상대가 잠시 쓰게 하는 방향이에요. 소유권을 넘기거나 내가 남의 물건을 가져오는 것은 아니에요.	借りる	물건을 쓰도록 내주는 쪽과 받아 쓰는 쪽의 방향이 반대다.	雨が強くなったので、傘のない同僚に折り畳み傘を[貸した/かした]。	비가 거세져서 우산이 없는 동료에게 접이식 우산을 [빌려주었다].	「消しゴム、ちょっと[貸して/かして]。名前を間違えちゃった。」	“지우개 좀 [빌려줘]. 이름을 잘못 썼어.”
JLPTN3_34	빌리다	남의 물건을 허락받아 잠시 내가 쓰는 방향이에요. 나중에 돌려줄 것을 전제로 해요.	貸す	물건을 내주는 쪽이 아니라 받아서 쓰는 쪽의 행동이다.	一日しか使わない道具なら、買わずに[借りよう/かりよう]。	하루밖에 쓰지 않을 도구라면 사지 말고 [빌리자].	図書館で[借りた/かりた]本に、前の人のしおりが挟まっていた。	도서관에서 [빌린] 책에 앞사람의 책갈피가 끼워져 있었다.
JLPTN3_128	깊이가 얕다	표면에서 바닥까지의 거리가 짧다는 뜻이에요. 공간 전체가 작은 것과 구별해 보세요.	低い	높이를 재는 말과 달리, 수면이나 입구에서 안쪽 바닥까지의 깊이를 나타낸다.	この川は岸の近くなら[浅い/あさい]けれど、真ん中は危ない。	이 강은 물가 근처라면 [얕지만] 한가운데는 위험하다.	スープをこんな[浅い/あさい]皿に入れたら、運ぶ途中でこぼれちゃうよ。	수프를 이렇게 [얕은] 접시에 담으면 옮기다가 쏟겠어.
JLPTN3_129	두께가 두껍다	표면에서 반대쪽 면까지의 두께를 말해요. 원통이 굵거나 내용물의 농도가 진한 것과 구별하세요.	太い	줄기나 선의 굵기보다 책, 판, 옷감처럼 면이 있는 물건의 두께를 나타낸다.	辞書が[厚すぎて/あつすぎて]、かばんの口が閉まらない。	사전이 [너무 두꺼워서] 가방 입구가 닫히지 않는다.	寒いから、今日はいつもより[厚い/あつい]靴下を履こう。	추우니까 오늘은 평소보다 [두꺼운] 양말을 신자.
JLPTN3_132	두께가 얇다	여기서는 색이나 맛의 농도가 아니라 물건의 두께를 말해요. 가느다란 선의 굵기와 구별하세요.	細い	길쭉한 물건의 굵기가 작은 것과 달리, 두 면 사이의 두께가 작은 상태다.	この紙は[薄い/うすい]ので、裏に書いた文字が透けて見える。	이 종이는 [얇아서] 뒷면에 쓴 글씨가 비쳐 보인다.	旅行用に選んだタオルは[薄くて/うすくて]、洗ってもすぐ乾く。	여행용으로 고른 수건은 [얇아서] 빨아도 금방 마른다.
JLPTN3_131	수상하다	겉으로 보이는 모습 때문에 의심이 드는 상황이에요. 단순히 낯설거나 평소와 다르다는 느낌보다 한 걸음 더 나아가요.	変だ	평소와 다르다는 넓은 느낌보다 정체나 진실성을 의심하는 뉘앙스가 있다.	銀行を名乗るメールなのに、差出人のアドレスがどうも[怪しい/あやしい]。	은행에서 보냈다는 이메일인데 발신자 주소가 아무래도 [수상하다].	店の前を何度も往復する男を[怪しく/あやしく]思い、店員は外を確認した。	가게 앞을 몇 번이나 오가는 남자가 [수상하다고] 생각해 점원이 밖을 확인했다.
JLPTN3_139	기준이나 태도가 엄격하다	규칙이나 요구 기준을 쉽게 낮춰 주지 않는 태도예요. 단순히 무섭거나 화를 내는 것과는 달라요.	怖い	두려움을 느끼게 하는 것 자체보다 기준을 엄격하게 적용하는 태도를 가리킨다.	祖母は優しいが、食事のマナーには[厳しい/きびしい]。	할머니는 다정하지만 식사 예절에는 [엄격하시다].	入場時のチェックが[厳しくなって/きびしくなって]、学生証だけでは入れなくなった。	입장할 때 검사가 [엄격해져서] 학생증만으로는 들어갈 수 없게 되었다.
JLPTN3_143	떨어져 있는 대상이 그립다	지금 곁에 없는 사람이나 익숙한 것이 보고 싶고 그리운 마음이에요. 옛 기억을 우연히 만나 반가운 느낌과 구별해 보세요.	懐かしい	과거를 떠올리는 반가움보다 현재 떨어져 있는 대상을 원하는 마음이 중심이다.	留学して一週間、もう母の味噌汁が[恋しい/こいしい]。	유학 온 지 일주일인데 벌써 엄마가 끓인 된장국이 [그립다].	都会の暮らしには慣れたが、夜になると故郷の静けさが[恋しくなる/こいしくなる]。	도시 생활에는 익숙해졌지만 밤이 되면 고향의 고요함이 [그리워진다].
JLPTN3_152	문제나 일이 쉽다	실력이나 수고가 많이 필요하지 않다는 뜻이에요. 발음이 같아도 사람의 다정한 성격을 나타내는 단어와 한자가 달라요.	優しい	같은 발음이지만 친절한 성품이 아니라 난도가 낮음을 나타낸다.	最初の三問は[易しかった/やさしかった]のに、最後の一問で手が止まった。	처음 세 문제는 [쉬웠는데] 마지막 한 문제에서 손이 멈췄다.	初心者には、もう少し[易しい/やさしい]曲から練習してもらっています。	초보자에게는 조금 더 [쉬운] 곡부터 연습하게 하고 있습니다.
JLPTN3_153	사람을 대하는 마음이 다정하다	상대의 어려움이나 마음을 헤아리는 따뜻한 태도예요. 발음이 같은 '어렵지 않다'와 구별해 보세요.	易しい	같은 발음이지만 난도의 낮음이 아니라 따뜻한 성품이나 대하는 태도를 뜻한다.	転んだ弟に、姉は[優しく/やさしく]「大丈夫？」と声をかけた。	넘어진 남동생에게 누나는 [다정하게] “괜찮아?” 하고 말을 걸었다.	失敗を責めずに待ってくれる、そんな[優しい/やさしい]先輩になりたい。	실패를 탓하지 않고 기다려 주는 그런 [다정한] 선배가 되고 싶다.
JLPTN3_158	틀림이나 실패의 가능성이 거의 없다	실수나 실패의 가능성이 적어 믿고 택할 수 있어요. 수치가 정확히 맞는다는 뜻과 구별해 보세요.	正確だ	수치나 사실에 오차가 없는 것보다 실행이나 결과를 믿을 수 있다는 확실성에 초점이 있다.	受付時間に間に合うか不安なら、電話で確認するのが一番[確実だ/かくじつだ]。	접수 시간에 맞출 수 있을지 불안하다면 전화로 확인하는 것이 가장 [확실하다].	慣れない近道より、いつもの道を行くほうが[確実です/かくじつです]。	익숙하지 않은 지름길보다 늘 다니던 길로 가는 편이 [확실합니다].
JLPTN3_160	방법이나 절차가 간단하다	복잡한 절차나 많은 수고가 필요하지 않아요. 문제 자체의 난도가 낮다는 말과 겹치지만 방법의 간편함에도 잘 쓰여요.	易しい	문제를 풀기 쉬운 것뿐 아니라 조작이나 절차가 복잡하지 않다는 뜻으로 널리 쓴다.	この椅子の組み立ては[簡単で/かんたんで]、工具もいらない。	이 의자는 조립이 [간단해서] 공구도 필요 없다.	「設定って難しい？」「名前を入力するだけだから[簡単だ/かんたんだ]よ。」	“설정은 어려워?” “이름만 입력하면 되니까 [간단해].”
JLPTN3_161	구체적이다	막연한 생각 대신 실제로 무엇을 어떻게 할지 떠올릴 수 있게 해 줘요. 정보량만 많다는 뜻은 아니에요.	詳しい	정보의 양이나 세밀함보다 실제 사례나 실행 내용을 분명히 제시하는 데 초점이 있다.	「頑張ります」だけでなく、[具体的な/ぐたいてきな]目標を一つ書いてください。	“열심히 하겠습니다”뿐 아니라 [구체적인] 목표를 하나 써 주세요.	その案をどう実行するのか、数字を使って[具体的に/ぐたいてきに]話してもらえますか。	그 방안을 어떻게 실행할지 숫자를 사용해서 [구체적으로] 말해 주시겠어요?
JLPTN3_166	거짓이나 숨김이 없이 정직하다	자기에게 불리한 일도 감추지 않고 사실대로 말하는 태도예요. 말투가 공손한 것과는 달라요.	素直だ	남의 말을 받아들이는 순순함보다 거짓 없이 사실을 말하는 성실함에 초점이 있다.	花瓶を割ったのは自分だと、弟は[正直に/しょうじきに]話した。	꽃병을 깨뜨린 건 자신이라고 남동생이 [솔직하게] 말했다.	損をしても嘘をつかない。父はそういう[正直な/しょうじきな]人だった。	손해를 봐도 거짓말하지 않는다. 아버지는 그런 [정직한] 분이었다.
JLPTN3_168	오차나 틀림이 없이 정확하다	사실이나 수치에 맞아떨어지는지를 말해요. 내용이 풍부하거나 앞으로 확실히 일어날지를 말하는 것과 구별하세요.	確実だ	실현이나 신뢰의 확실성보다 사실, 수치, 동작이 기준과 어긋나지 않는다는 뜻이다.	時計が止まっていて、今の[正確な/せいかくな]時刻が分からない。	시계가 멈춰 있어서 지금의 [정확한] 시각을 모르겠다.	一ミリの違いでも合わなくなるので、板の長さを[正確に/せいかくに]測った。	1밀리미터만 달라도 맞지 않게 되므로 판자의 길이를 [정확하게] 쟀다.
JLPTN3_169	위생적으로 깨끗하다	보기 좋다는 뜻보다 때나 오염을 없애 위생을 유지한 상태예요.	きれいだ	아름답거나 정돈된 모습까지 포함하는 말보다 위생적인 깨끗함에 초점을 둔다.	傷に触れる前に、手を洗って[清潔に/せいけつに]してください。	상처를 만지기 전에 손을 씻어 [청결하게] 해 주세요.	古い食堂だが、調理台も床も[清潔だった/せいけつだった]。	오래된 식당이지만 조리대도 바닥도 [청결했다].
JLPTN3_171	할 일이 없거나 흥미가 없어 지루하다	시간을 채울 흥미로운 일이 없어 따분한 상태예요. 반복해서 싫증이 난 경우에만 쓰는 것은 아니에요.	飽きる	같은 경험을 반복한 결과가 아니어도, 할 일이나 흥미가 없어 따분한 상태를 나타낸다.	雨で外に出られず、子どもたちは[退屈そうだった/たいくつそうだった]。	비 때문에 밖에 나가지 못해 아이들은 [심심해 보였다].	待ち時間は長かったが、本があったので[退屈ではなかった/たいくつではなかった]。	대기 시간은 길었지만 책이 있어서 [지루하지 않았다].
JLPTN3_178	앞일이 걱정되어 마음이 놓이지 않다	결과나 안전을 확신하지 못해 마음이 놓이지 않아요. 특정 대상을 걱정하는 것뿐 아니라 막연한 불안에도 써요.	心配だ	특정 사람이나 일에 대한 걱정과 겹치지만 확신이 없어 마음이 안정되지 않는 상태 자체를 나타내기 좋다.	初めて一人で飛行機に乗るので、少し[不安です/ふあんです]。	처음으로 혼자 비행기를 타서 조금 [불안합니다].	検査の結果が出るまでの三日間は、[不安で/ふあんで]よく眠れなかった。	검사 결과가 나올 때까지 사흘 동안은 [불안해서] 잠을 잘 못 잤다.
JLPTN3_179	얽혀 있어 복잡하다	요소나 관계가 여러 갈래로 얽혀 있어 한눈에 파악하기 어려워요. 내 실력으로 어렵다는 것과는 달라요.	難しい	해결하기 어려운 이유가 실력 부족일 수도 있는 말과 달리 구조나 관계가 얽힌 상태를 나타낸다.	この駅は通路が[複雑で/ふくざつで]、出口を探すだけで疲れる。	이 역은 통로가 [복잡해서] 출구를 찾는 것만으로도 지친다.	図に描いてみると、[複雑だった/ふくざつだった]人間関係が少し整理できた。	그림으로 그려 보니 [복잡했던] 인간관계를 조금 정리할 수 있었다.
JLPTN3_182	행동을 시작하거나 뜻을 전하는 신호	말 대신 동작이나 소리로 다른 사람에게 타이밍이나 의도를 전하는 신호예요.	印	위치나 대상을 알아보게 하는 표시와 달리 누군가에게 행동할 때나 뜻을 전달한다.	先生が手を上げたら、それを[合図/あいず]に演奏を始めてください。	선생님이 손을 들면 그것을 [신호]로 연주를 시작해 주세요.	声を出せないので、目で「こっちだ」と[合図/あいず]を送った。	소리를 낼 수 없어서 눈으로 “이쪽이야” 하고 [신호]를 보냈다.
JLPTN3_186	거품	액체 속의 공기가 둥글게 모이거나 표면에 생긴 작은 방울들이에요. 액체 한 방울 자체와는 달라요.	水滴	액체 그 자체의 작은 방울이 아니라 기체를 둘러싼 막으로 이루어진 거품이다.	ビールを勢いよく注いだら、グラスが[泡/あわ]だらけになった。	맥주를 세차게 따랐더니 잔이 [거품]투성이가 되었다.	石けんの[泡/あわ]を流す前に、弟が手を顔に近づけた。	비누 [거품]을 씻어 내기 전에 남동생이 손을 얼굴 가까이 가져갔다.
JLPTN3_188	숨	들이마시고 내쉬는 공기나 그 움직임을 말해요. 바람처럼 주변을 흐르는 공기와 구별하세요.	呼吸	의학적이거나 동작 전체를 가리키는 표현보다 일상에서 한 번 내쉬는 숨과 관용적인 결합에 널리 쓴다.	ろうそくを消そうと、娘は大きく[息/いき]を吸った。	촛불을 끄려고 딸은 크게 [숨]을 들이마셨다.	走ってきたばかりで[息/いき]が切れている。話は少し待ってあげよう。	막 달려와서 [숨]이 차 있다. 이야기는 조금 기다려 주자.
JLPTN3_217	기분 좋은 향기	냄새 중에서도 꽃, 음식, 차처럼 기분 좋게 느끼는 향에 잘 쓰여요.	匂い	좋고 나쁨을 폭넓게 말할 수 있는 냄새보다 향긋한 인상을 담기 좋다.	ふたを開けた瞬間、ゆずの[香り/かおり]がふわっと広がった。	뚜껑을 연 순간 유자의 [향기]가 은은하게 퍼졌다.	この紅茶は砂糖を入れずに、[香り/かおり]を楽しんでください。	이 홍차는 설탕을 넣지 말고 [향]을 즐겨 주세요.
JLPTN3_492	여전히 예전과 다름없이	시간이 지났는데도 이전의 모습이나 버릇이 달라지지 않았음을 말해요. 앞으로도 계속하겠다는 뜻은 아니에요.	まだ	어떤 상태가 끝나지 않았다는 뜻보다 예전과 비교해 변함없다는 데 초점이 있다.	十年ぶりに会った先生は、[相変わらず/あいかわらず]冗談ばかり言っていた。	10년 만에 만난 선생님은 [여전히] 농담만 하셨다.	新しいベッドを買ったのに、猫は[相変わらず/あいかわらず]段ボールで寝ている。	새 침대를 샀는데도 고양이는 [변함없이] 골판지 상자에서 자고 있다.
JLPTN3_495	차츰, 점차	시간이 흐르면서 상태가 조금씩 바뀌어요. 비슷한 점진 표현과 겹치며 변화의 흐름을 보여 줘요.	徐々に	두 표현은 점진적인 변화에서 널리 겹친다. 이 표현은 시간이 지나며 상황이 달라지는 흐름을 말할 때 자연스럽고, 다른 표현은 천천히 진행되는 속도를 두드러지게 할 수 있다.	最初は聞き取れなかったラジオの会話が、[次第に/しだいに]分かるようになった。	처음에는 알아들을 수 없던 라디오 대화가 [점차] 이해되기 시작했다.	夕方になると風が[次第に/しだいに]弱まり、海も静かになった。	저녁이 되자 바람이 [차츰] 약해지고 바다도 조용해졌다.
JLPTN3_500	예상하지 못한 일이 갑자기	아무 예고 없이 일이 발생하는 순간을 떠올려 보세요. 변화가 빠르다는 점보다 뜻밖이라는 느낌에 초점을 둬요.	急に	빠른 변화에도 쓰이는 말과 겹치지만, 예고 없이 발생한 뜻밖의 사건을 두드러지게 표현한다.	誰もいないはずの部屋で、[突然/とつぜん]電話が鳴った。	아무도 없을 방에서 [갑자기] 전화가 울렸다.	別れの言葉を考えていたら、彼が[突然/とつぜん]「また来るね」と笑った。	작별 인사를 생각하고 있는데 그가 [불쑥] “또 올게” 하며 웃었다.
